law_id,law_name,law_number,law_year,article_number,article_label,binding_type,needs_executive_regulation,superseded_by,start_page,end_page,text,text_length
consumer_181_2018,قانون حماية المستهلك,181,2018,6,مادة 6,general,False,,2,3,"المعلِن: كل شخص يقوم باالعالن عن سلعة او خدمة او الترويج لها بذاته او بواسط ة غيره باستخدام اي وسيلة من الوسايل االعالمية او االعالنية، بما
في ذلك الوسايل الرقمية. ويُعدّ مُعلنًا، طالب االعالن والوسيط االعالني والوكالة االعالنية ووسيلة
االعالن، وذلك كله وفقا للمواصفات القياسية المصرية
الخاصة باشتراطات االعالن عن السلع والخدمات.

7
- العيب: كل نقص في قيمة او منفعة اي من المنتجات بحسب الغاية المقصودة
منها، ويودي بالضرورة الي حرمان المستهلك كليًا او جزييًا من االستفادة
بها فيما اعدت من اجله، بما في ذلك النقص الذي ينتج من خطا في مناولة السلعة او تخزينها، وذلك كله ما لم يكن المستهلك قد ت
سبب في وقوع هذا النقص.
8
- التعاقد عن بعد: عمليات عرض المنتجات او بيعها او شرايها باستخدام شبكة المعلومات الدولية (االنترنت)، او اي وسيلة من وسايل االتصال المريية
والمسموعة والمقروءة، او عن طريق الهاتف او اي وسيلة اخري.

9
- المسابقات: كل عمل يُعرض علي الجم
هور مباشرة او بواسطة وسيلة اعالمية او
اي وسيلة اخري، تحت اي مسمي، بما يبعث لدي الجمهور امل
قانون حماية المستهلك رقم181

لسنة2018

الحصول علي جوايز مالية او عينية مقابل تحملهم اعباءً مالية ايًا كانت قيمتها.

10
- السلوك الخادع: كل فعل او امتناع عن فعل من جانب المنتج او المعلن
يودي الي خلق انطباع غير حقيقي او مضلل لدي المستهلك، او يودي الي
وقوعه في خلط او غلط.

11
- الوزير المختص: رييس مجلس الوزراء.

2
حرية ممارسة النشاط االقتصادي مكفولة للجميع، ويحظر علي اي شخص ابرام اي
اتفاق او ممارسة اي نشاط يكون من شانه االخالل بحقوق المستهلك
،االساسية وعلي االخص:

1
- الحق في الصحة والسالمة عند استعماله العادي للمنتجات.

2
- الحق في الحصول علي جميع المعلومات والبيانات الصحيحة عن الخدمات او المنتجات التي يشتريها او يستخدمها او تقدم اليه.

3
- الحق في االختيار الحر لمنتجات تتوافر فيها شروط الجودة المطابقة للمواصفات وا لسعر العادل التنافسي الذي تحدده اليات السوق.",1706
consumer_181_2018,قانون حماية المستهلك,181,2018,4,مادة 4,general,False,,3,3,"الحق في الحفاظ علي الكرامة الشخصية واحترام العادات والتقاليد المجتمعية.

5
- الحق في المشاركة في الموسسات والمجالس واللجان التي يتصل عملها بحماية المستهلك.",155
consumer_181_2018,قانون حماية المستهلك,181,2018,6,مادة 6,mandatory,False,,3,4,"الحق في رفع الدعاوي القضايية عن كل ما من شانه اال
خالل بحقوق المستهلك او االضرار بها او تقييدها، وذلك باجراءات سريعة وميسرة.

7
- الحق في الحصول علي تعويض عادل عن االضرار التي تلحق بالمستهلك او بامواله جراء شراء المنتجات او استخدامها او تلقي الخدمات.
وذلك كله دون
االخالل بما تقضي به المعاهدات واالتفاقيات
الدولية النافذة في جمهورية مصر العربية.

*الباب الثاني*

*التزامات المورد والمعلن*

الفصل االول
*االلتزامات العامة*

3
يلتزم المورد بقواعد الصحة والسالمة ومعايير الجودة وضمانها للمستهلك في منتجاته وفقًا للمواصفات القياسية المصرية، او وفقًا للمواصفات الدولية
ا
لمعتمدة في مصر في حال عدم وجودها.

4
يلتزم المورد باعالم المستهلك بجميع البيانات الجوهرية عن المنتجات، وعلي
االخص مصدر المنتج وثمنه وصفاته وخصايصه االساسية، واي بيانات اخري
قانون حماية المستهلك رقم181

لسنة2018

تحددها الاليحة التنفيذية لهذا القانون بحسب طبيعة المنتج.

5
يلتزم المورد بان تكون جمي
ع االعالنات والبيانات والمعلومات والمستندات والفواتير وااليصاالت والعقود بما في ذلك المحررات والمستندات االلكترونية
وغير ذلك مما يصدر عنه في تعامله مع المستهلك، مدونًا باللغة العربية وبخط واضح تسهل قراءته. كما يلتزم بان يضع عليها البيانات التي من شانها تحد يد
شخصيته، وعلي االخص عنوانه وطرق االتصال به، وبيانات قيده في السجل الخاص بنشاطه، وعالمته التجارية ان وجدت.
ويجوز ان تكون تلك البيانات
مدونة بلغتين او اكثر علي ان تكون احداها باللغة العربية.

6
يلتزم المورد بان يضع علي السلع البيانات التي توجبها المواصفات ا
لقياسية المصرية او القانون او الاليحة التنفيذية لهذا القانون باللغة العربية بشكل
واضح تسهل قراءته، وذلك علي النحو الذي يتحقق به الغرض من تلك البيانات حسب طبيعة كل منتج وطريقة االعالن عنه او عرضه او التعاقد عليه.

ويلتزم مقدم الخدمة بان يحدد بطريقة واضحة بيا،نات الخدمة التي يقدمها ومميزاتها، وخصايصها، واماكن تقديمها ومواعيدها.

7
يلتزم المورد بان يعلن اسعار السلع او الخدمات التي يعرضها او يقدمها، بشكل
واضح علي ان يتضمن السعر ما يفرضه القانون من ضرايب او اي فرايض
مالية اخري، وذلك وفقًا للضوابط التي تحددها الالي حة التنفيذية لهذا القانون.

8
يُحظر حبس المنتجات االستراتيجية المعدة للبيع عن التداول باخفايها، او عدم
طرحها للبيع، او االمتناع عن بيعها، او باي صورة اخري.

ويصدر قرار من رييس مجلس الوزراء بتحديد المنتجات االستراتيجية لفترة زمنية
محددة وضوابط تداولها والجهة
المختصة بذلك، ويُنشر القرار في جريدتين
يوميتين واسعتي االنتشار. ويلتزم حايزو المنتجات االستراتيجية لغير االستعمال الشخصي باخطار الجهة المختصة بالسلع المخزنة ليهم وكمياتها.

9
يلتزم المورد او المعلن بتجنب اي سلوك خادع، وذلك متي انصب هذا السلوك علي اي عنصر من العناصر االتية:

1
- طبيعة السلعة او صفاتها الجوهرية او العناصر التي تتكون منها او كميتها.

2
- مصدر السلعة او وزنها او حجمها او طريقة صنعها او تاريخ انتاجها او تاريخ صالحيتها او شروط استعمالها او محاذيره.

3
- خصايص المنتج والنتايج المتوقعة من استخدامه.",2664
consumer_181_2018,قانون حماية المستهلك,181,2018,4,مادة 4,general,False,,4,4,"السعر او كيفية ادايه، ويدخل في ذلك اي مبالغ يتم اضافتها للسعر وعلي وجه الخصوص قيمة الضرايب المضافة.

5
- جهة انتاج السلعة او تقديم الخدمة.",138
consumer_181_2018,قانون حماية المستهلك,181,2018,6,مادة 6,mandatory,False,,4,8,"نوع الخدمة ومكان تقديمها ومحاذير استخدامها وصفاتها الجوهرية سوا ء
انصبت علي نوعيتها او الفوايد من استخدامها.

7
- ش
روط التعاقد واجراءاته، وخدمة ما بعد البيع، والضمان.

8
- الجوايز او الشهادات او عالمات الجودة التي حصل عليها المنتج او السلعة او الخدمة.
قانون حماية المستهلك رقم181

لسنة2018

9
- العالمات التجارية او البيانات او الشعارات.

10
- وجود تخفيضات علي السعر علي خالف الحقيقية.

11
- الكميات المتاحة من ال
منتجات.

ويجوز لاليحة التنفيذية لهذا القانون اضافة عناصر اخري.

10

يلتزم المورد بان يسلم المستهلك فاتورة تثبت التعامل او التعاقد معه علي
،المنتج، متضمنة بصفة خاصة رقم تسجيله الضريبي، وتاريخ التعامل او التعاقد
وثمن المنتج ومواصفاته، وطبيعته ونوعيته وكميته، واي بيانات اخري تحددها الاليحة التنفيذية لهذا القانون، وتبين الاليحة االحوال التي يُكتفي فيها
ببيان او اكثر مما ذكر.

11

( اذا لم يسلم المورد الفاتورة علي النحو المبين في المادة10
)من هذا القانون، يكون للمستهلك الحق في اثبات مواصفات المنتج وساير عناصر التعاقد
ب
جميع طرق االثبات.

12

يلتزم المورد في حالة االتفاق علي حجز منتج بان يسلم المستهلك ايصاالً يفيد الحجز، موضحًا به خصايص المنتج وصفاته واي بيانات جوهرية اخري تحددها
الاليحة التنفيذية لهذا القانون بحسب طبيعة المنتج والتعاقد
13

يحظر استيراد منتجات او انتاجها او تد اولها او االعالن عنها علي نحو يكون من شانه التمييز بين المواطنين او االساءة اليهم، او االخالل بقواعد النظام
العام او االداب العامة.

14

ال يجوز االعالن عن المسابقات باي وسيلة اال بعد اخطار الجهاز بالبيانات
التي تحددها الاليحة التنفيذية لهذا القانون قبل موعد
االعالن بثالثة ايام
علي
االقل وللجهاز ان يوقف المسابقة واي اعالنات في شانها اذا تبين له عدم
( جدية المسابقة، او انها خادعة، او كان االعالن عنها مخالفًا لنص المادة13
)
من هذا القانون.
( ويصدر قرار الوقف وفقا للقواعد واالجراءات المنصوص عليها في المادة57
)منه.

15

ال يجوز االعالن عن حجز وحدات عقارية، او التعاقد علي بيعها، او بيع االراضي المعدة للبناء، او تقسيمها، اال بعد الحصول علي ترخيص بالبناء وفقا
الحكام قانون البناء الصادر بالقانون رقم119

لسنة2008

وال يجوز ان يتضمن التعاقد اي شرط بتقاضي البايع او خلفه نسبة
او رسوما او
عمولة من ثمن
تصرف المشتري في الوحدة العقارية، او مقابل هذا التصرف. ويقع باطالً كل شرط يخالف ذلك.

16

يحظر علي الموردين التردد علي الوحدات السكنية لعرض المنتجات او بيعها دون طلب مسبق وصريح من المستهلك وفقا لالجراءات التي تحددها الاليحة
التنفيذية
لهذا القانون.
قانون حماية المستهلك رقم181

لسنة2018

17

،للمستهلك الحق في استبدال السلعة او اعادتها مع استرداد قيمتها النقدية
،دون ابداء اي اسباب ودون تحمل اي نفقات خالل اربعة عشر يومًا من تسلمها
،وذلك دون االخالل باي ضمانات او شروط قانونية او اتفاقية افضل للمستهلك وللجهاز ان يحدد مددا اقل بالنظ
ر الي طبيعة بعض السلع.
واستثناءً من احكام
الفقرة االولي من هذه المادة، ال يجوز للمستهلك مباشرة حق االستبدال او االعادة في االحوال االتية:

1
- اذا كانت طبيعة السلعة او خصايصها او طريقة تعبيتها او تغليفها تحول دون استبدالها او ردها، او يستحيل معه اعادتها الي الحالة التي كانت عليها
عند التعاقد.

2
- اذا كانت السلعة من السلع االستهالكية القابلة للتلف السريع.

3
- اذا لم تكن السلعة بذات الحالة التي كانت عليها وقت البيع لسبب يرجع الي المستهلك.

4 -
،اذا كانت من السلع التي تصنع بناء علي مواصفات خاصة حددها المستهلك وك
انت السلعة مطابقة لهذه المواصفات.

5
- الكتب والصحف والمجالت, والبرامج المعلوماتية وما يماثلها.
ويجوز لاليحة التنفيذية لهذا القانون اضافة حاالت اخري.

18

يلتزم المورد بوضع بيان يتضمن حقوق المستهلك في االستبدال واالسترجاع
المعتمدة من الجهاز، والمنصوص عليها في
هذا القانون واليحته التنفيذية في
مكان ظاهر داخل اماكن عرض المنتجات او بيعها. ويحظر علي المورد تعليق بيع المنتجات علي شرط مخالف للعرف التجاري، او شرط
بيع كمية معينة، او
ربط البيع بشراء منتجات اخري، او غير ذلك من الشروط.

19

يلتزم المورد خالل مدة اقصاها سبعة ا
يام من اكتشافه او علمه بوجود عيب في المنتج ان يبلغ الجهاز بهذا العيب وباضراره المحتملة.
فاذا كان من شان العيب
االضرار بصحة المستهلك او سالمته، التزم المورد بان يبلغ الجهاز بهذا العيب فور اكتشافه او علمه به، وان يعلن توقفه عن انتاج
،المنتج او التعامل عليه
و
ان يحذر المستهلكين من استخدامه بالنشر في وسايل االعالم المختلفة. ويلتزم المورد في اي من االحوال المشار اليها، باصالح العيب او باستبدال
المنتج او
استرجاعه مع رد قيمته دون اي تكلفة اضافية علي المستهلك. وال يتم استيناف االنتاج او التعامل علي المنتج من جانب ال
مورد اال بعد موافقة الجهاز.
وتحدد
الاليحة التنفيذية لهذا القانون االجراءات الالزمة لذلك.”

20

يضمن المورد جودة المنتج محل التعاقد وسالمته طوال فترة الضمان، كما يضمن توافر المواصفات التي تم التعاقد بناءً عليها.

21

للمستهلك الحق خالل ثالثين يومًا من تسلم السلعة في استبدالها او اعادتها مع استرداد قيمتها النقدية، اذا شابها عيب او كانت غير مطابقة للمواصفات او
للغرض الذي تم التعاقد عليها من اجله. ويلتزم المورد في هذه االحوال بناء علي طلب المستهلك باستبدال السلعة او
استردادها مع رد قيمتها دون اي تكلفة
اضافية علي المس تهلك، وكل ذلك دون االخالل باي ضمانات او شروط قانونية او اتفاقية افضل للمستهلك او ما يحدده
الجهاز من مدد اقل بالنظر الي طبيعة
السلعة. وتحدد الاليحة التنفيذية لهذا القانون االحكام واالجراءات الالزمة لذلك.
قانون حماية المستهلك رقم181

لسنة2018

22

يلتزم المورد بضمان السلع المعمرة ضد عيوب الصناعة لم
دة عامين علي االقل من
تاريخ استالم المستهلك للسلعة، وذلك مع عدم االخالل باي ضمانات او
شروط قانونية او اتفاقية افضل للمستهلك.

ويصدر رييس مجلس الوزراء بناءً علي عرض الوزير المختص بشيون الصناعة، قرارًا بتحديد السلع المعمرة وفقا للمعايير التي تحددها الاليحة ا
لتنفيذية لهذا
القانون. وفي حالة المنتجات التي تحتاج الي تركيب او تشغيل من جانب المورد تحسب مدة
الضمان من تاريخ التركيب او التشغيل الفعلي، بحد اقصي شهران
من تاريخ استالم المستهلك للمنتج، ويجب ان يسلم المورد الي المستهلك ايصاالً مبينًا به
تاريخ التشغيل الفعل
ي.

23

يشمل الضمان اعمال الكشف والفحص واالصالح وقطع الغيار االصلية باالضافة الي
تجمل نفقات انتقال الفنيين ونفقات نقل المنتج عند الحاجة الي االصالح
من مقر المستهلك الي مقر الشركة او مركز الصيانة واعادته الي مقر المستهلك بعد
االصالح، بما في ذلك نفقات التركيب و
التشغيل.
ويلتزم المورد خالل فترة
،الضمان باعالم المستهلك بفترات الصيانة الدورية وبان يسلم المستهلك ايصاالً موضحًا به ما تم من اعمال اصالح وصيانة، واذا لم
يقم المورد باصالح المنتج
التزم بان يستبدل بالسلعة اخري جديدة من ذات النوع والمواصفات، او رد قيمتها، وذ
لك كله وفقا للمدد واالحوال التي تحددها
الاليحة التنفيذية لهذا القانون.

24

يلتزم المورد اذا تكرر في السلعة العيب ذاته اكثر من مرتين خالل العام االول من تاريخ استالم المستهلك لها بما يوثر جوهريًا علي جودة االداء
الوظيفي
للسلعة بان يستبدل بها اخري جديدة من ذات النوع والمواصفات دون اي تكلفة علي المستهلك او استردادها مع رد قيمتها، ما لم يحدد الجهاز مدة اقل
من
المدة المشار اليها بالنظر الي طبيعة السلعة، وذلك طبقًا لما تحدده
الاليحة التنفيذية لهذا القانون.

25

يلتزم مورد الخدمة برد مقابل الخدمة او مقابل ما يجبر النقص فيها او اعادة تقديمها الي المستهلك في حالة وجود عيب او نقص بها وفقًا لطبيعتها وشروط
التعاقد عليها والعرف التجاري، او تنفيذ ما يقرره الجهاز عند الخالف.

26

يضمن مورد خدمات التشطيبات والصيانة والتركيبات المنزلية صالحية ما قام بتنفيذه من اعمال وما تم توريده من منتجات لمدة سنة علي االقل، ما لم يحدد
الجهاز مدة اقل بالنظر الي طبيعة االعمال او المنتجات، ويكون الضمان ثالث سنوات علي االقل اذا كان العيب راجعًا لغش او اهمال جسيم.
ويلتزم المورد عند
تحقق شروط المسيولية عن عدم الصالحية باعادة تقديم الخدمة او برد مقابلها ا
و ما يجبر النقص فيها، وباستبدال ما تم توريده من
،المنتجات او رد قيمتها
او تنفيذ ما يقرره الجهاز عند الخالف. ويلتزم مورد خدمات التشطيبات والصيانة والتركيبات المنزلية بان يسلم
المستهلك وقت التعاقد وقبل مباشرة االعمال
المتعاقد عليها، ايصاالً يثبت التعامل وموا
صفاته والتكلفة المتوقعة، واي بيانات اخري تحددها الاليحة
التنفيذية لهذا القانون.

وتبين الاليحة التنفيذية لهذا القانون االحوال التي يكتفي فيها ببيان او اكثر مما ذكر، وذلك بحسب طبيعة المنتج والعرف التجاري، فاذا لم يسلم المورد
االيصال
علي النحو المبين بالفقرة
السابقة، يكون للمستهلك اثبات ساير عناصر التعاقد بكل طرق االثبات.
قانون حماية المستهلك رقم181

لسنة2018

27

يكون المُنتج مسيوالً عن كل ضرر يلحقه المُنتج او يحدثه اذا ثبت ان الضرر نشا بسبب عيب في المنتج يرجع الي تصميمه او صنعه او تركيبه.
ويكون
المورد مسيوالً عن كل ضرر يلحقه او يحدثه المنتج يرجع ال
ي طريقة استعماله استعماالً خاطيًا اذا ثبت ان الضرر بسبب تقصير المورد في اتخاذ
الحيطة
الكافية لمنع وقوع الضرر او التنبيه الي احتمال وقوعه. ويكون الموزع او البايع مسيوالً عن كل ضرر يلحقه او يحدثه المنتج اذا ثبت ان
الضرر نشا بسبب
عيب يرجع الي طريقة اعداده لال
ستهالك او حفظه او تعبيته او تداوله او عرضه.وفي جميع االحوال تكون مسيولية الموردين تضامنية.

28

يقع باطالً كل شرط يرد في عقد او وثيقة او مستند او غير ذلك مما يتعلق بالتعاقد مع المستهلك، اذا كان من شانه خفض اي من التزامات المورد الواردة
بهذا القانون او اليحته
التنفيذية او اعفاوه منها.

29

يلتزم المورد الذي ابرم العقد بالحفاظ علي المعلومات والبيانات الخاصة بالمستهلك، واال يتداولها او يفشيها بما يخالف احكام هذا القانون او
القوانين المتعلقة
بهذا الشان، ما لم يثبت قبول المستهلك صراحة بذلك، كما يلتزم باتخاذ جميع االحت
ياطيات الضرورية للحفاظ علي سرية وخصوصية هذه البيانات والمعلومات.
وللنايب العام او من يفوضه من المحامين العموم علي االقل، سواء من تلقاء نفسه او بناءً علي طلب جهة رسمية او احد ذوي الشان، ان يامر باالطالع او
بالحصول علي اي بيانات او معلومات خاصة بالمستهلك اذا اقتضي ذلك كشف الحقيقة في جناية او جنحة قامت داليل جدية علي وقوعها.
وفي جميع
االحوال، للمحكمة المختصة االطالع علي تلك البيانات او المعلوماتبمناسبة نظر نزاع معروض عليها.

الفصل الثاني*

*احكام خاصة ببعض التعاقدات*

30

يلتزم المورد في حالة البيع بالتقسيط بتسليم المستهلك فاتورة او محررًا يشمل البيانات االتية:

1
- السعر االجمالي للبيع.

2
- ثمن البيع للمنتج نقدًا.

3
- العايد السنوي، ومجموع العايد المستحق عن فترة التقسيط.",9228
consumer_181_2018,قانون حماية المستهلك,181,2018,4,مادة 4,mandatory,False,,8,8,"المبلغ الذي يتعين علي المستهلك دفعه مقدمًا، ان وجد.

5
- الجهة المقدمة للمنتج بالتقسيط، ومدت
ه، وعدد االقساط، وقيمة كل قسط.",123
consumer_181_2018,قانون حماية المستهلك,181,2018,6,مادة 6,mandatory,False,,8,10,"حقوق والتزامات كل من المستهلك والمورد في حالة اخالل اي منهما بشروط االتفاق.

31

للمستهلك الحق في اي وقت في سداد كل االقساط قبل موعد استحقاقها، علي ان
يخفض من قيمة ما يتم سداده مقدار العايد المستحق عن باقي المدة، ما لم
يتفق علي غير ذلك.
قانون حماية المستهلك رقم181

لسنة2018

32

في حالة التعاقد بنظام اقتسام الوقت (التايم شير)، او المشاركة الجزيية في الملكية، يكون للمستهلك الحق في الرجوع في العقد خالل اربعة عشر يوما من
تاريخ توقيعه دون ابداء اسباب، ودون تحمل اي نفقات، وذلك دون االخالل بالقوانين او القرارات المنظمة له
ذه التعاقدات.
وتسري احكام هذا القانون علي
التعاقد بنظام الملكية الجزيية او اي انظمة اخري مشابهة لنظام اقتسام الوقت.

33

تلتزم مراكز الخدمة والصيانة بابالغ المستهلك ببيان باعمال الصيانةواالصالح الالزمة للمنتج، ومدة االصالح وتكلفته، ويجب عليها الح
صول علي موافق ته
الصريحة علي هذه االعمال قبل اجرايها. كما تلتزم باصدار فاتورة للمستهلك توضح بها ما تم من اعمال الصيانة وما تم
استبداله من اجزاء للمنتج محل
الخدمة. وتضمن المراكز المشار اليها سالمة المنتج في حدود خدمة االصالح وفقًا لطبيعة الخدمة وشروط التعاقد او الحدود ال
دنيا للضمان التي تحددها الاليحة
التنفيذية لهذا القانون. كما تلتزم عند تحقق شروط المسيولية عن سالمة االصالح اما برد ما حصلته من
مقابل للخدمة او باعادة تقديم الخدمة بغير اي تكلفة
،اضافية علي المستهلك وذلك ما لم يكن العيب قد نشا لسبب اجنبي او لخطا المستهلك.

34

يلتزم المورد بتوفير مراكز الخدمة والصيانة واالصالح وقطع الغيار االصلية او المعتمدة للسلع المستوردة او المنتجة محليًا.
ويلتزم المورد باخطار الجهاز
بمراكز الخدمة والصيانة المعتمدة، وباي تغيير
يطرا عليها علي النحو الذي تحدده الاليحة التنفيذية لهذا القانون. و يحدد مجلس ادارة الجهاز بقرار منه يصدر
بعد اخذ راي اتحادات االعمال المعنية، مدة تنفيذ االلتزام الوارد بالفقرة االولي من هذه المادة والسلع التي تعفي منه بسبب طبيعتها او بسبب العادات التجارية.

35

في حالة بيع السلع المستعملة، يلتزم المورد بان يبين للمستهلك حالة السلعة
وما بها من عيوب، وذلك علي النحو الذي تبينه الاليحة التنفيذية لهذا القانون.
وفي حالة بيع المركبات المستعملة، يلتزم المورد بان يقدم الي المستهلك تقريرًا فنيًا بحالة المركبة وما بها من عيوب صادرًا من مركز خدمة مرخص له
بمزاولة
هذا النشاط، ما لم يتفق عل
ي خالف ذلك. وتكون مسيولية المورد ومركز الخدمة مصدر التقرير تضامنية اذا ثبت تعمد اي
منهما اخفاء بيانات جوهرية توثر
،علي ثمن الشراء او علي اتمام عملية البيع او كان عدم تضمن تقرير الفحص تلك البيانات راجعًا الي اهمال جسيم من جانب اي منهما.

الفصل الثالث
التعاق
د عن بعد
36

ال تسري احكام هذا الفصل علي العقود المبرمة بين المستهلك والمورد او المعلن بحسب االحوال، في الحالتين االتيتين:

1
- الخدمات المصرفية والمالية والخدمات المرتبطة بالتداول في سوق راس المال.

2
- التعاقد لالشتراك في الصحف وغيرها من المطبوعات الدورية.

و
يجوز لاليحة التنفيذية لهذا القانون اضافة حاالت اخري تستثني من تطبيق احكام هذا الفصل.

37

،يلتزم المورد قبل ابرام العقد عن بعد بان يمد المستهلك بشكل جلي وصريح بالمعلومات والبيانات التي تمكنه من اتخاذ قراره بالتعاقد، وعلي االخص ما ياتي:
قانون حماية المستهلك رقم181

لسنة2018

1
- بيانات المورد، وتشم
ل االسم والعنوان ورقم الهاتف والبريد االلكتروني ان وجد، ورقم السجل التجاري والبطاقة الضريبية، وما اذا كان المورد منتميًا
لمهنة
منظمة قانونًا، وصفته المهنية واسم الهيية او التنظيم المهني المسجل او المقيد فيه، باالضافة الي اي معلومات تتيح التعرف علي المصنع ا
و
المستورد
بحسب االحوال.

2
-
،بيانات المنتج محل العرض، بما فيها مصدره وصفاته وخصايصه الجوهرية وكيفية استعماله، والمخاطر التي قد تنتج عن هذا االستعمال ان وجدت.

3
- ثمن المنتج وجميع المبالغ التي قد تضاف الي الثمن، وعلي االخص الرسوم والضرايب ومصاريف الشحن.",3402
consumer_181_2018,قانون حماية المستهلك,181,2018,4,مادة 4,general,False,,10,10,"مدة العرض.

5
- الضمان الذي يقدمه المورد.",41
consumer_181_2018,قانون حماية المستهلك,181,2018,6,مادة 6,mandatory,False,,10,11,"الخدمات التي يقدمها بعد التعاقد ان وجدت.

7
-
مدة العرض الذي يتناول خدمات تقدم بشكل دوري.

8
- تاريخ التسليم ومكانه، والمصاريف المستحقة عند التسليم.

9
- احكام الرجوع في العقد، وخاصة المدة التي يجوز خاللها للمسته
لك الرجوع فيه.

10
-
بيانات مركز الصيانة واسلوب اجراء الصيانة للسلع التي حددها هذا القانون.

11
- بيانات التعاقد التي سترسل الي المستهلك في حالة اتمام عملية التعاقد.
واي بيانات اخري تكفل حقوق المستهلك وتحددها الاليحة التنفيذية لهذا
القانون.

38

اذا ابدي المستهلك قبوله للتعاقد عن بعد، وجب ان يتم تاكيد موافقته، وان يتاح له الحق في تصحيح طلبه او تعديله خالل سبعة ايام عمل من القبول، ما لم
يتفق الطرفان علي مدة اطول، وذلك في االحوال وبالكيفية التي تبينها الاليحة
التنفيذية لهذا القانون.
وفي غير االحوال المستثناة التي يصدر بها قرار من
مجلس ادارة الجهاز بحسب طبيعة التعاقد او العادات التجارية المعمول بها، يتعين علي المورد ان يرسل
الي المستهلك اخطارا كتابيا فور التعاقد متضمنا بيانات
العرض المشار اليها
( في المادة37
)
من هذا القانون، وساير شروط التعاقد، ويجوز
ارسال هذا
االخطار بالبريد االلكتروني او باي وسيط الكتروني اخر قابل
،للحفظ والتخزين وال يجوز ان يشتمل االخطار علي بيانات مغايرة لتلك التي تضمنها عرض المورد.

39

يلتزم المورد في التعاقد عن بعد، وفيما لم يرد في شانه نص خاص في هذا
الفصل، بجميع احكام هذا القانون.

40

مع عدم االخالل باي ضمانات او شروط قانونية او اتفاقية افضل للمستهلك، يحق للمستهلك الذي يتعاقد عن بعد الرجوع في العقد خالل اربعة عشر يوما من
استالمه السلعة. وفي هذه الحالة يلتزم المورد برد المبلغ المدفوع من المستهلك بذات طريقة دفعه، ما لم يتفق علي طريقة ا خري للرد، وذلك خالل مدة ال تجاوز
قانون حماية المستهلك رقم181

لسنة2018

سبعة ايام من تاريخ اعادة المنتج بالنسبة للسلع، او من تاريخ التعاقد بالنسبة
للخدمات، ويتحمل المستهلك نفقات الشحن واعادة المنتج، ما لم ينص العقد
علي غير ذلك.

واذا تاخر المورد في تسليم المنتج عن التاريخ المتفق عليه، او لم يسلم
ه خالل ثالثين يومًا اذا لم يكن قد اتفق علي تاريخ التسليم، يكون للمستهلك
الرجوع
في التعاقد، دون اي نفقات، خالل اربعة عشر يومًا من تاريخ التاخر او من تاريخ االستالم ايهما اطول علي ان يخطر المورد بذلك، وفي هذه الحالة
يلتزم
المورد برد المبلغ المدفوع من المستهل
ك فور اخطاره بالرجوع عن التعاقد وفقًا للكيفية والمدد المنصوص عليهما في الفقرتين السابقتين بحسب
االحوال، ويتحمل
المورد جميع نفقات اعادة الشحن ومصاريف التسليم.
وذلك كله وفقًا لالجراءات التي تحددها الاليحة التنفيذية لهذا القانون.

41

يسقط حق المستهلك في العدول( عن التعاقد المنصوص عليه في المادة
40
)من هذا القانون في الحاالت االتية:

1
- اذا انتفع كليًا بالخدمة قبل انقضاء المهلة المقررة للحق في العدول.

2
- اذا كان االتفاق يتناول سلعًا صنعت بناء علي طلبه، او وفقًا لمواصفات حددها.

3
- اذا كان االتفاق يتناول اشرطة في
ديو او اسطوانات او اقراصًا مدمجة او برامج معلوماتية او مطبوعات ازال المستهلك غالفها.",2648
consumer_181_2018,قانون حماية المستهلك,181,2018,4,مادة 4,general,False,,11,12,"اذا حدث عيب في السلعة نتيجة سوء حيازتها من قبل المستهلك.

5
- في االحوال التي يعد فيها طلب العدول متعارضا مع طبيعة المنتج، او
يخالف العرف التجاري، او يعد تعسفا من جانب
المستهلك في ممارسة الحق في
العدول، وذلك كله علي النحو الذي تحدده الاليحة التنفيذية لهذا القانون.

*الباب الثالث*

*جهاز حماية المستهلك*

42

جهاز حماية المستهلك هو الجهاز المختص بتطبيق احكام هذا القانون، ويتمتع
،بالشخصية االعتبارية العامة، ويتبع الوزير المختص
ومقره الرييسي مدينة
القاهرة، وله ان ينشي فروعًا بجميع المحافظات، وتجوز له االستعانة بجمعيات حماية المستهلك في المحافظات في ممارسة اختصاصاته.

43

يهدف الجهاز الي حماية المستهلك وصون مصالحه، وله في سبيل تحقيق كل ذلك ما ياتي:

1
- وضع الخطط وبرامج العمل لحماية ح،قوق المستهلك، وتعزيزها وتنميتها ووسايل تحقيق كل ذلك.

2
- نشر ثقافة حماية المستهلك، واتاحتها للمواطنين.

3
- تلقي الشكاوي والبالغات بجميع انواعها في مجال حماية المستهلك من المستهلكين والجمعيات، والتحقيق فيها، وتحدد الاليحة التنفيذية لهذا
القانون
المدة الالز
مة للرد علي الشكوي طبقًا للمجموعات السلعية المختلفة بحد اقصي ثالثون يومًا.
قانون حماية المستهلك رقم181

لسنة2018",1059
consumer_181_2018,قانون حماية المستهلك,181,2018,4,مادة 4,general,False,,12,12,"التنسيق مع اجهزة الدولة المختلفة لتطبيق احكام هذا القانون وعلي االخص جهاز حماية المنافسة ومنع الممارسات االحتكارية، وتلتزم هذه االجهزة بتقديم
البيانات والمشورة الفنية التي يطلبه
ا الجهاز وذلك فيما يتعلق بالموضوعات المتصلة باحكام هذا القانون، وبما ال يخل بالقوانين االخري، وذلك علي النحو
الذي
تحدده الاليحة التنفيذية لهذا القانون.

5
-
دراسة االقتراحات والتوصيات التي ترد الي الجهاز فيما يتصل بحقوق المستهلك، واعداد البحوث والدراسات الخ
اصة بها.",444
consumer_181_2018,قانون حماية المستهلك,181,2018,6,مادة 6,general,False,,12,12,"التنسيق والتعاون وتقديم الدعم الفني مع االدارات والقطاعات المعنية بشكاوي المستهلكين والمستخدمين والمواطنين والعمالء في الهييات والمصالح
واالجهزة والوزارات المختلفة، وتبادل الدراسات والبحوث ذات الصلة بمجال
تطبيق احكام هذا القانون.

7
- دعم انشطة الجمعيات االهلية المختصة بحماية المستهلك فنيًا وقانونيًا.

8
- التعاون مع االجهزة الرقابية في ضبط االسواق، والتصدي الي مخالفة
الحكام هذا القانون.

9
- وضع برامج تدريبية لتاهيل المعنيين بمجال حماية المستهلك.

10
- تعزيز التعاون في مجال حماية المستهلك في الداخ
ل والخارج واتخاذ
االجراءات االستباقية واالنذار المبكر للكشف عن اي ضرر محتمل قد يصيب
المستهلك.

11
- ابداء الراي في التشريعات والسياسات والقرارات التي من شانها المساس
،بحقوق المستهلكين وذلك من تلقاء ذاته او بناءً علي طلب الجهات المعنية
وتلتزم الجهات المعنية
باخذ راي الجهاز في مشروعات القوانين واللوايح المتعلقة بحقوق المستهلك.

12
- اقامة الدعاوي المدنية التي تتعلق بمصالح جموع المستهلكين، او التدخل فيها، وفقًا الحكام القوانين المنظمة لمباشرة اجراءات التقاضي امام المحاكم.

44

تتكون موارد الجهاز مما ياتي:

1
- االعت
مادات التي تخصص له في الموازنة العامة للدولة.

2
- الهبات والمنح واالعانات التي يقبلها وفقا للقانون وبما ال يتعارض مع اهدافه.

3
- ما تخصصه الدولة للجهاز من الهبات والمنح واالعانات الدولية الموجهة الي مجاالت حقوق المستهلك.

4 -
( ما يعادل25%
)من الحصيلة النقد ية للمصالحات في قضايا مخالفة هذا القانون.

5
-
حصيلة الرسوم المقررة بمقتضي هذا القانون.",1370
consumer_181_2018,قانون حماية المستهلك,181,2018,6,مادة 6,optional,True,,12,14,"مقابل اداء االعمال والدراسات والخدمات التي يوديها مع مراعاة حكم
( المادة
45
)
من هذا القانون.

45

،يكون للجهاز موازنة سنوية مستقلة، تبدا مع بداية السنة المالية للدولة وت
نتهي بنهايتها، ويوول الفايض من موارده الي الخزانة العامة للدولة.
ومع مراعاة
قانون حماية المستهلك رقم181

لسنة2018

( نص المادة53
)من هذا القانون، ال يجوز ان يتقاضي الجهاز مقابال عن الشكاوي التي يتلقاها من المستهلكين وال عما يتخذه من اجراءات
حيالها، وال يجوز
للعاملين بالجهاز الحصول علي حوافز او
مكافات من حصيلة الغرامات او حصيلة الهبات والمنح التي يحصل عليها الجهاز.

46

يعين رييس الجهاز بقرار من رييس الجمهورية او من يفوضه بناء علي عرض الوزير المختص، يتضمن تحديد مرتبه وبدالته.
،ويكون للجهاز مجلس ادارة
يشكل برياسة رييس الجهاز، وعضوية كل من:

نايب متفرغ لرييس الجهاز من ذوي الخبرة.

احد نواب رييس مجلس الدولة، يختاره رييس المجلس.

ممثل للوزارة المختصة بالتجارة الخارجية، يختاره وزيرها.

ممثل للوزارة المختصة بالتموين والتجارة الداخلية، يختاره وزيرها.

ممثل للوزارة المختصة بالمالية، يختاره وزيرها.

ممثل للوزارة ال
مختصة بالصناعة، يختاره وزيرها.

ممثل لالدارة العامة لشرطة التموين والتجارة الداخلية، يختاره وزير الداخلية.

ممثل للهيية القومية لسالمة الغذاء، يختاره رييس الهيية.

عضو عن كل من جمعيات صعيد مصر، وجمعيات القاهرة الكبري، وجمعيات الوجه البحري، وجمعيات القناة والب
حر االحمر ومحافظتي سيناء، وذلك كله وفقا
لالجراءات التي تحددها الاليحة التنفيذية لهذا القانون.

ممثل لالتحاد النوعي لحماية المستهلك، يختاره مجلس ادارته.

ممثل لالتحاد التعاوني االستهالكي المركزي يختاره مجلس ادارته.

ممثل لالتحاد العام للغرف التجارية وممثل التح
اد الصناعات المصرية، يختار كال منهما مجلس ادارة االتحاد.

وتكون مدة المجلس اربع سنوات قابلة للتجديد لمدة واحدة، ويصدر بتشكيل المجلس وتحديد المعاملة المالية لنايب رييس الجهاز واعضاء مجلس االدارة
قرار
من الوزير المختص.

47

مجلس ادارة الجهاز هو السلطة العليا الم
هيمنة علي شيونه، وله ان يتخذ ما يراه من القرارات لتحقيق اهدافه، ويباشر اختصاصاته علي الوجه المبين في هذا
القانون، وله علي وجه الخصوص ما ياتي:

1
- وضع لوايح تنظيم العمل به وتنظيم امانته الفنية وشيونه المالية
واالدارية وذلك دون التقيد بالنظم الحكومية، وتصدر
هذه اللوايح بقرار من الوزير
قانون حماية المستهلك رقم181

لسنة2018

المختص.

2
-
قبول الهبات والمنح واالعانات والتبرعات التي تقدم للجهاز وفقا للقانون وبما ال يتعارض مع اختصاصاته.

3
- الموافقة علي مشروع الموازنة السنوية والحساب الختامي للجهاز.",2268
consumer_181_2018,قانون حماية المستهلك,181,2018,4,مادة 4,mandatory,False,,14,17,"اقتراح اسماء العاملين بالجهاز المطلوب منحهم صفة ال
ضبطية القضايية
الالزمة لتطبيق احكام هذا القانون.

5
- النظر في التقارير التي يقدمها رييس الجهاز عن سير العمل به، وما يتطلبه العمل من قرارات واجراءات.

48

يجتمع مجلس االدارة بدعوة من رييسه مرة علي االقل كل شهر، وكلما دعت الحاجة لذلك، وتجوز دعوة المجلس لالنعقاد
بناء علي طلب ثلثي اعضايه، وتكون
،اجتماعاته صحيحة بحضور عشرة اعضاء وتصدر قراراته باغلبية اصوات الحاضرين واذا تساوت االصوات يرجح الجانب الذي منه الرييس. وتكون قرارات
المجلس نافذة دون الحاجة الي اعتماد او تصديق، وللمجلس ان يدعو الي حضور جلساته من يري االستعا
نة بهم من ذوي الخبرة دون ان يكون لهم
صوت
معدود في التصويت. وال يجوز لرييس المجلس او الي عضو من اعضايه االشتراك في المداوالت او
التصويت في اي حالة تعرض علي المجلس يكون له او
لمن يمثله مصلحة فيها، او
خصومة بينه وبين احد اطرافها، او احد اقربايه حتي الدرجة الر ابعة، او يكون قد مثل او يمثل احد االطراف المعنية.
وتنظم الاليحة
التنفيذية لهذا القانون االجراءات الالزمة في حالة وجود تعارض في المصالح.

49

يكون للجهاز مدير تنفيذي متفرغ، يصدر بتعيينه وبتحديد معاملته المالية قرار من الوزير المختص بناءً علي ترشيح مجلس ادارة ا
لجهاز، وتحدد الاليحة
،التنفيذية لهذا القانون اختصاصاته، وتكون مدة تعيينه سنتين قابلة للتجديد ويحضر المدير التنفيذي اجتماعات مجلس االدارة دون ان يكون له صوت معدود
50

يمثل رييس مجلس االدارة الجهاز امام القضاء وفي صالته بالغير، ويتولي تنفيذ قرارات المجل
س وتصري ف شيون الجهاز وتطوير نظم العمل به، وله تفويض
نايبه او المدير التنفيذي او من يراه في بعض اختصاصاته، وعند غيابه او خلو منصبه يحل محله نايب الرييس بصفة موقتة
51

يكون للعاملين بالجهاز وغيرهم من العاملين المدنيين بالدولة الذين يصدر بتحديدهم قرار من وزير العدل بن
اء علي اقتراح مجلس ادارة الجهاز صفة
الضبطية
القضايية في تطبيق احكام هذا القانون وقانون قمع التدليس والغش رقم 48

لسنة1941

والمرسوم بقانون رقم95

لسنة1945
الخاص بشيون التموين.
ويكون لماموري الضبط القضايي الحق في االطالع لدي اي جهة حكومية او غير
حكومية علي جميع الدفاتر والمستندات والحصول علي جميع المعلومات
والبيانات الالزمة لفحص الحاالت المعروضة علي الجهاز. ويكون لهم لهذا الغرض دخول جميع االماكن المخصصة للبيع او المودع بها
المنتجات الخاضعة
،الحكام هذا القانون، ولهم اخذ عينات من تلك المنتجات وفحصها وتحليلها ف
ي المعامل التي تحددها اللوايح والقرارات الصادرة تنفيذًا
الحكام هذا القانون، ووفقا
لالجراءات المقررة بها.

52

في االحوال التي ينشا فيها خالف بين المورد والمستهلك والمعلن حول تطبيق احكام هذا القانون، او في حق المستهلك في استبدال السلعة، او رد قيمتها في
قانون حماية المستهلك رقم181

لسنة2018

االحوال المنصوص عليها في هذا القانون، يحال االمر الي الجهاز ليصدر قرارًا ملزمًا في هذا الشان.
وللجهاز ان يصدر قرارًا باستبدال السلعة، او برد قيمتها
بسعر شرايها من تاريخ تقديم المستهلك الشكوي مضافًا اليه العايد المقرر وفقًا للسعر المعلن من البنك المركزي، او برد ال قيمة السوقية للسلعة، وذلك كله وفقًا
للضوابط
واالجراءات التي تحددها الاليحة التنفيذية لهذا القانون. ولمجلس ادارة الجهاز ان يشكل لجانًا تتولي فحص المنازعات التي تقع بين
المستهلكين وبين
الموردين او المعلنين والناتجة عن تطبيق احكام هذا
القانون، وتصدر التوصيات
الالزمة في شانها للجهاز، وللجنة ان تستعين في
اداء عملها بمن تري
االستعانة بهم دون ان يكون لهم صوت معدود عند التصويت.

53

للجهاز الحق في توجيه اطراف الشكوي لفحص المنتج محل الشكوي فنيًا باحد المعامل او الهييات المعتمدة عند الحاجة لذلك، ويحدد الجهاز الطرف المتح
مل
لمصروفات الفحص الفني او المعاينات
54

يلتزم المورد والمعلن بموافاة الجهاز بما يطلبه من البيانات او االوراق او المستندات الالزمة لممارسة اختصاصاته، وذلك خالل المواعيد التي تحددها
الاليحة
التنفيذية لهذا القانون.

55

يحظر علي العاملين بالجهاز االفصاح عن المعلو
مات او افشاء البيانات ومصادرها المتعلقة بالحاالت الخاصة بتطبيق احكام هذا القانون، والتي يتم
تقديمها او
تداولها اثناء فحص هذه الحاالت واتخاذ االجراءات واصدار القرارات الخاصة بها. وال يجوز استخدام هذه المعلومات وتلك البيانات ومصادرها لغير االغراض التي
قدمت م
ن اجلها، كما يحظر علي العاملين بالجهاز القيام باي عمل لدي االشخاص الخاضعين للفحص لمدة عامين من تاريخ الفحص.

56

علي الجهاز عند ثبوت مخالفة احكام هذا القانون الزام المخالف بتعديل اوضاعه وازالة المخالفة خالل فترة زمنية يحددها مجلس ادارته، وذلك دون االخالل
باحك
ام المسيولية الناشية عن هذه المخالفات. واذا ترتب علي المخالفة او كان من شانها وقوع اي ضرر بصحة المستهلك او
سالمته، يكون لمجلس ادارة
الجهاز وفقا للقواعد التي تبينها الاليحة التنفيذية لهذا القانون اصدار قرار بوقف تقديم الخدمة، او التحفظ علي السلع محل المخالف ة الي حين انتهاء
التحقيقات او قرار قضايي او صدور حكم في شانها، ويجب ان يتخذ الجهاز التدابير الالزمة العالم المستهلكين بالمخالفة.

57

( في احوال مخالفة المادتين9
)
(و14
) من هذا القانون، للجهاز ان يطلب من
،المورد والمعلن تصحيح او تعديل االعالن الخادع او المضلل
فاذا امتنع عن
اجراء التصحيح خالل ثالثة ايام من تاريخ الطلب، او كان محل االعالن منتجًا
يشكل ضررًا علي صحة المستهلك وسالمته، او كان االعالن مخالفًا الحكام
المادة (
13
) من هذا القانون، كان للجهاز ان يتخذ االجراءات الكفيلة بوقف االعالن
موقتا لمدة ال تجاوز سبعة ايام، وعليه في هذه الحالة ان يحرر محضرًا
يثبت فيه ما تم من اجراءات ومبرراتها ويعرضه علي النيابة العامة المختصة، وذلك خالل ثمان واربعين ساعة من تاريخ وقف االعالن.
وعلي النيابة عرض
المحضر علي محكمة الجنح المستانفة المختصة منعقدة في غرفة
المشورة خالل اربع وعشر
ين ساعة مشفوعا بمذكرة برايها، وتصدر المحكمة قرارًا
وقتيًا في
شان المحضر، في مدة ال تجاوز اثنتين وسبعين ساعة من تاريخ عرضه عليها، اما بتاييد ما تم من اجراءات لوقف االعالن، او بالغايها، وتفصل
المحكمة في
قانون حماية المستهلك رقم181

لسنة2018

مدي استمرار العمل باالجراءات الصادرة من الجهاز بوقف اال
عالن كلما رات وجها لتاجيل نظر المحضر.
فاذا لم يعرض الجهاز المحضر المشار اليه في الفقرة
السابقة في الموعد المحدد يعد قراره بوقف االعالن كان لم يكن. ويسقط االمر الوقتي الصادر من المحكمة في المحضر بصدور امر من النيابة
العامة باال وجه
القامة الدعوي الجنايية، ا
و بصدور حكم نهايي بالبراءة.

58

مع مراعاة ما ورد في شانه نص خاص في هذا القانون، تكون القرارات التي يصدرها الجهاز تطبيقًا الحكام هذا القانون نهايية ويكون الطعن عليها امام
محكمة
القضاء االداري. ويُستثني الطعن علي القرارات المشار اليها من تطبيق احكام القانون رق م7

لسنة2000

بانشاء لجان التوفيق في بعض المنازعات التي تكون
الوزارات واالشخاص االعتبارية العامة طرفًا فيها.

59

يجوز لمجلس ادارة الجهاز، بناء علي موافقة اغلبية اعضايه، التصالح مع المتهم في الجرايم المنصوص عليها في هذا القانون، ما لم ينتج عنها اية
اصابات
او
حاالت وفاة للمستهلكين، وبشرط ازالة اسباب المخالفة، وذلك علي النحو االتي:

1
- يجوز التصالح قبل احالة الدعوي الجنايية الي المحكمة المختصة مقابل اداء مبلغ ال يقل عن الحد االدني وال يجاوز ثلث الحد االقصي للغرامة المقررة.

2
- يجوز التصالح بعد احالة الدعوي الجنا
يية الي المحكمة المختصة وحتي صدور
حكم نهايي فيها مقابل اداء مبلغ ال يقل عن ثالثة امثال الحد االدني
للغرامة المقررة، وال يجاوز نصف حدها االقصي. ويترتب علي التصالح انقضاء الدعوي الجنايية.

60

يلتزم الجهاز بوضع برنامج يسمي“صديق المستهلك ”
يشترك فيه المورد بناء
علي
طلبه، ويمنح شهادة تسمي“شهادة صديق المستهلك ”
عن سنة واحدة
سابقة لتقديم الطلب شريطة التزامه باحكام هذا القانون واليحته التنفيذية. وللجهاز الحق في سحب هذه الشهادة فور علمه بثبوت اخالل المورد باي شرط من
شروط منحها.
وتحدد الاليحة التنفيذية لهذا القانون شرو
ط وضوابط منح هذه الشهادة، ورسوم
اصدارها بما يتناسب مع حجم وطبيعة نشاط المنشاة محل
التقييم وبما ال يجاوز عشرين الف جنيه عن كل وحدة بيع خاصة بالمورد.

61

لذوي الشان من اطراف الشكوي الحصول علي شهادة رسمية بما انتهت اليه اجراءات
الشكوي، وكذا صور التقارير الفنية ذات الصلة، وتحدد الاليحة التنفيذية
لهذا القانون ضوابط استخراج تلك الشهادة ورسوم اصدارها بما ال يجاوز مايتي جنيه.

الباب الرابع*

*الجمعيات االهلية المعنية بحماية المستهلك*

62

مع عدم االخالل باختصاص الجمعيات التي تنشا او التي يكون من اغراضها او
اهدافها حماية
المستهلك طبقا الحكام قانون الجمعيات، يكون للجمعيات
االختصاصات التالية بالتعاون مع الجهاز:

1
- اقامة الدعاوي نيابة عن جموع المستهلكين، او التدخل فيها وفقًا لالجراءات المقررة في قوانين مباشرة التقاضي.
قانون حماية المستهلك رقم181

لسنة2018

2
-
اجراء مسح ومقارنة السعار المنتجات وجودتها والتاكد من
صحة البيانات الخاصة بها، ورصد التزام الموردين بالسعر المعلن، ومتابعة ما يصدر من
الموردين والمعلنين من اعالنات وابالغ االجهزة المعنية بما يقع من مخالفات في هذا الشان.

3
-
تقديم معلومات للجهات الحكومية المختصة عن المشاكل المتعلقة بحقوق المستهلكين ومصالحهم وت
قديم مقترحات عالجها.",7941
consumer_181_2018,قانون حماية المستهلك,181,2018,4,مادة 4,general,False,,17,17,"تلقي شكاوي المستهلكين والتحقق منها والعمل لدي الجهاز علي ازالة اسبابها.

5
- معاونة المستهلكين الذين وقع عليهم ضرر جراء استخدام سلعة او شرايها او
تلقي خدمة في تقديم الشكاوي للجهات المختصة، واتخاذ االجراءات
القانونية الالزمة لحماية ح
قوقهم ومصالحهم.",248
consumer_181_2018,قانون حماية المستهلك,181,2018,6,مادة 6,penalty,False,,17,19,"االسهام في نشر ثقافة حقوق المستهلك وتوعية المواطنين بحقوقهم وانشاء قواعد للبيانات الالزمة الداء هذه الجمعيات الختصاصاتها.

7
- تقديم االستشارات للمستهلكين بشان حماية المستهلك، وانشاء المراكز الخاصة بذلك في مختلف المدن والمحافظات. ويحظر ع لي جمعيات حماية
المستهلك واالتحاد النوعي لهذه الجمعيات تلقي المنح او الهبات او التبرعات من الموردين او المعلنين.

*الباب الخامس*

*العقوبات*

63

مع عدم االخالل باية عقوبة اشد من المنصوص عليها في اي قانون اخر ودون االخالل بالحق في التعويض، يعاقب علي االفعال ال
مبينة في المواد التالية
بالعقوبات المنصوص عليها فيها.

64

يعاقب بغرامة ال تقل عن عشرة االف جنيه وال تجاوز خمسماية الف جنيه او مثل قيمة المنتج محل المخالفة ايهما اكبر، كل مورد خالف احكام اي من المواد:
(
3
،4،
5
،6،
7
،
12
,
14,
16,
18
’
21
,
35
,
38
, 40
/
فقرة اولي،وثانية55
،
56/
،فقرة اولي
62
/
فقرة اخيرة) من هذا القانون.
ويعاقب بذات
( العقوبة كل من خالف القرارات الصادرة نفاذًا لحكم المادة33
/ فقرة اولي) من هذا القانون، وللمحكمة ان تحكم بغلق مركز الخدمة والصيانة
المخالف لمدة ال
تجاوز ستة اشهر
65

يعاقب بغرامة ال تقل عن ثالثين الف جنيه وال تجاوز مليون جنيه او مثلي قيمة
(:المنتج محل المخالفة ايهما اكبر، كل مورد خالف احكام اي من المواد10
،
20
،
22
،
24،
25
،
26,
29
,
30
,
31
,
33
/
،فقرة ثانية وثالثة
40
/ فقرة ثالثة
من هذا القانون.

66

يعاقب بغرامة ال تقل عن خمسين الف جنيه وال تجاو
ز مليوني جنيه، او مثلي قيمة المنتج محل المخالفة ايهما اكبر، كل مورد خالف احكام اي من المواد: (
9
،
13
،
15
/
،فقرة اولي32
,
34,
56/
فقرة ثانية) من هذا القانون.

67

يعاقب بغرامة ال تقل عن عشرين الف جنيه وال تجاوز خمسماية الف جنيه، كل من ارتكب ايًا من االفعال االتي
ة:
قانون حماية المستهلك رقم181

لسنة2018

1
-
حال دون اداء ماموري الضبط القضايي المخولين بتنفيذ احكام هذا القانون العمال وظايفهم.

2
- امتنع عن موافاة الجهاز بالبيانات او االوراق او المستندات المنصوص
( عليها في المادة54 ) من هذا القانون.

3
- قام بامداد الجهاز ببيانات او باوراق او مستندات غير صحيح
ة مع العلم بذلك.

68

يعاقب بغرامة ال تقل عن خمسين الف جنيه وال تجاوز مليون جنيه، او مثلي القيمة المتفق عليها مع الوسيلة االعالنية نظير االعالن المخالف ايهما
اكبر، كل
من امتنع عن تنفيذ القرار الصادر بوقف االعالن وفقًا الحكام المادة (
57
)
من هذا القانون.

69

في ح
الة العود الي من الجرايم المعاقب عليها في المواد السابقة من هذا القانون تضاعف عقوبة الغرامة بحديها.

70

يعاقب بالغرامة التي ال تقل عن خمسين الف جنيه وال تجاوز مليوني جنيه، او
ما يعادل قيمة البضاعة محل الجريمة ايهما اكبر، كل من خالف حكم المادة
(
19
)من هذا الق انون.
،فاذا ترتب علي مخالفة حكم المادة المشار اليها تعريض حياة المستهلك للخطر
او تعريضه لالصابة بمرض مدمن او مستعص، تكون
العقوبة الحبس والغرامة التي ال تقل عن ماية الف جنيه وال تجاوز مليوني جنيه، او باحدي هاتين العقوبتين.

71

،يعاقب بالحبس مدة ال تقل عن سنة
وغرامة ال تقل عن ماية الف جنيه وال تجاوز مليوني جنيه او ما يعادل قيمة البضاعة موضوع الجريمة ايهما اكبر، كل من
( خالف حكم المادة8
)
من هذا القانون. وفي حالة العود، يعاقب بالحبس مدة ال تقل عن سنتين وال تجاوز خمس سنوات وتضاعف قيمة الغرامة بحديها.
وفي
جميع االح
وال، تقضي المحكمة بالمصادرة وبنشر الحكم في جريدتين يوميتين واسعتي االنتشار علي نفقة المحكوم عليه
72

اذا نشات عن مخالفة اي حكم من احكام هذا القانون اصابة شخص بعاهة مستديمة
او بمرض مدمن او مستعص، تكون العقوبة السجن وغرامة ال تقل عن
ماية الف جنيه وال تجاوز ملي
ون جنيه او ما يعادل قيمة السلعة محل الجريمة ايهما اكبر.
( واذا رات المحكمة تطبيق حكم المادة17
)
من قانون العقوبات فال
يجوز في هذه الحالة النزول بالعقوبة المقيدة للحرية عن الحبس مدة سنة واحدة. واذا نشات عن المخالفة وفاة شخص او اكثر، تكون العقوبة السجن الموبد
وغرامة ال تقل عن مايتي الف جنيه وال تجاوز مليوني جنيه، او ما يعادل قيمة السلعة محل الجريمة ايهما اكبر.

73

فضالً عن العقوبات المقررة في هذا القانون، يجب الحكم علي المورد برد قيمة المنتج محل المخالفة للمستهلك في كل حالة يكون للمستهلك الحق في استرداد
،القيمة
ما لم يكن قد استردها قبل صدور الحكم.
( وال يحول تطبيق الفقرة االولي من المادة32
)من قانون العقوبات دون تطبيق
عقوبة الرد المنصوص عليها
بالفقرة السابقة.

74

يعاقب المسيول عن االدارة الفعلية للشخص االعتباري المخالف بذات العقوبات المنصوص عليها في هذا القانون اذا ثبت علمه بالمخالفة، وكان اخالله
بالواجبات التي تفرضها عليه تلك االدارة قد اسهم في وقوع الجريمة. ويكون الشخص االعتباري مسيوال بالتضامن عن الوفاء بما يحكم به من عقوبات
مالية
قانون حماية المستهلك رقم181

لسنة2018

وتعويضات اذا كانت المخالفة قد ارتكبت من احد العاملين به باسمه او لصالحه.

75

تقضي الم
حكمة بنشر الحكم الصادر باالدانة علي نفقة المحكوم عليه في جريدة يومية واحدة والمواقع االلكترونية واسعة االنتشار، ويلتزم الجهاز باالعالن
تفصيليًا في موقعه االلكتروني عن االحكام النهايية الصادرة باالدانة وفقا الحكام هذا القانون، علي ان يستمر االعالن لمدة ثالث سنوات من تاريخ صدور
الحكم
وعلي قلم كتاب المحكمة المختصة موافاة الجهاز بصور رسمية من تلك االحكام دون اي اجراءات او سداد رسوم قضايية او غيرها من الرسوم
76

( ال يجوز تحريك الدعوي الجنايية او اتخاذ اجراءات فيها بالنسبة الي الجريمةالمنصوص عليها في المادة13
)
من
هذا القانون اال بطلب كتابي من الوزير
المختص او من يفوضه.",4803
companies_159_1981,قانون الشركات,159,1981,9,مادة 9,general,False,,100,100,"(

یمسك بمكتب وزیر الاقتصاد سجل تقید فیه التظلمات من الاعتراض علي قیام الشركات بارقام
مسلسلة حسب تواریخ ورودها.
ویقدم التظلم من اصل وصورة موضحة فیه اسبابه ومرفقة به صورة من الاعتراض
، وعلي
المكتب ان یوشر علي صورة التظلم بما یفید تسلم
اصله ورقم وتاریخ تسلمه
، ورد هذه الصورة
الي مقدم التظلم.",290
companies_159_1981,قانون الشركات,159,1981,01,مادة 01,general,False,,100,101,"(

یتم فحص التظلم علي وجه الاستعجال
، وفي حالة رفضه تخطر الشركة بذلك بالبرید المسجل
لازالة اسباب الاعتراض، كما تخطر به مصلحة الشركات والسجل التجاري
، فاذا لم تقم الشركة
بازالة تلك الاسباب خلال عشرة ایام من تاریخ اخطارها برفض التظلم اصدرت مصلحة الشركات
قرارا بشطب قید الشركة من السجل التجاري مع اخطارها والسجل التجاري بهذا القرارً
.
وفي حالة قبول التظلم تزول كل اثار الاعتراض، وعلي مكتب تل
قي التظلمات ابلاغ كل من
الشركة ومصلحة الشركات والسجل ال
تجاري بقبول التظلم.
ویعتبر مض
ي خمسة عشر یوما علي تقدیم التظلم دون البت فیه بمثابة قبول له تزول معه اثارً
الاعتراض ویتعین الابلاغ به علي النحو المنصوص علیه في هذه المادة.
)
مادة
11 (
اذا لم یتم الاعتراض علي قیام الشركة طبقا لاحكام المواد السابقةً
، تعین ن شر عقد الشركة في
صحیفة الشركات مقرونا برقم القید في السجل التجاري وتاریخهً
، و
ذلك علي نفقة الشركة
.
)
مادة
21(

للشركة بعد اكتسابها الشخصیة الاعتباریة سحب المبالغ المسددة من قیمة الاسهم او الحصص
النقدیة والعايد الذي تكون قد حققته من البنك المودعة به هذه ا
لمبالغ
، وذلك بعد تقدیم ما یفید
قید الشركة بالسجل التجاري ومضي خمسة عشر یوما علي هذا القیدً
.",1051
companies_159_1981,قانون الشركات,159,1981,31,مادة 31,general,False,,101,106,"(

یلغي كل نص یخالف احكام هذا القرار.
)
مادة
41(
ینشر هذا القرار في الوقايع المصریة ویعمل به من الیوم التالي لتاریخ نشره.
وزیر الاقتصاد
د.یوسف بطرس غ
الي
صدر
في:
1 /2/ 8991

قرار وزیر الاقتصاد رقم)57 (
لسنة
8991
بشان تنفیذ بعض احكام القانون رقم
3 لسنة
8991
بتعدیل بعض احكام قانون شركات المساهمة وشركات التوصیة بالاسهم
والشركات ذات المسيولیة المحدودة
الصادر بالقانون رقم
951 لسنة
1891
الوقايع المصریة العد د
75) تابع (في 11/ 3 /8991
،وزیر الاقتصاد
بعد الاطلاع علي قانون شركات المساهمة وشركات التوصیة بالاسهم والشركات ذات المسيولیة
المحدودة الصادر بالقانون رقم
951 لسنة
1891 المعدل بالقانون رقم
3 لسنة
8991؛
و علي قانون سوق راس المال الصادر بالقانون رقم
59 لسنة
2991؛
وعلي اللايحة التنفیذیة للقانون رقم
951 لسنة
1891 الصادر بقرار وزیر شيون الاستثمار
والتعاون
الدولي رقم
69 لسنة
2891.
وعلي قرار وزیر الاقتصاد رقم
52 لسنة
8991 بشان تنفیذ بعض احكام القانون رقم
3 لسنة
8991
؛
وبعد اخذ راي الهیية العامة لسوق المال
؛
وبناء عل ي ما
ارتاه
مجلس الدولة؛

قرر
)
مادة
1(

اذا حصلت شركة المساهمة او شركة التوصیة بالاسهم بایة طریقة علي جانب من اسهمها وجب
علیها اخطار الهیية العامة لسوق المال بذلك
، كما یتعین علیها عند اعداد قوايمها المالیة وفي
جمیع حالات الافصاح
التي
تنشرها او تعلنها ان تبین ما حصلت علیه من اسهمها ونسبته الي
راس المال المصدر وتاریخ حصولها علیه.
ویطلق علي ما تحتفظ به الشركة من اسهمها ""
اسهم خزینة ""
وعلي
باقي الاسهم ""
اسهم قايمة""
.
)
مادة
2(

لا یكون لاسهم الخزینة ایة حقوق
في الارباح التي
توزعها الشركة، ویقتصر استحقا ق الربح
الذي یتقرر توزیعه علي الاسهم القايمة
في
تاریخ قرار التوزیع
، كما تستبعد اسهم الخزینة من
تشكیل الجمعیة العامة للشركة ومن التمثیل فیها.
)
مادة
3(

علي الشركة ان تتصرف
في
اسهم الخزینة قبل مض
ي مدة لا تزید علي سنة میلادیة من تاریخ
حصولها علیها، والا ا
لتزمت بدعوة الجمعیة العامة غیر العادیة للشركة خلال الثلاثین یوماً
التالیة لم
ضي تلك المدة لانقاص راس مال الشركة بمقدار القیمة الاسمیة لتلك
الاسهم
، وذلك
وفقا للاجراءات المقررة لدعوة الجمعیة ولانقاص راس المالً
.
)
مادة
4(
علي مجلس الادارة او الشریك او الشرك اء المدیرین–
بحسب الاحوال–
ان یعد عن كل سنة
مالیة القوايم المالیة للشركة وتقریرا عن نشاطها خلال السنة وعن مركزهاًالمالي في ختام السنة
ذاتها وذلك خلال شهرین علي الاكثر من تاریخ انتهاء السنة المالیة للشركة
، وتوضع هذه
الوثايق تحت تصرف
مراقبي الحسابات قبل
نشرها باسبوعین علي الاقل.
ویتعین نشر القوايم المالیة وخلاصة وافیة لتقریر النشاط والنص الكامل لتقریر
مراقبي الحسابات
في
صحیفتین یومیتین قبل تاریخ عقد الجمعیة العامة باسبوعین علي الاقل
، ومع مراعاة احكام
النشر بالنسبة الي الشركات
التي
طرحت اوراقا مالیة لهاً
في اكتتاب عام والشركات العاملة
في
مجال الاوراق المالیة.
ویجوز–
اذا كان نظام الشركة یسمح بذلك–
الاكتفاء بارسال نسخة من الوثايق المشار الیها
في
الفقرة الاولي
، الي كل مساهم بطریق البرید الموصي علیه قبل تاریخ عقد الجمعیة العامة
باسبوعین علي الاقل.
وترسل صورة مما یتم نشره او ارساله الي المساهمین الي كل من الهیية العامة لسوق المال
ومصلحة الشركات.
)
مادة
5(

تجتمع الجمعیة العامة للشركة مرة علي الاقل كل سنة خلال ثلاثة اشهر من
انتهاء
السنة المالیة
، وتنظر الجمعیة علي الاخص
في المسايل الاتیة:
ا-

تقریر مراقب
الحسابات.
ب-
تقریر مجلس الادارة او الشریك او الشركاء المدیرین بحسب الاحوال عن نشاط الشركة
.
ج-
المصادقة علي القوايم المالیة.
د-
الموافقة علي توزیع الارباح.
ه-
تحدید مكافاة وبدلات مجلس الادارة.
و-
تعیین مراقب الحسابات وتحدید اتعابه.
ز-
انتخاب اعضاء م
جلس الادارة عند الاقتضاء.
)
مادة
6(
اذا كان نظام الشركة یسمح بتوزیع الارباح عن مدة تقل عن سنة وقرر مجلس الادارة توزیعها
،
تعین دعوة الجمعیة العامة العادیة للاجتماع قبل م
ضي ثلاثة اشهر علي انتهاء المدة
التي توزع
عنها الارباح لتنظر
في المسايل من )
ا (
الي) ه (من المادة السابقة عن المدة ذاتها.
)
مادة
7(

اذا نقصت نسبة مساهمة شركات قطاع الاعمال العام القابضة والاشخاص الاعتباریة العامة
وبنوك القطاع العام
في راس مال شركة قطاع الاعمال العام التابعة عن)15 (%
من راس مالها
لاي
سبب
، تعین اتباع الاجراءات الاتیة:
ا-

توجه الدعوة الي عقد جمعیة عامة غیر عادیة لتعدیل النظام
الاساسي للشركة بما
یتفق واحكام القانون رقم
951 لسنة
1891 المشار الیه ولايحته التنفیذیة وما یترتب
علي ذلك من اثار اخصها اعادة تشكیل مجلس الادارة وتعیین
مراقبي الحسابات مع
الالتزام بالاوضاع والاجراءا ت
التي
تقررها تلك الاحكام.
ب-

تقدم الشركة خلال عشرة ایام من تاریخ عقد الجمعیة العامة غیر العادیة اخطارا اليً
مصلحة الشركات بسریان احكام القانون رقم
951 لسنة
1891 ولاحته التنفیذیة علي
الشركة
، مع ارفاق الوثايق التالیة بالاخطار:
1-

النظام
الاساسي
للشركة.
2-

صورة من قید الشركة بالسجل
التجاري.
3-

محضر اجتماع الجمعیة العامة غیر العادیة
الذي تقرر فیه تعدیل النظام
الاساسي للشركة موقعا علیه من ريیس الشركة القابضةًالتي تتبعها الشركة
بصفته ريیسا للجمعیة ومنًمراقبي الحسابات
وجامعي
الاصوات وامین السر.
4-

النظام
الاساسي طبقا للنموذج المعدًفي هذا الشان
والذي اقرته الجمعیة العامة
غیر العادیة موقعا علیه من ريیس الجمعیة متضمنا تمهیدا بالتطورًًًالذي لحق
الشركة منذ تاسیسها حتي تاریخ انعقاد الجمعیة.
وعلي مصلحة الشركات بعد مراجعة المستندات المشار الیها والتحقق من انها مستوفاة ان تحتفظ
بصورة منها وان توشر علي اصل النظام
الاساسي المعدل المقدم الیها بما یفید اتمام مراجعته
وتسلیمه للشركة للتصدیق علي التوقیع فیه ولتعدیل بیانات القید
في السجل
التجاري واستكمال
اجراءات النشر
في
صحیفة الشركات علي نفقة الشركة.
)
مادة
8(

في
حالا ت تعدیل النظام
الاساسي
للشركة ت
سري بالنسبة الي هذا التعدیل جمیع الاحكام والاجراءات
المقررة لتاسیس الشركة.
)
مادة
9(

في تطبیق احكام المادتین)031 (و)631 (
من القانون رقم
951 لسنة
1891 تقوم مصلحة
الشركات بمراجعة مستندات الاندماج او مستندات تغییر الشكل
القان
وني للشركة–
بحسب الاحوال
–
للتحقق من استیفاء الاوضاع والاجراءات المقررة
في القانون رقم
951 لسنة
1891 ولايحته
التنفیذیة
، وذلك قبل قیام المصلحة بالعرض علي وزیر الاقتصاد بالنسبة الي الاندماج او قبل
التاشیر
في السجل
التجاري بالنسبة الي تغییر الشكل
القانوني
ل
لشركة.
)
مادة
01(

تختص مصلحة الشركات بالنظر
في طلبات قید مكاتب التمثیل وما
في حكمها
في السجل المعد
لذلك كما تختص بالنظر
في
حالات شطب هذه المكاتب من السجل المشار الیه.
)
مادة
11(

لا ت
سري احكام المادتین)4 (و)5 (
من هذا القرار علي السنة المالیة للشركة
ي الت انتهت قبل
تاریخ العمل بالقانون رقم
3 لسنة
8991
المشار الیه.
)
مادة
21(

یلغي كل نص یخالف احكام هذا القرار.
)
مادة
31(

ینشر هذا القرار
في
الوقايع المصریة
، ویعمل به اعتبارا من الیومًالتالي
لتاریخ نشره.
صدر
في:
01 /3/ 8991
وزیر الاقتصاد
دكتور /
یوسف
بطرس غالي

وزارة الاقتصاد والتجارة الخارجیة
قرار
وزاري رقم
831 لسنة
5891
بشان تقریر مصروفات اداریة علي تاسیس شركات المساهمة وشركات التوصیة بالاسهم
والشركات ذات المسيولیة المحدودة
الصادر بها القانون رقم
951 لسنة
1891
الوقايع المصریة العدد
49 في 12/ 4 /5891
وزیر الاقتصاد والتجارة الخارجیة
؛
بعد الاطلاع علي قانون شركات المساهمة وشركات التوصیة بالاسهم والشركات ذات المسيولیة
المحدودة الصادر بالقانون رقم
951 لسنة
1891؛
وعلي قرار ريیس الجهوریة رقم
331 لسنة
2891 بتحدید الوزیر المختص
في تطبیق احكام
القانون رقم
951 لسنة
1891
؛
وعلي قرار نايب ريیس مجلس
الوزرا
ء لشيون الاقتصادیة والمالیة ووزیر شيون الاستثمار
والتعاون
الدولي رقم
69 لسنة
2891 باصدار اللايحة التنفیذیة لقانون شركات المساهمة
وشركات التوصیة بالاسهم والشركات ذات المسيولیة المحدودة رقم
951 لسنة
1891
؛
قرر
م ادة
1
– تود
ي الشركات
التي یتم موافقة اللجنة المنصوص علیها
في المادة)81 (
من القانون
رقم
951 لسنة
1891 المشار الیه لمصلحة الشركات مقابلا للخدماتًالتي تودیها المصلحة
بواقع واحد
في الالف من قیمة راس المال المصدر بالنسبة للشركات المساهمة وشركات التوصیة
بالاسه م وبالنسبة لرووس الاموال المدفوعة للشركات ذات المسيولیة المحدودة بحد ادني مقداره
ماية جنیه
مصري
وبحد اقصي مقداره الف جنیه او ما یعادل هذا المقابل بالعملات الحرة.
مادة
2
–

تخصص الحصیلة المحققة وفقا للمادة السابقة لتدعیم بنود موازنة المصلحة وذلك عليً
النحو
التالي:

05%
لتدعیم اعتمادات الباب الاول.
05%

لتدعیم اعتمادات الباب
الثاني.
علي ان یتم التوزیع
التفصیلي
علي مختلف البنود بمعرفة ريیس المصلحة.
مادة
3
–

ینشر هذا القرار
في
الوقايع المصریة
، ویعمل به اعتبارا من الیومًالتالي
لتاریخ نشره.
صدر
في 91 /3/ 5891.
وزیر الاقتصاد والتجارة الخارجیة
د.مصطفي كامل السعید",7589
civil_131_1948,القانون المدني,131,1948,2,مادة 2,general,False,,1,1,"علي وزير العدل تنفيذ هذا القانون ويعمل به ابتداء من15
ااتوبر سنة1949
.

نامر بان يبصم هذا القانون بخاتم الدولة وان ينشر في الجريدة الرسمية وينفذ اقانون من قوانين
الدولة
.
صدر بقصر القبة في 9 رمض
ان سنة 1367
)
16
يوليو1948
(

]
الوقايع المصرية
–
عدد رقم 108
مكرر
( ا )
صادر في 29
-
7
-
1948
.[

باب تمهيدي- احكام عامة

الفصل الاول- القانون وتطبيقه

1
- القانون والحق",365
civil_131_1948,القانون المدني,131,1948,1,مادة 1,optional,False,,1,1,")
1
(تسري النصوص التشريعية علي جميع المسايل التي تتناولها لهذ
ه النصوص في
لفظها او في فحواها
.
)2
(
، فاذا لم يوجد نص تشريعي يمكن تطبيقه، حكم القاضي بمقتضي العرف، فاذا لم يوجد
فبمقتضي مبادي الشريعة الاسلامية، فاذا لم توجد، فبمقتضي مبادي القانون الطبيعي وقواعد
العدالة
.",269
civil_131_1948,القانون المدني,131,1948,2,مادة 2,mandatory,False,,1,1,"لا يجوز الغاء نص تشريعي الا بتشريع لاح
ق ينص صراحة علي هذا الالغاء، او
يشتمل علي نص يتعارض مع نص التشريع القديم، او ينظم من جديد الموضوع الذي سبق ان
قرر قواعده ذلك التشريع
.",173
civil_131_1948,القانون المدني,131,1948,3,مادة 3,general,False,,1,1,"تحسب المواعيد بالتقويم الميلادي، ما لم ينص القانون علي غير ذلك
.",64
civil_131_1948,القانون المدني,131,1948,4,مادة 4,general,False,,1,1,"من استعمل حقه استعمالا مشروعاً لا يكو
ن مسيولاً عما ينشا عن ذلك من ضرر
.",72
civil_131_1948,القانون المدني,131,1948,5,مادة 5,definition,False,,1,1,"يكون استعمال الحق غير مشروع في الاحوال الاتية
:
( ا )
اذا لم يقصد به سوي الاضرار بالغير
.
)
( ب
اذا اانت المصالح التي يرمي الي تحقيقها قليلة الاهمية، بحيث لا تتناسب البتة مع ما
يصيب الغير من ضرر بسبها
.
)
( ج
اذا ا
انت المصالح التي يرمي الي تحقيقها غير مشروعة
.
2
- تطبيق القانون

تنازع القوانين من حيث الزمان",309
civil_131_1948,القانون المدني,131,1948,6,مادة 6,general,False,,1,1,")
1
(
النصوص المتعلقة بالاهلية تسري علي جميع الاشخاص الذين تنطبق عليهم
الشروط المقررة في هذه النصوص
.
)2
(
، واذا عاد شخص توافرت فيه الاهلية، بحسب نصوص قديمة
ناقص الاهلية بحسب
نصوص جديدة، فان ذلك لا يوثر في تصرفاته السابقة
.",224
civil_131_1948,القانون المدني,131,1948,7,مادة 7,general,False,,1,1,"– تسري النصوص الجديدة المتعلقة بالتقادم من وقت العمل بها علي ال تقادم لم يكتمل
.
علي ان النصوص القديمة هي التي تسري علي المسايل الخاصة ببدء التقادم ووقفه وانقطاعه،
وذلك عن المدة السا
بقة علي العمل بالنصوص الجديدة
.",214
civil_131_1948,القانون المدني,131,1948,8,مادة 8,general,False,,2,2,")
1
(
اذا قرر النص الجديد مدة للتقادم اقصر مما قرره النص التقديم سرت المدة الجديدة
من وقت العمل بالنص الجديد، ولو اانت المدة القديمة قد بدات قبل ذلك
.
)2
(
اما اذا اان الباقي من المدة التي نص عليها القانون القديم

اقصر
من المدة التي قررها النص الجديد، فان التقادم يتم بانقضاء هذا الباقي
.",288
civil_131_1948,القانون المدني,131,1948,9,مادة 9,general,False,,2,2,"تسري في شان الادلة التي تعد مقدما النصوص المعمول بها في الوقت الذي اعد فيه
الدليل، او في الوقت الذي اان ينبغي فيه اعداده
.
تنازع القوانين من حيث المكان",151
civil_131_1948,القانون المدني,131,1948,10,مادة 10,general,False,,2,2,"– القانون المصري
هو المرجع في تكييف العلاقات عندما يطلب تحديد نوع هذه
العلاقات في قضية تتنازع فيها القوانين، لمعرفة القانون الواجب تطبيقه من بينها
.",148
civil_131_1948,القانون المدني,131,1948,11,مادة 11,general,False,,2,2,"–
)
1
(
الحالة المدنية للاشخاص واهليتهم يسري عليها قانون الدولة التي ينتمون اليها
بجنسيتهم
.
ومع ذلك ففي التصرفات الم
الية التي تعقد في مصر وتترتب اثارها فيها، اذا اان احد
الطرفين اجنبيا ناقص الاهلية واان نقص الاهلية يرجع الي سبب فيه خفاء لا يسهل علي الطرف
الاخر تبينه، فان هذا السبب لا يوثر في اهليته
.
)2
(اما النظام القانوني للاشخاص الاعتبارية الاجنبية، من شراات وجمعيا
ت وموسسات
وغيرها، فيسري عليه قانون الدولة التي اتخذت فيها هذه الاشخاص مراز ادارتها الرييسي
الفعلي ومع ذلك فاذا باشرت نشاطها الرييسي في مصر، فان القانون المصري هو الذي يسري
.",546
civil_131_1948,القانون المدني,131,1948,12,مادة 12,general,False,,2,2,"– يرجع في الشروط الموضوعية لصحة الزواج الي قانون ال من الزوجين
.",64
civil_131_1948,القانون المدني,131,1948,13,مادة 13,general,False,,2,2,"-
)
1
(
يسري قانون الدولة التي ينتمي اليها الزوج وقت انعقاد الزواج علي الاثار التي
يرتبها عقد الزواج، مما في ذلك من اثر بالنسبة الي المال
.
)2
(
اما الطلاق فيسري عليه قانون الدولة التي ينتمي اليها الزوج وقت الطلاق، ويسري علي
التطليق والانفصال قانون الدولة الت
ي ينتمي اليها الزوج وقت الدعوي
.",292
civil_131_1948,القانون المدني,131,1948,14,مادة 14,general,False,,2,2,"–
في الاحوال المنصوص عليها في المادتين السابقتين اذا اان احد الزوجين مصريا
وقت انعقاد الزواج، يسري القانون المصري وحده، فما عدا شرط الاهلية للزواج
.",148
civil_131_1948,القانون المدني,131,1948,15,مادة 15,general,False,,2,2,"–
يسري علي الالزام بالنفقة فيما بين الاقارب، قانون المدين
.بها",62
civil_131_1948,القانون المدني,131,1948,16,مادة 16,general,False,,2,2,"–
يسري علي المسايل الموضوعية الخاصة بالولاية والوصاية والقوامة وغيرها من
النظم الموضوعة لحماية المحجورين والغايبين، قانون الشخص الذي تجب حمايته
.",145
civil_131_1948,القانون المدني,131,1948,17,مادة 17,general,False,,2,2,"–
)
1
(
، يسري علي الميراث والوصية وساير التصرفات المضافة الي ما بعد الموت
قانون المورث او
الموصي او من صدر منه التصرف وقت موته
.
)2
(
ومع ذلك يسري علي شكل الوصية، قانون الموصي

وقت الايصاء او قانون البلد الذي تمت فيه الوصية، واذلك الحكم في شكل ساير التصرفات
المضافة الي ما بعد الموت
.",285
civil_131_1948,القانون المدني,131,1948,18,مادة 18,general,False,,2,2,"–
، يسري علي الحيازة والملكية والحقوق العينية الاخري
قانون الموقع فيما يختص
بالعقار، ويسري بالنسبة الي المنقول، قانون الجهة التي يوجد فيها هذا المنقول وقت تحقق
السبب الذي ترتب عليه اسب الحيازة او الملكية او الحقوق العينية الاخري او فقدها
.",239
civil_131_1948,القانون المدني,131,1948,19,مادة 19,general,False,,2,2,"–
)
1
(يسري علي الالتزامات التعاقدية، قانون الدولة التي يوجد
فيها الموطن المشترك
للمتعاقدين اذا اتحدا موطنا، فان اختلفا موطنا سري قانون الدولة التي تم فيها العقد
.
هذا ما لم
يتفق المتعاقدان او يتبين من الظروف ان قانونا اخر هو الذي يراد تطبيقه
.
)2
(
علي ان قانون موقع العقار هو الذي يسري علي العقود التي ابرمت في شان
هذا العقار
.",329
civil_131_1948,القانون المدني,131,1948,20,مادة 20,optional,False,,2,2,"–
العقود ما بين الاحياء تخضع في شكلها لقانون البلد الذي تمت فيه، ويجوز ايضا ان
تخضع للقانون الذي يسري علي احكامها الموضوعية، اما يجوز ان تخضع لقانون موطن
المتعاقدين او قانونهما الوطني المشترك
.",193
civil_131_1948,القانون المدني,131,1948,21,مادة 21,general,False,,2,3,"–
)
1
(يسري علي الالتزامات غير الت
عاقدية قانون البلد الذي وقع فيه الفعل المنشي
للالتزام
.
)
2
(
علي انه فيما يتعلق بالالتزامات الناشية عن الفعل الضار، لا تسري احكام الفقرة السابقة
علي الوقايع التي تحدث في الخارج وتكون مشروعة في مصر وان اانت تعد غير مشروعة في
البلد الذي وقعت فيه
.",281
civil_131_1948,القانون المدني,131,1948,22,مادة 22,general,False,,3,3,"– يس
ري علي قواعد الاختصاص وجميع المسايل الخاصة بالاجراءات قانون البلد الذي
تقام فيه الدعوي او تباشر فيه الاجراءات
.",116
civil_131_1948,القانون المدني,131,1948,23,مادة 23,general,False,,3,3,"–
لا تسري احكام المواد السابقة الا حيث لا يوجد نص علي خلاف ذلك في قانون
خاص او في معاهدة دولية نافذة في مصر
.",109
civil_131_1948,القانون المدني,131,1948,24,مادة 24,general,False,,3,3,"– تتبع فيما لم يرد ف
ي شانه نص في المواد السابقة من احوال تنازع القوانين مبادي
القانون الدولي الخاص
.",101
civil_131_1948,القانون المدني,131,1948,25,مادة 25,mandatory,False,,3,3,"–
)
1
(
يعين القاضي القانون الذي يجب تطبيقه في حالة الاشخاص الذين لا تعرف لهم
جنسية، او الذين تثبت لهم جنسيات متعددة في وقت واحد
.
)2
(علي ان الاشخاص الذين تثبت لهم في وق
ت واحد بالنسبة الي مصر الجنسية المصرية،
وبالنسبة الي دولة اجنبية او عدة دول اجنبية جنسية تلك الدول، فالقانون المصري هو الذي يجب
تطبيقه
.",307
civil_131_1948,القانون المدني,131,1948,26,مادة 26,mandatory,False,,3,3,"–
متي ظهر من الاحكام الواردة في المواد المتقدمة ان القانون الواجب التطبيق هو
قانون دولة معينة تتعدد فيها الشرا
يع، فان القانون الداخلي لتلك الدولة هو الذي يقرر اية شريعة
من هذه يجب تطبيقها
.",190
civil_131_1948,القانون المدني,131,1948,27,مادة 27,general,False,,3,3,"–
اذا تقرر ان قانونا اجنبيا هو الواجب التطبيق فلا يطبق منه الا احكامه الداخلية، دون
التي تتعلق بالقانون الدولي الخاص
.",118
civil_131_1948,القانون المدني,131,1948,28,مادة 28,mandatory,False,,3,3,"–
لا يجوز تطبيق احكام قانون اجنبي عينته
–
النصوص السابقة، اذا اانت هذه الاحكام
مخالفة للنظام العام او للاداب في مصر
.

الفصل الثاني
–
الاشخاص

1
- الشخص الطبيعي",160
civil_131_1948,القانون المدني,131,1948,29,مادة 29,general,False,,3,3,"–
)
1
(تبدا شخصية الانسان بتمام ولادته حيا، وتنتهي بموته
.
)2
(ومع ذلك فحقوق الحمل المستكن يعينها القانون
.",107
civil_131_1948,القانون المدني,131,1948,30,مادة 30,general,False,,3,3,"–
)
1
(تثبت الولا
دة والوفاة بالسجلات الرسمية المعدة لذلك
.
)2
(
فاذا لم يوجد هذا الدليل، او تبين عدم صحة ما ادرج بالسجلات، جاز الاثبات باية طريقة
اخري
.",153
civil_131_1948,القانون المدني,131,1948,31,مادة 31,general,False,,3,3,"– دفاتر المواليد والوفيات والتبليغات المتعلقة بها، ينظمها قانون خاص
.",69
civil_131_1948,القانون المدني,131,1948,32,مادة 32,general,False,,3,3,"– يسري في شان المفقود والغايب الا
حكام المقررة في قوانين خاصة، فان لم توجد
فاحكام الشريعة الاسلامية
.",101
civil_131_1948,القانون المدني,131,1948,33,مادة 33,general,False,,3,3,"– الجنسية المصرية ينظمها قانون خاص
.",36
civil_131_1948,القانون المدني,131,1948,34,مادة 34,general,False,,3,3,"–
)
1
(تتكون اسرة الشخص من ذوي قرباه
.
)2
(ويعتبر من ذوي القربي ال من يجمعهم اصل مشترك
.",88
civil_131_1948,القانون المدني,131,1948,35,مادة 35,general,False,,3,3,"–
)
1
(القرابة المباشرة هي الصلة ما بين الا
صول والفروع
.
)2
(
وقرابة الحواشي هي الرابطة ما بين اشخاص يجمعهم اصل مشترك، دون ان يكون احدهم
فرعا للاخر
.",150
civil_131_1948,القانون المدني,131,1948,36,مادة 36,general,False,,3,3,"–
يراعي في حساب درجة القرابة المباشرة، اعتبار ال فرع درجة عند الصعود
للاصل بخروج هذا الاصل، وعند حساب درجة الحواشي تعد الدرجات صعودا من الفرع

للاصل المشترك، ثم نزولا منه الي الفرع الاخر، وال فرع فيما عدا الاصل المشترك يعتبر
درجة
.",231
civil_131_1948,القانون المدني,131,1948,37,مادة 37,general,False,,3,3,"– اقارب احد الزوجين يعتبرون في نفس القرابة والدرجة بالنسبة الي الزوج الاخر
.",76
civil_131_1948,القانون المدني,131,1948,38,مادة 38,general,False,,4,4,"– يكون لكل شخص اسم ولقب، ولقب الشخص يلحق اولاده
.",49
civil_131_1948,القانون المدني,131,1948,39,مادة 39,general,False,,4,4,"– ينظم بتشريع خ
اص ايفية ااتساب الالقاب وتغيرها
.",49
civil_131_1948,القانون المدني,131,1948,40,مادة 40,optional,False,,4,4,"–
)
1
(الموطن هو المكان الذي يقيد فيه الشخص عادة
.
)2
(ويجوز ان يكون للشخص في وقت واحد ااثر من موطن، اما يجوز الا يكون له موطن ما
.",131
civil_131_1948,القانون المدني,131,1948,41,مادة 41,general,False,,4,4,"–
يعتبر المكان الذي يباشر فيه الشخص تجارة او حرفة موطنا بالنسبة الي ادارة
الا
عمال المتعلقة بهذه التجارة او الحرفة
.",116
civil_131_1948,القانون المدني,131,1948,42,مادة 42,general,False,,4,4,"-
)
1
(
موطن القاصر والمحجوز عليه والمفقود والغايب هو موطن من ينوب عن هولاء
قانونا
.
)2
(
ومع ذلك يكون للقاصر الذي بلغ ثماني عشرة سنة ومن في حكمه موطن خاص، بالنسبة
الي الاعمال والتصرفات التي يعتبره القانون اهلا لم
باشرتها
.",223
civil_131_1948,القانون المدني,131,1948,43,مادة 43,optional,False,,4,4,"–
)
1
(يجوز اتخاذ موطن مختار لتنفيذ عمل قانوني معين
.
)2
(ولا يجوز اثبات وجود الموطن المختار الا بالكتابة
.
)3
(
، والموطن المختار لتنفيذ عمل قانوني يكون هو الموطن بالنسبة الي ال ما يتعلق بهذا العمل
بما في ذلك اجراءات التنفيذ الجبري، الا اذا
اشترط صراحة قصر هذا الموطن علي اعمال دون
اخري
.",289
civil_131_1948,القانون المدني,131,1948,44,مادة 44,general,False,,4,4,"–
)
1
(
ال شخص بلغ سن الرشد متمتعا بقواه العقلية، ولم يحجر عليه، يكون اامل
الاهلية لمباشرة حقوقه المدنية
.
)2
(وسن الرشد هي احدي وعشرون سنة ميلادية ااملة
.",155
civil_131_1948,القانون المدني,131,1948,45,مادة 45,general,False,,4,4,"–
)
1
(لا يكون اهلا لمباشرة حقوقه المدن
ية من اان فاقد التميز لصغر في السن او عته
او جنون
.
)2
(وال من لم يبلغ السابعة يعتبر فاقدا للتميز
.",139
civil_131_1948,القانون المدني,131,1948,46,مادة 46,general,False,,4,4,"–
ال من بلغ سن التمييز ولم يبلغ سن الرشد، وال من بلغ سن الرشد واان سفها او ذا
غفلة، يكون ناقص الاهلية وفقا لما يقرره القانون
.",126
civil_131_1948,القانون المدني,131,1948,47,مادة 47,general,False,,4,4,"– يخضع فاقدو ا
لاهلية وناقصوها بحسب الاحوال لاحكام الولاية او الوصاية او القوامة
بالشروط ووفقا للقواعد المقررة في القانون
.",123
civil_131_1948,القانون المدني,131,1948,48,مادة 48,general,False,,4,4,"– ليس لحد النزول عن اهليته ولا التعديل في احكامها
.",51
civil_131_1948,القانون المدني,131,1948,49,مادة 49,general,False,,4,4,"– ليس لحد النزول عن حريته الشخصية
.",35
civil_131_1948,القانون المدني,131,1948,50,مادة 50,general,False,,4,4,"– لكل من وقع عليه اعتداء غير مشروع في
حق من الحقوق الملازمة لشخصيته، ان
يطلب وقف هذا الاعتداء مع التعويض عما يكون قد لحقه من ضرر
.",130
civil_131_1948,القانون المدني,131,1948,51,مادة 51,general,False,,4,4,"–
، لكل من نازعه الغير في استعمال اسمه بلا مبرر، ومن انتحل الغير اسمه دون حق
ان يطلب وقف هذا الاعتداء مع التعويض عما يكون قد لحقه من ضرر
.
2
- الشخص الاعتب
اري",159
civil_131_1948,القانون المدني,131,1948,52,مادة 52,general,False,,4,4,"– الاشخاص الاعتبارية هي
:
1
-
الدولة واذلك المديريات والمدن والقري بالشروط التي يحددها القانون والادارات والمصالح
وغيرها من المنشات العامة التي يمنحها القانون شخصية اعتبارية
.
2
- الهييات والطوايف الدينية التي تعترف لها الدولة بشخصية اعتبارية
.
3
-
الاوقاف

4
- الشراات التجارية والمدنية

5
- الجمعيات والموسسات المنشاة للاحكام التي ستاتي فيما بعد
.
6
-
ال مجموعة من الاشخاص او الاموال تثبت لها الشخصية الاعتبارية بمقتضي نص في
القانون
.",436
civil_131_1948,القانون المدني,131,1948,53,مادة 53,general,False,,4,5,"–
)
1
(
الشخص الاعتباري يتمتع بجميع الحقوق الا ما اان منها ملازما
لصفة الانسان
الطبيعية، وذلك في الحدود التي قررها القانون
.
)
2
(
فيكون له
:
( ا )
ذمة مالية مستقلة
.
)
( ب
اهلية في الحدود التي يعينها سند انشايه، او التي يقررها القانون
.
( ج )
حق التقاضي

( د )
موطن مستقل
.
ويعتبر موطنه المكان الذي يوجد فيه مراز ادارته
.
وال
شراات التي يكون
مرازها الرييسي في الخارج ولها نشاط في مصر يعتبر مراز ادارتها، بالنسبة الي القانون
الداخلي، المكان الذي توجد فيه الادارة المحلية
.
)3
(ويكون له نايب يعبر عن ارادته
.
الجمعيات

المواد من 54
الي80 ملغاة
)1
(

الفصل الثالث
–
تقسيم الاشياء والامو
ال",587
civil_131_1948,القانون المدني,131,1948,81,مادة 81,general,False,,5,5,"–
)
1
(
ال شيء غير خارج عن التعامل بطبيعته او بحكم القانون يصح ان يكون محلا
للحقوق المالية
.
)2
(
، والاشياء التي تخرج عن التعامل بطبيعتها هي التي لا يستطيع احد ان يستاثر بحيازتها
واما الخارجة بحكم القانون فهي التي لا يجيز القانون ان تكون محلا للحق
وق المالية
.",261
civil_131_1948,القانون المدني,131,1948,82,مادة 82,optional,False,,5,5,"–
)
1
(
ال شيء مستقر بحيزه ثابت فيه لا يمكن نقله من دون تلف، فهو عقار وال ما
عدا ذلك من شيء فهو منقول
.
)2
(
ومع ذلك يعتبر عقارا بالتخصيص، المنقول الذي يضعه صاحبه في عقار يملكه، رصدا
علي خدمة هذا العقار او استغلاله
.",216
civil_131_1948,القانون المدني,131,1948,83,مادة 83,general,False,,5,5,"–
)
1
(
يعتبر
مالا عقاريا ال حق عيني يقع علي عقار، بما في ذلك حق الملكية،
واذلك ال دعوي تتعلق بحث عيني علي عقار
.
)2
(ويعتبر مالا منقولا ما عدا ذلك من الحقوق المالية
.",167
civil_131_1948,القانون المدني,131,1948,84,مادة 84,general,False,,5,5,"–
)
1
(
الاشياء القابلة للاستهلاك هي التي ينحصر استعمالها، بحسب ما اعدت له، في
استهلااها او ان
فاقها
.
)2
(فيعتبر قابلا للاستهلاك ال ما اعد في المتاجر للبيع
.",158
civil_131_1948,القانون المدني,131,1948,85,مادة 85,general,False,,5,5,"–
الاشياء المثلية هي التي يقوم بعضها مقام بعض عند الوفاء، والتي تقدر عادة في
التعامل بين الناس بالعدد او المقاس او الكيل او الوزن
.
مادة
86
– الحقوق التي ترد علي شيء غير مادي تنظمها قوا
نين خاصة
.",196
civil_131_1948,القانون المدني,131,1948,87,مادة 87,mandatory,False,,5,5,"–
)
1
(
تعتبر اموالا عامة، العقارات والمنقولات التي للدولة او للاشخاص الاعتبارية
العامة، والتي تكون مخصصة لمنفعة عامة بالفعل او بمقتضي قانون او مرسوم او قرار من
الوزير المختص
.
)2
(
وهذه الاموال لا يجوز التصرف فيها او الحجز عليها او تملكها
بالتقادم
)1
.(",254
civil_131_1948,القانون المدني,131,1948,88,مادة 88,general,False,,5,6,"–
تفقد الاموال العامة صفتها العامة بانهاء تخصيصها للمنفعة العامة
.
وينتهي
التخصيص بمقتضي قانون او مرسوم او قرار من الوزير المختص او بالفعل، او بانتهاء
الغرض الذي من اجله خصصت تلك الاموال للمنفعة العامة
)2
.(

القسم
الاول -
الالتزامات اوالحقوق الشخصية

الكتاب الاول-
الالتزامات بوجه عام
الكتاب الاول-
الباب الاول- مصادر الالتزام

الفصل الاول
–
العقد

1
-اراان العقد

الرضاء
:",374
civil_131_1948,القانون المدني,131,1948,89,مادة 89,general,False,,6,6,"–
يتم العقد بمجرد ان يتبادل طرفان التعبير عن ارادتين متطابقتين، مع مراعاة ما
يقر
ره القانون فوق ذلك من اوضاع معينة لانعقاد العقد
.",130
civil_131_1948,القانون المدني,131,1948,90,مادة 90,general,False,,6,6,"–
)
1
(
التعبير عن الارادة يكون باللفظ والكتابة وبالاشارة المتداولة عرفا، اما يكون
باتخاذ موقف لا تدع ظروف الحال شكا في دلالته علي حقيقة المقصود
.
)2
(ويجوز ان يكون التعبير عن الارادة ضمنيا، اذا لم ين
ص القانون او يتفق الطرفان علي ان
يكون صريحا
.",246
civil_131_1948,القانون المدني,131,1948,91,مادة 91,general,False,,6,6,"–
ينتج التعبير عن الارادة اثره في الوقت الذي يتصل فيه بعلم من وجه اليه، ويعتبر
وصول التعبير قرينة علي العلم به، ما لم يقم الدليل علي عكس ذلك
.",142
civil_131_1948,القانون المدني,131,1948,92,مادة 92,general,False,,6,6,"– اذا مات من صدر منه التعبير عن الارادة او فقد اهل
يته قبل ان ينتج التعبير اثره فان
ذلك لا يمنع من ترتب هذا الاثر عند اتصال التعبير بعلم من وجه اليه، هذا ما لم يتبين العكس
من التعبير او من طبيعة التعامل
.",204
civil_131_1948,القانون المدني,131,1948,93,مادة 93,general,False,,6,6,"–
)
1
(
اذا عين ميعاد للقبول التزم الموجب بالبقاء علي ايجابه الي ان ينقضي هذا
الميعاد
.
)2
(وقد ي
ستخلص الميعاد من ظروف الحال او من طبيعة المعاملة
.",148
civil_131_1948,القانون المدني,131,1948,94,مادة 94,general,False,,6,6,"–
)
1
(
اذا صدر الايجاب في مجلس العقد، دون ان يعين ميعاد القبول، فان الموجب
يتحلل من ايجابه اذا لم يصدر القبول فورا، واذلك الحال اذا صدر الايجاب عن شخص الي اخر
بطريق التليفون او باي طريق مماثل
.
)2
(
ومع ذلك يتم العقد، واو لم يصدر القبول فورا، اذا لم يوجد ما يدل علي ان الموجب قد عدل
عن ايجابه في الفترة ما بين الايجاب والقبول، واان القبول قد صدر قبل ان ينفض مجلس العقد
.",371
civil_131_1948,القانون المدني,131,1948,95,مادة 95,general,False,,6,6,"– اذا اتفق الطرفان علي جميع المسايل الجوهرية في العقد، واحتفظا بمسايل ت
فصيلية
عليها فيما بعد ولم يشترطا ان العقد لا يتم عند عدم الاتفاق عليها، اعتبر العقد قد تم
.
واذا قام
خلاف علي المسايل التي لم يتم الاتفاق عليها، فان المحكمة تقضي فيها طبقا لطبيعة المعاملة
ولاحكام القانون والعرف والعدالة
.",293
civil_131_1948,القانون المدني,131,1948,96,مادة 96,general,False,,6,6,"– اذا اقترن القبول بما يز
يد في الايجاب او يقيد منه او يعدل فيه، اعتبر رفضا يتضمن
ايجابا جديدا
.",96
civil_131_1948,القانون المدني,131,1948,97,مادة 97,general,False,,6,6,"–
)
1
(
يعتبر التعاقد ما بين الغايبين قد تم في المكان وفي الزمان اللذين يعلم فيهما
الموجب بالقبول، ما لم يوجد اتفاق او نص قانوني يقضي بغير ذلك
.
)2
(ويفترض ان الموجب قد علم بالقبو
ل في المكان وفي الزمان اللذان وصل اليه فيهما هذا
القبول
.",237
civil_131_1948,القانون المدني,131,1948,98,مادة 98,general,False,,6,6,"–
)
1
(
اذا اانت طبيعة المعاملة او العرف او غير ذلك من الظروف تدل علي ان
الموجب لم يكن لينتظر تصريحا بالقبول، فان العقد يعتبر قد تم، اذا لم يرفض الايجاب في وقت
مناسب
.
)2
(ويعتبر السكوت عن الر
د قبولا، اذا اان هناك تعامل سبق بين المتعاقدين واتصل الايجاب
بهذا التعامل، او اذا تمخض ايجاب لمنفعة من وجه اليه
.",306
civil_131_1948,القانون المدني,131,1948,99,مادة 99,general,False,,6,6,"–
لا يتم العقد في المزايدات الا برسوم المزاد، ويسقط العطاء بعطاء يزيد عليه ولو
اان باطلا
.",90
civil_131_1948,القانون المدني,131,1948,100,مادة 100,general,False,,6,6,"– القبول في عقود الاذعان يقتصر عل
ي مجرد التسليم بشروط مقررة يضعها الموجب
ولا يقبل مناقشة فيها
.",96
civil_131_1948,القانون المدني,131,1948,101,مادة 101,mandatory,False,,7,7,"–
)
1
(
الاتفاق الذي يعد بموجبه الا المتعاقدين

او احداهما بابرام عقد معين في المستقبل لا ينعقد، الا اذا عينت جميع المسايل الجوهرية للعقد
المراد ابرامه، والمدة التي يجب ابرامه فيها
.
)2
(
واذا اشترط القانون لتمام العقد استيفاء شكل معين، فهذا الشكل تجب مراعاته ايضا في
الاتفاق الذي يتضمن الوعد بابرام هذا العقد
.",311
civil_131_1948,القانون المدني,131,1948,102,مادة 102,general,False,,7,7,"–
اذا وعد شخص بابرام عقد ثم نكل وقاضاه المتعاقد الاخر طالبا تنفيذ الوعد، واانت
الشروط اللازمة لتمام العقد وبخاصة ما يتعلق م
نها بالشكل متوافرة، قام الحكم متي حاز قوة
الشيء المقضي به مقام العقد
.",194
civil_131_1948,القانون المدني,131,1948,103,مادة 103,general,False,,7,7,"–
)
1
(
، دفع العربون وقت ابرام العقد يفيد ان لكل من المتعاقدين الحق في العدول عنه
الا اذا قضي الاتفاق بغير ذلك
.
)2
(
فاذا عدل من دفع العربون وقت، فقده
.
واذا عدل من قبضه، رد ضعف
. ه
هذا ولو لم يترتب
علي العدول اي ضرر
.",220
civil_131_1948,القانون المدني,131,1948,104,مادة 104,general,False,,7,7,"–
)
1
(
اذا تم العقد بطريق النيابة، اان شخص النايب لا شخص الاصيل هو محل
الاعتبار عند النظر في عيوب الارادة او في اثر العلم ببعض الظروف الخاصة، او افتراض
العلم بها حتما
.
)2
(ومع ذلك اذا اان النايب وايلا ويتصر
ف وفقا لتعليمات

معينة صدرت له من مواله، فليس للموال ان يتمسك بجهل النايب لظروف اان يعلمها هو، او
اان المفروض حتما ان يعلمها
.",335
civil_131_1948,القانون المدني,131,1948,105,مادة 105,general,False,,7,7,"–
اذا ابرم النايب في حدود نيابته عقدا باسم الاصيل فان ما ينشا عن هذا العقد من
حقوق والتزامات يضاف الي الاصيل
.",110
civil_131_1948,القانون المدني,131,1948,106,مادة 106,general,False,,7,7,"–
اذا لم يعلن العاقد وقت ابرام العقد انه يتعاقد بصفته نايبا، فان اثر العقد لا يضاف
الي الاصيل داينا او مدينا، الا اذا اان من المفروض حتما ان من تعاقد معه النايب يعلم بوجود
النيابة، او اان يستوي عنده ان يتعامل مع الاصيل او النايب
.",230
civil_131_1948,القانون المدني,131,1948,107,مادة 107,general,False,,7,7,"–
اذا اان النايب
ومن تعاقد معه يجهلان معا وقت العقد انقضاء النيابة، فان اثر العقد
الذي يبرمه، حقا اان او التزاما، يضاف الي الاصيل او خلفايه
.",141
civil_131_1948,القانون المدني,131,1948,108,مادة 108,mandatory,False,,7,7,"–
لا يجوز لشخص ان يتعاقد مع نفسه باسم من ينوب عنه، سواء ااان التعاقد لحسابه
هو ام لحساب شخص اخر دون ترخيص من الاصيل
عل.
ي انه يجوز للاصيل في هذه الحالة ان
يجيز التعاقد
.
ال هذا مع مراعاة ما يخالفه، مما يقضي به القانون او قواعد التجارة
.",236
civil_131_1948,القانون المدني,131,1948,109,مادة 109,general,False,,7,7,"– ال شخص اهل للتعاقد ما لم تسلب اهليته او يحد منها بحكم القانون
.",65
civil_131_1948,القانون المدني,131,1948,110,مادة 110,general,False,,7,7,"– ليس للصغير غير المميز حق التصرف في ماله، وتكون جميع تصر
فاته باطلة
.",70
civil_131_1948,القانون المدني,131,1948,111,مادة 111,general,False,,7,7,"–
)
1
(
ًاذا اان الصبي مميزا اانت تصرفاته المالية صحيحة متي اانت نافعة نفعا
محضا، وباطلة متي اانت ضارة ضرراً محضا
.
)2
(
، اما التصرفات المالية الدايرة بين النفع والضرر، فتكون قابلة للابطال لمصلحة القاصر
ويزول حق التمسك بالابطال اذا اجاز
القاصر التصرف بعد بلوغه سن الرشد، او اذا صدرت
الاجازة من ولية او من المحكمة يحسب الاحوال وفقا للقانون
.",341
civil_131_1948,القانون المدني,131,1948,112,مادة 112,general,False,,7,7,"–
اذا بلغ الصبي المميز الثامنة عشرة من عمره واذن له في تسلم امواله لادارتها، او
تسلمها بحكم القانون، اانت اعمال الادارة منه صحيحة في الحدود ال
تي رسمها القانون
.",161
civil_131_1948,القانون المدني,131,1948,113,مادة 113,general,False,,7,7,"–
المجنون والمعتوه وذو الغفلة والسفيه تحجر عليهم المحكمة، وترفع الحجر عنهم
–
وفقا للقواعد وللاجراءات المقررة في القانون
.",121
civil_131_1948,القانون المدني,131,1948,114,مادة 114,general,False,,7,7,"-
)
1
(
يقع باطلا تصرف المجنون والمعتوه، اذا صدر التصرف بعد تسجيل قرار
الحجر
.
)2
(
اما اذا صدر التصرف
قبل تسجيل قرار الحجر فلا يكون باطلا الا اذا اانت حالة الجنون او
العته شايعة وقت التعاقد، او اان الطرف الاخر علي بينة منها
.",226
civil_131_1948,القانون المدني,131,1948,115,مادة 115,general,False,,8,8,"–
)
1
(
اذا صدر تصرف من ذي الغفلة او من السفيه بعد تسجيل قرار الحجر، سري
علي هذا التصرف ما يسري علي تصرفاته الصبي المميز من
احكام
.
)2
(
اما التصرف الصادر قبل تسجيل قرار الحجر فلا يكون باطلا او قابلا للابطال، الا اذا اان
نتيجة استغلال او تواطو
.",245
civil_131_1948,القانون المدني,131,1948,116,مادة 116,general,False,,8,8,"–
)
1
(
يكون تصرف المحجور عليه لسفه او غفلة بالوقف او بالوصية صحيحا، متي
اذنته المحكمة في ذلك
.
)2
(وتكون اعمال الادارة الصادرة من
المحجور عليه لسفه الماذون له بتسلم امواله، صحيحة
في الحدود التي رسمها القانون
.",210
civil_131_1948,القانون المدني,131,1948,117,مادة 117,general,False,,8,8,"-
)
1
(
اذا اان الشخص اصم ابكم، او اعمي ابكم، وتعذر عليه بسبب ذلك التعبير عن
ارادته، جاز للمحكمة ان تعين له مساعدا قضاييا يعاونه في التصرفات التي تقتضي مصلحته
فيها ذل
. ك
)2
(
ويكون قابلا للابطال ال تصرف من التصرفات التي تقررت المساعدة القضايية فيها، متي
صدر من الشخص الذي تقررت مساعدته قضاييا بغير معاونة المساعد، اذا صدر التصرف بعد
تسجيل قرار المساعدة
.",355
civil_131_1948,القانون المدني,131,1948,118,مادة 118,general,False,,8,8,"– التصرفات الصادرة من الاوصياء والقوام، تكون صحيحة في الحد
ود التي رسمها
القانون
.",82
civil_131_1948,القانون المدني,131,1948,119,مادة 119,optional,False,,8,8,"–
يجوز لناقص الاهلية ان يطلب ابطال العقد، وهذا مع عدم الاخلال بالزامه
بالتعويض، اذا لجا الي طرق احتيالية ليخفي نقص اهليته
.",123
civil_131_1948,القانون المدني,131,1948,120,مادة 120,general,False,,8,8,"-
اذا وقع المتعاقد في غلط جوهري جاز له ان يطلب ابطال العقد، ان اان المتعاقد
الاخر قد وقع
مثله في هذا الغلط، او اان علي علم به، او اان من السهل عليه ان يتبينه
.",159
civil_131_1948,القانون المدني,131,1948,121,مادة 121,mandatory,False,,8,8,"–
)
1
(
يكون الغلط جوهريا اذا بلغ حدا من الجسامة بحيث يمتنع معه المتعاقد عن ابرام
العقد لو لم يقع في هذا الغلط
.
)2
(ويعتبر الغلط جوهريا علي الاخص
.
( ا )
اذا وقع في صفة للشيء تكون
جوهرية في اعتبار المتعاقدين او يجب اعتبارها اذلك لما
يلابس العقد من ظروف ولما ينبغي في التعامل من حسن نية
.
)
( ب
اذا وقع في ذات التعاقد او في صفة صفاته، واانت تلك الذات او هذه الصفة السبب
الرييسي في التعاقد
.",390
civil_131_1948,القانون المدني,131,1948,122,مادة 122,general,False,,8,8,"– يكون العقد قابلا للابطال لغلط في الق
انون، اذا توافرت فيه شروط الغلط في الواقع
طبقا للمادتين السابقتين، هذا ما لم يقض القانون بغيره
.",135
civil_131_1948,القانون المدني,131,1948,123,مادة 123,mandatory,False,,8,8,"–
لا يوثر في صحة العقد مجرد الغلط في الحساب، ولا غلطات القلم، ولكن يجب
تصحيح الغلط
.",84
civil_131_1948,القانون المدني,131,1948,124,مادة 124,general,False,,8,8,"–
)
1
(ليس لمن وقع في غلط ان يتمسك به علي وجه يتعارض مع م
ا يقضي به حسن
النية
.
)2
(
ويبقي بالاخص ملزما بالعقد الذي قصد ابرامه، اذا اظهر الطرف الاخر استعداده لتنفيذ هذا
العقد
.",176
civil_131_1948,القانون المدني,131,1948,125,مادة 125,optional,False,,8,8,"–
)
1
(
يجوز ابطال العقد للتدليس اذا اانت الحيل التي لجا اليها احد المتعاقدين، او
نايب عنه، من الجسامة بحيث لولاها لما ابرم الطرف ا
لثاني العقد
.
)2
(
ويعتبر تدليسا السكوت عمدا عن واقعة او ملابسة، اذا ثبت ان المدلس عليه ما اان ليبرم
العقد لو علم بتلك الواقعة او هذه الملابسة
.",276
civil_131_1948,القانون المدني,131,1948,126,مادة 126,general,False,,8,8,"–
اذا صدر التدليس من غير المتعاقدين، فليس للمتعاقد المدلس عليه ان يطلب ابطال
العقد، ما لم يثبت ان التعا
قد الاخر اان من المفروض حتما ان يعلم بهذا التدليس
.",155
civil_131_1948,القانون المدني,131,1948,127,مادة 127,optional,False,,8,9,"–
)
1
(
يجوز ابطال العقد للااراه اذا تعاقد شخص تحت سلطان رهبة بعثها المتعاقد
الاخر في نفسه دون حق واانت قايمة علي اساس
.
)
2
(
وتكون الرهبة قايمة علي اساس اذا اانت ظروف الحال تصور للطرف الذي يدعها ان
خط
را جسيما محدقا يهدده هو او غيره في النفس او الجسم او الشرف او المال
.
)3
(
ويراعي في تقدير الااراه جنس من وقع عليه الااراه وسنه وحالته الاجتماعية والصحية
وال ظرف اخر من شانه ان يوثر في جسامة الااراه
.",403
civil_131_1948,القانون المدني,131,1948,128,مادة 128,general,False,,9,9,"– اذا صدر الااراه من غير المتعاقدين، فليس للمتعا
قد المكره ان يطلب ابطال العقد،
ما لم يثبت ان المتعاقد الاخر اان يعلم او اان من المفروض حتما ان يعلم بهذا الااراه
.",163
civil_131_1948,القانون المدني,131,1948,129,مادة 129,general,False,,9,9,"–
)
1
(
اذا اانت التزامات احد المتعاقدين لا تتعادل البتة مع ما حصل عليه هذا المتعاقد
من فايدة بموجب العقد او مع التزامات المتعاقد الاخر
، وتبين ان المتعاقد المغبون لم يبرم العقد
الا لان المتعاقد الاخر قد استغل فيه طيشا بينا او هوي جامحا، جاز للقاضي بناء علي طلب
المتعاقد المغبون ان يبطل العقد او ينقص التزامات هذا المتعاقد
.
)2
(ويجب ان ترفع الدعوي بذلك خلال سنة من تاريخ العقد، والا اانت غ
ير مقبولة
.
)3
(
ويجوز في عقود المعاوضة ان يتوفي الطرف الاخر دعوي الابطال، اذا عرض ما يراه
القاضي اافيا لرفع الغبن
.",507
civil_131_1948,القانون المدني,131,1948,130,مادة 130,general,False,,9,9,"–
يراعي في تطبيق المادة السابقة عدم الاخلال بالاحكام الخاصة بالغبن في بعض
العقود او بسعر الفايدة
.
المحل
:",106
civil_131_1948,القانون المدني,131,1948,131,مادة 131,optional,False,,9,9,"–
)
1
(يجوز ان ي
كون محل الالتزام شييا مستقبلا
.
)2
(
غير ان التعامل في تراة انسان علي قيد الحياة باطل ولو اان برضاه،الا في الاحوال التي
نص عليها في القانون
.",158
civil_131_1948,القانون المدني,131,1948,132,مادة 132,general,False,,9,9,"– اذا اان محل الالتزام مستحيلا في ذاته اان العقد باطلا
.",56
civil_131_1948,القانون المدني,131,1948,133,مادة 133,optional,False,,9,9,"–
)
1
(
، اذا لم يكن محل الالتزام معينا بذاته
وجب ان يكون معينا بنوعه ومقداره والا
اان العقد باطلا
.
)2
(
ويكفي ان يكون المحل معينا بنوعه فقط اذا تضمن العقد ا يستطاع به تعيين مقداره
.
واذا لم
يتفق المتعاقدان علي درجة الشيء، من حيث جودته ولم يمكن استخلاص ذلك من العرف او من
اي ظرف اخر، التزم المدين بان
يسلم شييا من صنف متوسط
.",326
civil_131_1948,القانون المدني,131,1948,134,مادة 134,general,False,,9,9,"-
اذا اان محل الالتزام نقودا، التزم المدين بقدر عددها المذاور في العقد دون ان
يكون لارتفاع قيمة هذه النقود او لانخفاضها وقت الوفاء اي اثر
.",139
civil_131_1948,القانون المدني,131,1948,135,مادة 135,general,False,,9,9,"- اذا اان محل الالتزام مخالفا للنظام العام او الاداب اان العقد باطلا
.
السبب
:",78
civil_131_1948,القانون المدني,131,1948,136,مادة 136,general,False,,9,9,"–
اذا لم يكن للالتزام سبب، او اان سببه مخالفا للنظام العام او الاداب، اان العقد
باطلا
.",87
civil_131_1948,القانون المدني,131,1948,137,مادة 137,general,False,,9,9,"–
)
1
(
ال الالتزام لم يذار له سبب في العقد يفترض ان له سببا مشروعا، ما لم يقم
الدليل علي غير ذلك
.
)2
(
ويعتبر السبب المذاور في العقد هو السبب الحقيقي
حتي

يقوم الدليل علي ما يخالف ذلك، فاذا قام الدليل علي صورية السبب فعلي من يدعي ان للالتزام
سببا اخر مشروعا ان يثبت ما يدعيه
.
البطلان
:",288
civil_131_1948,القانون المدني,131,1948,138,مادة 138,general,False,,9,9,"–
اذا جعل القانون لاحد المتعاقدين حقا في ابطال العقد فليس للمتعاقد الاخر ان يتمسك
بهذا الحق
.",93
civil_131_1948,القانون المدني,131,1948,139,مادة 139,general,False,,9,9,"-
)
1
(يزول
حق ابطال العقد بالاجازة الصريحة او الضمنية
.
)2
(وتستند الاجازة الي التاريخ الذي تم فيه العقد، دون اجلال بحقوق الغير
.",130
civil_131_1948,القانون المدني,131,1948,140,مادة 140,mandatory,False,,9,10,"-
)
1
(يسقط الحق في ابطال العقد اذا لم يتمسك به صاحبه خلال ثلاث سنوات
.
)2
(
ويبدا سريان هذه المدة، في حالة نقض الاهلية، من اليوم
الذي يزول فيه هذا السبب، وفي
حالة الغلط او التدليس، من اليوم الذي ينكشف فيه، وفي حالة الااراه من يوم انقطاعه، وفي
ال حال لا يجوز التمسك بحق الابطال لغلط او تدليس او ااراه اذا انقضت خمس عشرة سنة من
وقت تمام العقد
.",343
civil_131_1948,القانون المدني,131,1948,141,مادة 141,general,False,,10,10,"-
)
1
(اذا اان العقد باطلا جاز ل
كل ذي مصلحة ان يتمسك بالبطلان، وللمحكمة ان
تقضي به من تلقاء نفسها ولا يزول البطلان بالاجازة
.
)2
(وتسقط دعوي البطلان بمضي خمس عشرة سنة من وقت العقد
.",182
civil_131_1948,القانون المدني,131,1948,142,مادة 142,mandatory,False,,10,10,"-
)
1
(
في حالتي ابطال العقد وبطلانه يعاد المتعاقدان الي الحالة التي اانا عليها قبل
العقد، فاذا اان
هذا مستحيلا جاز الحكم بتعويض معادل
.
)2
(
ومع ذلك لا يلزم ناقص الاهلية، اذا ابطل العقد لنقص اهليته، ان يرد غير ما عاد عليه من
منفعة بسبب تنفيذ العقد
.",250
civil_131_1948,القانون المدني,131,1948,143,مادة 143,general,False,,10,10,"-
اذا اان العقد في شق منه باطلا او قابلا للابطال فهذا الشق وحده هو الذي يبطل، الا
اذا تبين ان ال
عقد ما اان ليتم بغير الشق الذي وقع او قابلا للابطال فيبطل العقد اله
.",166
civil_131_1948,القانون المدني,131,1948,144,مادة 144,general,False,,10,10,"-
اذا اان العقد باطلا او قابلا للابطال وتوافرت فيه اراان عقد اخر، فان العقد يكون
صحيحا باعتباره العقد الذي توافرت اراانه، اذا تبين ان نية المتعاقدين اانت تنصرف الي ابرام
هذا الع
.قد
2
- اثار العقد",196
civil_131_1948,القانون المدني,131,1948,145,مادة 145,general,False,,10,10,"–
يتصرف اثر العقد الي المتعاقدين والخلف العام، دون اخلال بالقواعد المتعلقة
بالميراث، ما لم يتبن من العقد او من طبيعة التعامل او من نص القانون ان هذا الاثر لا ينصرف
الي الخلف العام
.",181
civil_131_1948,القانون المدني,131,1948,146,مادة 146,general,False,,10,10,"–
اذا انشا العقد التزامات وحقوقا شخصية
تتصل بشيء انتقل بعد ذلك الي خلف خاص
، فان هذه الالتزامات والحقوق تنتقل الي هذا الخلف في الوقت الذي ينتقل فيه الشيء، اذا اانت
من مستلزماته واان الخلف الخاص يعلم بها وقت انتقال الشيء اليه
.",226
civil_131_1948,القانون المدني,131,1948,147,مادة 147,optional,False,,10,10,"-
)
1
(
العقد شريعة المتعاقدين، فلا يجوز نقضه ولا تعديله الا
باتفاق الطرفين، او
للاسباب التي يقررها القانون
.
)2
(
ومع ذلك اذا طرات حوادث استينافية عامة لم يكن في الوسع توقعها وترتب علي حدوثها ان
تنفيذ الالتزام التعاقدي، وان لم يصبح مستحيلا، صار مرهقا للمدين بحيث يهدده بخسارة فادحة
، جاز للقاضي تبعا للظروف وبعد الم
وازنة بين مصلحة الطرفين ان يرد الالتزام المرهق الي
الحد المعقول
.
ويقع باطلا ال اتفاق علي خلاف ذلك
.",417
civil_131_1948,القانون المدني,131,1948,148,مادة 148,mandatory,False,,10,10,"–
)
1
(يجب تنفيذ العقد طبقا لما اشتمل عليه وبطريقه تتفق مع ما يوجبه حسن النية
.
)2
(
ولا يقتصر العقد علي الزام المتعاقد بما ورد فيه، ولكن يتناول ايضا
ما هو من مستلزماته،
وفقا للقانون والعرف والعدالة بحسب طبيعة الالتزام
.",220
civil_131_1948,القانون المدني,131,1948,149,مادة 149,general,False,,10,10,"-
اذا تم العقد بطريق الاذعان، واان قد تضمن شروطا تعسفية جاز للقاضي ان يعدل
هذه الشروط او ان يعفي الطرف المذعن منها، وذلك وفقا لما تقضي به العدالة
.
ويقع باطلا ال
اتفاق علي خلا
ف ذلك
.",183
civil_131_1948,القانون المدني,131,1948,150,مادة 150,optional,False,,10,10,"-
)
1
(
اذا اانت عبارة العقد واضحة، فلا يجوز الانحراف عنها من طريق تفسيرها
للتعرف علي ارادة المتعاقدين
.
)2
(
اما اذا اان هناك محل لتفسير العقد، فيجب البحث عن النية المشتراة للمتعاقدين دون
الوقوف عند المعني الحرفي للالفاظ، مع الاستهداء في ذلك
بطبيعة التعامل، وبما ينبغي ان
يتوافر من امانة وثقة بين المتعاقدين، وفقا للعرف الجاري في المعاملات
.",342
civil_131_1948,القانون المدني,131,1948,151,مادة 151,mandatory,False,,10,10,"-
)
1
(يفسر الشك في مصلحة المدين
.
)2
(
ومع ذلك لا يجوز ان يكون تفسير العبارات الغامضة في عقود الاذعان ضارا بمصلحة
الطرف المذعن
.",129
civil_131_1948,القانون المدني,131,1948,152,مادة 152,optional,False,,10,10,"- لا يرتب ال
عقد التزاما في ذمة الغير، ولكن يجوز ان يكسبه حقا
.",63
civil_131_1948,القانون المدني,131,1948,153,مادة 153,mandatory,False,,11,11,"-
)
1
(
اذا تعهد شخص بان يجعل الغير يلتزم بامر فلا يلزم الغير بتعهده
.
فاذا رفض
الغير ان يلتزم، وجب علي المتعهد ان يعوض من تعاقد معه، ويجوز له مع ذلك ان يتخلص من
التعويض بان يقوم هو بنفسه الالتزام
الذي تعهد به
.
)2
(
اما اذا قبل الغير هذا التعهد، فان قبوله لا ينتج اثرا غلا من وقت صدروه، ما لم يتبين انه
قصد صراحة او ضمنا ان يستند اثر هذا القبول الي الوقت الذي صدر فيه التعهد
.",377
civil_131_1948,القانون المدني,131,1948,154,مادة 154,optional,False,,11,11,"-
)
1
(
، يجوز للشخص ان يتعاقد باسمه علي التزامات يشترطها لمصلحة الغير
اذا اان
له في تنفيذ هذه الالتزامات مصلحة شخصية مادية اانت او ادبية
.
)2
(
ويترتب علي هذا الاشتراط ان يكسب الغير حقا مباشرا قبل المتعهد بتنفيذ الاشتراط يستطيع
ان يطالبه بوفايه، ما لم يتفق علي خلاف ذلك
.
ويكون لهذا المتعهد ان يتمسك قبل المنتفع
بالدفوع التي ت
نشا عن العقد
.
)3
(
ويجوز اذلك للمشترط ان يطالب بتنفيذ ما اشتراط لمصلحة المنتفع، الا اذا تبين من العقد ان
المنتفع وحده هو الذي يجوز له ذلك
.",468
civil_131_1948,القانون المدني,131,1948,155,مادة 155,optional,False,,11,11,"-
)
1
(
يجوز للمشترط دون داينيه او ورثته ان ينقض المشارطة قبل ان يعلن المنتفع
الي المتعهد او الي المشترط رغبته
في الاستفادة منها، ما لم يكن مخالفا لما يقتضيه العقد
.
)2
(
ولا يترتب علي نقض المشارطة ان تبرا ذمة المتعهد قبل المشترط، الا اذا اتفق صراحة او
ضمنا علي خلاف ذلك وللمشترط اخلال منتفع اخر محل المنتفع الاول، اما له ان يستاثر لنفسه
بالانتفاع من المشارطة
.",361
civil_131_1948,القانون المدني,131,1948,156,مادة 156,optional,False,,11,11,"-
، يجوز في الاشتراط لمصلحة الغير ان يكون المنتفع شخصا مستقبلا او جهة مستقبلة
اما يجوز ان يكون شخصا او جهة لم يعينا وقت العقد، متي اان تعيينهما مستطاعا وقت ان ينتج
العقد اثره طبقا للمشارطة
.
3
- انحلال العقد",207
civil_131_1948,القانون المدني,131,1948,157,مادة 157,optional,False,,11,11,"-
)
1
(في العقود الملزمة للجانبين، اذا
لم يوف احد المتعاقدين بالتزامه جاز للمتعاقد
الاخر بعد اعذاره المدين ان يطالب بتنفيذ العقد او بفسخه، مع التعويض في الحالتين ان اان له
مقتض
.
)2
(
ويجوز للقاضي ان تمنح المدين اجلا اذا اقتضت الظروف ذلك، اما يجوز له ان رفض
الفسخ اذا اان ما لم يوف به المدين قل
يل الاهمية بالنسبة الي الالتزام في حملته
.",337
civil_131_1948,القانون المدني,131,1948,158,مادة 158,optional,False,,11,11,"-
يجوز الاتفاق علي ان يعتبر العقد مفسوخا من تلقاء نفسه دون حاجة الي حكم قضايي
عند عدم الوفاء بالالتزامات الناشية عنه، وهذا الاتفاق لا يعفي من الاعذار، الا اذا اتفق
المتعاقدان صراحة علي الاعفاء منه
.",198
civil_131_1948,القانون المدني,131,1948,159,مادة 159,general,False,,11,11,"-
في العقود الملزمة للجانبين اذا انقضي التزام بسبب استحالة تنفيذه انقضت معه
الالتزامات المقابلة له وينفسخ العقد من تلقاء نفسه
.",127
civil_131_1948,القانون المدني,131,1948,160,مادة 160,general,False,,11,11,"-
اذا فسخ العقد اعيد المتعاقدان الي الحالة التي اانا عليها قبل العقد، فاذا استحال ذلك
جاز الحكم بالتعويض
.",106
civil_131_1948,القانون المدني,131,1948,161,مادة 161,general,False,,11,11,"- في
العقود الملزمة للجانبين اذا اانت الالتزامات المتقابلة التزامه اذا لم يقيم المتعاقد
الاخر بتنفيذ ما التزم به
.

الفصل الثاني
–
الارادة المنفردة",147
civil_131_1948,القانون المدني,131,1948,162,مادة 162,general,False,,11,12,"-
)
1
(
من وجه للجمهور وعدا بجايزة يعطيها عن عمل معين التزام باعطاء الجايزة
لمن قام بهذا العمل، ولو قام ب
ه دون نظر الي الوعد بالجايزة او دون علم بها
.
)2
(
واذا لم يعين الواعد اجلا للقيام بالعمل جاز له الرجوع في وعده باعلان للجمهور، علي الا
يوثر ذلك في حق من اتم العمل قبل الرجوع في الوعد، وتسقط دعوي المطالبة بالجايزة اذا لم
ترفع خلال ستة اشهر من تاريخ اعلانه
العدول للجمهور
.
الفصل الثالث
–
العمل غير المشروع
1
- المسيولية عن الاعمال الشخصية",444
civil_131_1948,القانون المدني,131,1948,163,مادة 163,mandatory,False,,12,12,"-
)
1
(ال خطا سبب ضررا للغير يلزم من ارتكبه بالتعويض
.
)2
(
ومع ذلك اذا وقع الضرر من شخص غير مميز ولم يكن هناك من هو مسيول عنه، او تعذر
الحصول علي تعويض من المسيول، جاز
للقاضي ان يلزم من وقع منه الضرر بتعويض عادل
، مراعيا في ذلك مراز الخصوم
.",242
civil_131_1948,القانون المدني,131,1948,164,مادة 164,general,False,,12,12,"- يكون الشخص مسيولا عن اعماله غير المشروعة متي صدرت منه وهو مميز
.",66
civil_131_1948,القانون المدني,131,1948,165,مادة 165,general,False,,12,12,"-
اذا اثبت الشخص ان الضرر قد نشا عن سبب اجنبي لا يد له فيه، احادث مفاجي او
قوة قاهرة او خطا من المض
رور او خطا من الغير، اان غير ملزم بتعويض هذا الضرر ما لم
يوجد نص او اتفاق علي غير ذلك
.",187
civil_131_1948,القانون المدني,131,1948,166,مادة 166,general,False,,12,12,"-
من احدث ضررا وهو في حالة دفاع شرعي عن نفسه او ماله او عن نفس الغير او
ماله، اان غير مسيول، علي الا تجاوز في دفاعه القدر الضروري، والا اصبح ملزما
بتعويض ترا
عي فيه مقتضيات العدالة
.",182
civil_131_1948,القانون المدني,131,1948,167,مادة 167,general,False,,12,12,"-
لا يكون الموظف العام مسيولا عن عمله الذي اضر بالغير اذا قام به تنفيذا لامر
صدر اليه من رييس، متي اانت اطاعه هذا الامر واجبة عليه، او اان يعتقد انها واجبة، واثبت
انه اان يعتقد مشروعية العمل الذي وقع منه، واان اعتقاده مب
نيا علي اسباب معقولة، وانه
راعي في عمله جانب الحيطة
.",274
civil_131_1948,القانون المدني,131,1948,168,مادة 168,general,False,,12,12,"-
من سبب ضررا للغير ليتفادي ضررا اابر، محدقا به او بغيره، لا يكون ملزما الا
بالتعويض الذي يراه القاضي مناسبا
.",110
civil_131_1948,القانون المدني,131,1948,169,مادة 169,general,False,,12,12,"-
، اذا تعدد المسيولون عن عمل ضار اانوا متضامنين في التزامهم بتعويض الضرر
وتكون المسيولية فيما بينهم بالتساوي، الا اذا عين القاضي نصيب ال منهم في التعويض
.",155
civil_131_1948,القانون المدني,131,1948,170,مادة 170,general,False,,12,12,"-
يقدر القاضي مدي التعويض عن الضرر الذي لحق المضرور طبقا لاحكام المادتين
221
،
222
مراعيا في ذلك الظروف الملابسة، فان لم يتيسر له وقت الحكم ان يعين مدي
التعويض تعي
ينا نهاييا، فله ان يحتفظ للمضرور بالحق في ان يطالب خلال مدة معينة باعادة
النظر في التقدير
.",255
civil_131_1948,القانون المدني,131,1948,171,مادة 171,optional,False,,12,12,"-
)
1
(
يعين القاضي طريقة التعويض تبعا للظروف ويصح ان يكون التعويض مقسطا
اما يصح ان يكون ايرادا مرتبا، ويجوز في هاتين الحالتين الزام المدين بان يقدم تامينا
.
)2
(
، ويقدر التعويض بالنقد علي انه يجوز للقاضي، تبعا للظروف وبناء علي طلب المضرور
ان يامر باعادة الحالة الي ما اانت عليه، او ان يحكم باداء امر معين متصل بالعمل غير
المشروع، وذلك علي سبيل التعويض
.",355
civil_131_1948,القانون المدني,131,1948,172,مادة 172,general,False,,12,12,"-
)
1
(
تسقط بالتقادم دعوي التعويض الناشية ع العمل
غير المشروع بانقضاء ثلاث
سنوات من اليوم الذي علم فيه المضرور بحدوث الضرر وبالشخص المسيول عنه
.
وتسقط هذه
الدعوي في ال حال، بانقضاء خمس عشرة سنه من يوم وقع العمل غير المشروع
.
)2
(علي انه اذا اانت هذه الدعوي ناشية عن جريمة، واانت الدعوي الجنايية لم تسقط بع
د
انقضاء المواعيد المذاورة في الفقرة السابقة، فان دعوي التعويض لا تسقط الا بسقوط الدعوي
الجنايية
.
2
- المسيولية عن عمل الغير",432
civil_131_1948,القانون المدني,131,1948,173,مادة 173,mandatory,False,,12,13,"-
)
1
(
ال من يجب عليه قانونا او اتفاقا رقابة شخص في حاجة الي الرقابة، بسبب
قصره او بسبب حالته العقلية او الجسمية يكون ملزما
بتعويض الضرر الذي يحدثه ذلك الشخص
للغير بعمله غير المشروع
.
ويترتب هذا الالتزام ولو اان من وقع منه العمل الضار غير مميز
.
)2
(
ويعتبر القاصر في حاجة الي الرقابة اذا لم يبلغ خمس عشر سنة، او بلغها واان في انف
القايم علي تربيته
.
وتنتقل الرقابة علي القاصر الي
معمله في المدرسة او المشرف علي الحرفة،
مادام القاصر تحت اشراف المعلم او المشرف
.
وتنتقل الرقابة علي الزوجة القاصر الي زوجها
او الي من يتولي الرقابة علي الزوج
.
)
3
(
ويستطيع المكلف بالرقابة ان تخلص من المسيولية اذا اثبت انه قام بواجب الرقابة، او اثبت
ان ال
ضرر اان لابد واقعا ولو قام بهذا الواجب بما ينبغي من العناية
.",700
civil_131_1948,القانون المدني,131,1948,174,مادة 174,general,False,,13,13,"-
)
1
(
يكون المتبوع مسيولا عن الضرر الذي يحدثه تابعه بعمله غير المشروع، متي
اان واقعا منه في حال تادية وظيفته او بسببها
.
)2
(
، وتقوم رابطة التبعية، ولو لم يكن المتبوع حرا في اختيار تابعة
متي اانت له عليه سلطة
فعلية في رقابته وفي توجيهه
.",240
civil_131_1948,القانون المدني,131,1948,175,مادة 175,general,False,,13,13,"-
للمسيول عن عمل الغير حق الرجوع عليه في الحدود التي يكون فيها الغير مسيولا
عن تعويض الضرر
.
3
- المسيولية الناشية عن الاشياء",125
civil_131_1948,القانون المدني,131,1948,176,مادة 176,general,False,,13,13,"- حارس الحيوان، ولو لم يكن مالكا له، مسيول عما يحدثه الحيوان من
ضرر، ولو
ضل الحيوان او تسرب، ما لم يثبت الحارس ان وقوع الحادث اان بسبب اجنبي لا يد له فيه
.",155
civil_131_1948,القانون المدني,131,1948,177,مادة 177,mandatory,False,,13,13,"-
)
1
(
، حارس البناء، ولو لم يكن مالكا له، مسيول عما يحدثه انهدام البناء من ضرر
ولو اان انهداما جزييا، ما لم يثبت ان الحادث لا يرجع سببه الي اهمال في ال
صيانة او قدم في
البناء او عيب فيه
.
)2
(
ويجوز لمن اان مهددا بضرر يصيبه من البناء ان يطالب المالك باتخاذ ما يلزم من التدابير
الضرورية لدرء الخطر، فان لم يقم المالك بذلك جاز الحصول علي اذن من المحكمة في اتخاذ
هذه التدابير علي حسابه
.",386
civil_131_1948,القانون المدني,131,1948,178,مادة 178,general,False,,13,13,"- ال من تولي حرا
سة اشياء تتطلب حراستها عناية خاصة او حراسة الات ميكانيكية
يكون مسيولا عما تحدثه هذه الاشياء من ضرر، ما لم يثبت ان وقع الضرر اان بسبب اجنبي لا
يد له فيه، هذا مع عدم الاخلال بما يرد في ذلك من احكام خاصة
.
الفصل الرابع
–
الاثراء بلا سبب",250
civil_131_1948,القانون المدني,131,1948,179,مادة 179,mandatory,False,,13,13,"- ال شخص، ول
و غير مميز، يثري دون سبب مشروع علي حساب شخص اخر
يلتزم في حدود ما اثري به بتعويض هذا الشخص عما لحقه من خسارة، ويبقي هذا الالتزام قايما
ولو زال الاثراء فيما بعد
.",173
civil_131_1948,القانون المدني,131,1948,180,مادة 180,general,False,,13,13,"-
تسقط دعوي التعويض عن الاثراء بلا سبب بانقضاء ثلاث سنوات من اليوم الذي
يعلم فيه من لح
قته الخسارة بحقه في التعويض، وتسقط الدعوي، اذلك في جميع الاحوال
بانقضاء خمس عشرة سنة من اليوم الذي ينشا فيه هذا الحق
.
1
- دفع غير المستحق",225
civil_131_1948,القانون المدني,131,1948,181,مادة 181,general,False,,13,13,"-
)
1
(ال من تسلم علي سبيل الوفاء ما ليس مستحقا له وجب عليه رده
.
)2
(علي انه لا محل للرد اذا اان من قام بالوفا
ء يعلم انه غير ملزم بما دفعه، الا ان يكون ناقص
الاهلية، او يكون قد ااره علي هذا الوفاء
.",200
civil_131_1948,القانون المدني,131,1948,182,مادة 182,general,False,,13,13,"-
يصح استرداد غير المستحق اذا اان الوفاء قد تم تنفيذا الالتزام لم يتحقق سببه او
لالتزام زال سببه بعد ان تحقق
.",110
civil_131_1948,القانون المدني,131,1948,183,مادة 183,optional,False,,13,13,"-
)
1
(يصح اذلك استرداد غير المستحق، اذا
اان الوفاء قد تم تنفيذا الالتزام لم يحل
اجله واان الموفي جاهلا قيام الاجل
.
)2
(
علي انه يجوز للداين ان يقتصر علي رد ما استفادة بسبب الوفاء المعجل في حدود ما لحق
المدين من ضرر
.
فاذا اان الالتزام الذي لم يحل اجله نقودا، التزام الداين ان يرد للمدين فايدتها
بسعرها القانوني او الاتفاقي عن المدة الباقية لحلول الاجل
.",355
civil_131_1948,القانون المدني,131,1948,184,مادة 184,general,False,,13,13,"-
لا محل لاسترداد غير المستحق اذا حصل الوفاء من غير المدين وترتب عليه ان
الداين، وهو حسن النية، قد تجرد من سند الدين، او مما حصل عليه من التامينات او ترك
دعواه قبل المدين الحقيقي تسقط بال
تقادم
.
ويلتزم المدين الحقيقي في هذه الحالة بتعويض الغير
الذي قام بالوفاء
.",263
civil_131_1948,القانون المدني,131,1948,185,مادة 185,mandatory,False,,13,14,"-
)
1
(اذا اان من تسلم غير المستحق حسن النية فلا يلتزم ان يرد غلا ما تسلم
.
)
2
(
اما اذا اان سيي النية فانه يلتزم ان يرد ايضا الفوايد والارباح التي جناها، او التي قصر في
جنيها
من الشيء الذي تسلمه بغير حق، وذلك من يوم الوفاء او من اليوم الذي اصبح فيه سيي
النية
.
)3
(وعلي اي حال يلتزم من تسلم غير المستحق برد الفوايد والثمرات من يوم رفع الدعوي
.",345
civil_131_1948,القانون المدني,131,1948,186,مادة 186,general,False,,14,14,"-
اذا لم تتوافر اهلية التعاقد فيمن تسلم غير المستحق فلا يكون ملتزما الا بالقدر
الذي
اثري به
.",93
civil_131_1948,القانون المدني,131,1948,187,مادة 187,general,False,,14,14,"-
تسقط دعوي استرداد ما دفع بغير حق بانقضاء ثلاث سنوات من اليوم الذي يعلم فيه
من دفع غير المستحق بحقه في الاسترداد، وتسقط الدعوي اذلك في جميع الاحوال بانقضاء
خمس عشرة سنة من اليوم ينشا فيه هذا الحق
.
2
- الفضالة",210
civil_131_1948,القانون المدني,131,1948,188,مادة 188,general,False,,14,14,"-
الفضالة هي ان
يتولي شخص عن قصد القيام بشان عاجل لحساب اخر، دون ان
يكون ملزما بذلك
.",85
civil_131_1948,القانون المدني,131,1948,189,مادة 189,optional,False,,14,14,"-
، تتحقق الفضالة ولو اان الفضولي، في اثناء توليه شانا لنفسه، قد تولي شان غيره
لما بين الشانين من ارتباط لا يمكن معه القيام باحدهما منفصلا عن الاخر
.",149
civil_131_1948,القانون المدني,131,1948,190,مادة 190,general,False,,14,14,"- تسري قواعد الواال
ة اذا اقر رب العمل ما قام به الفضولي
.",58
civil_131_1948,القانون المدني,131,1948,191,مادة 191,mandatory,False,,14,14,"-
يجب علي الفضولي ان بمضي في العمل الذي بداه الي ان يتمكن رب العمل من
مباشرته بنفسه، اما يجب عليه ان يخطر بتدخله رب العمل متي استطاع ذلك
.",138
civil_131_1948,القانون المدني,131,1948,192,مادة 192,mandatory,False,,14,14,"-
)
1
(يجب علي الفضولي ان يبذل في القيام بالعمل عناية الشخص العا
دي، ويكون
مسيولا عن خطيه
.
ومع ذلك يجوز للقاضي ان ينقض التعويض المترتب علي هذا الخطا، اذا
اانت الظروف تبرر ذلك
.
)2
(
واذا عهد الفضولي الي غيره بكل العمل او ببعضه اان مسيولا عن تصرفات نايبه، دون
اخلال بما لرب العمل من الرجوع مباشرة علي هذا النايب
.
)3
(واذ
ا تعدد الفضوليون في القيام بعمل واحد، اانوا متضامنين في المسيولية
.",389
civil_131_1948,القانون المدني,131,1948,193,مادة 193,mandatory,False,,14,14,"-
يلتزم الفضولي بما يلتزم به الوايل من رد ما استولي عليه بسبب الفضالة، وبتقديم
حساب عما قام به
.",96
civil_131_1948,القانون المدني,131,1948,194,مادة 194,mandatory,False,,14,14,"-
)
1
(اذا مات الفضولي التزام ورثته بما يلتزم به ورثة الوايل طبقا لاحكام الم
ادة
717
فقرة2.

)
2
(واذا مات رب العمل بقي الفضولي ملتزما نحو الورثة بما اان ملتزما به نحو مورثهم
.",176
civil_131_1948,القانون المدني,131,1948,195,مادة 195,general,False,,14,14,"-
يعتبر الفضولي نايبا عن رب العمل، متي اان قد بذل في ادارته عناية الشخص
العادي، ولو لم تتحقق النتيجة المرجوة
.
وفي هذه الحالة يكون ر العمل ملزما بان
ينفذ التعهدات
التي عقدها الفضولي لحسابه، وان يعوضه عن التعهدات التي التزم بها، وان يرد له النفقات
الضرورية والنافعة التي سوغتها الظروف مضافا اليها فوايدها من يوم دفعها، وان يعوضه عن
الضرر الذي لحقه قيامه بالعمل، ولا يستحق الفضولي اجرا علي عمله الا ان
يكون من اعمال
مهنته
.",421
civil_131_1948,القانون المدني,131,1948,196,مادة 196,general,False,,14,14,"-
)
1
(
اذا لم تتوافر في الفضولي اهلية التعاقد فلا يكون مسيولا عن ادارته الا بالقدر
الذي اثري به، ما لم تكن مسيوليته ناشية عن عمل غير مشروع
.
)2
(اما رب العمل فتبقي مسيوليته ااملة، ولو لم تتوافر فيه اهلية التعاقد
.",214
civil_131_1948,القانون المدني,131,1948,197,مادة 197,general,False,,14,14,"- تسقط
الدعوي الناشية عن الفضالة بانقضاء ثلاث سنوات من اليوم الذي يعلم فيه ال
طرف بحقه
.
وتسقط اذلك في جميع الاحوال بانقضاء خمس عشرة سنة من اليوم الذي ينشا فيه
هذا الحق
.
الفصل الخامس
–
القانون",193
civil_131_1948,القانون المدني,131,1948,198,مادة 198,general,False,,14,15,"- الالتزامات التي تنشا مباشرة عن القانون وحدة تسري عليها النص
وص
القانونية التي انشاتها
.
الكتاب الاول -
الباب الثاني- اثار الالتزام

الباب الثاني

اثار الالتزام",161
civil_131_1948,القانون المدني,131,1948,199,مادة 199,general,False,,15,15,"-
)
1
(ينفذ الالتزام جبرا علي المدين
.
)2
(ومع ذلك اذا اان الالتزام طبيعيا فلا جبر في تنفيذه
.",94
civil_131_1948,القانون المدني,131,1948,200,مادة 200,optional,False,,15,15,"-
يقدر القاضي، عند عدم النص، ما اذا اان هناك
التزام طبيعي
.
وفي ال حال لا
يجوز ان يقوم التزام طبيعي يخالف النظام العام
.",120
civil_131_1948,القانون المدني,131,1948,201,مادة 201,general,False,,15,15,"- لا يسترد المدين ما اداه باختياره، قاصدا ان يوفي التزاما طبيعيا
.",66
civil_131_1948,القانون المدني,131,1948,202,مادة 202,general,False,,15,15,"- الالتزام الطبيعي يصلح سببا لالتزام مدني
.
الفصل الاول
–
التنفيذ العيني",72
civil_131_1948,القانون المدني,131,1948,203,مادة 203,general,False,,15,15,"-
)
1
(
يجبر المدين
بعد اعذاره طبقا للمادتين 219
،
220
علي تنفيذ التزامه تنفيذا عينيا
، متي اان ذلك ممكنا
.
)2
(
، علي انه اذا اان في التنفيذ العيني ارهاق للمدين جاز له ان يقتصر علي دفع تعويض نقدي
اذ اان ذلك لا يلحق بالداين ضررا جسيما
.",236
civil_131_1948,القانون المدني,131,1948,204,مادة 204,general,False,,15,15,"- الالتزام بنقل الملكية او اي حق ع
يني اخر ينقل من تلقاء نفسه هذا الحق، اذا اان
محل الالتزام شييا معينا بالذات يملكه الملتزم، وذلك دون اخلال بالقواعد المتعلقة بالتسجيل
.",169
civil_131_1948,القانون المدني,131,1948,205,مادة 205,optional,False,,15,15,"-
)
1
(
اذا ورد الالتزام بنقل حق عيني علي شيء لم يعين الا بنوعه فلا ينتقل الحق الا
بافراز هذا الشيء
.
)2
(فاذا لم ي
قم المدين بتنفيذ التزامه، جاز للداين ان يحصل علي شيء من النوع ذاته علي نفقة
المدين بعد استيذان القاضي او دون استيذانه في حالة الاستعجال، اما يجوز له ان يطالب بقيمة
الشيء من غير اخلال في الحالتين بحقه في التعويض
.",328
civil_131_1948,القانون المدني,131,1948,206,مادة 206,general,False,,15,15,"- الالتزام بنقل حق عيني يتضمن الال
تزام بتسليم الشيء والمحافظة عليه حتي التسليم
.",81
civil_131_1948,القانون المدني,131,1948,207,مادة 207,general,False,,15,15,"-
)
1
(
اذا التزم المدين ان ينقل حقا عينيا او ان يقوم بعمل، وتضمن التزامه ان يسلم
شييا ولم يقم بتسليمه بعد ان اعذار، فان هلاك الشيء يكون عليه ولو اان الهلاك قبل الاعذار
علي الداين
.
)2
(ومع ذلك لا يكون ا
لهلاك علي المدين، ولو اعذر، اذا اثبت ان الشيء اان يهلك اذلك عند
الداين لو انه سلم اليه، ما لم يكن المدين قد قبل ان يتحمل تبعة الحوادث المفاجية
.
)3
(علي ان الشيء المسروق اذا هناك او ضاع باية صورة اانت تبعة الهلاك تقع علي السارق
.",433
civil_131_1948,القانون المدني,131,1948,208,مادة 208,general,False,,15,15,"- في الالتزام بعم
ل، اذا نص الاتفاق او استوجبت طبيعة الذين ان ينفذ المدين الالتزام
بنفسه جاز للداين ان يرفض الوفاء من غير المدين
.",130
civil_131_1948,القانون المدني,131,1948,209,مادة 209,general,False,,15,15,"-
)
1
(
في الالتزام بعمل، اذا لم يقم المدين بتنفيذ التزامه جاز للداين ان يطلب ترخيصا
من القضاء في تنفيذ الالتزام علي نفقة المدين اذا اان
هذا التنفيذ ممكنا
.
)2
(
ويجوز في حالة الاستعجال ان ينفذ الداين الالتزام علي نفقة المدين، دون ترخيص من
القضاء
.",248
civil_131_1948,القانون المدني,131,1948,210,مادة 210,general,False,,15,15,"- في الالتزام بعمل يقوم حكم القاضي مقام التنفيذ، اذا سمحت بهذا طبيعة الالتزام
.",79
civil_131_1948,القانون المدني,131,1948,211,مادة 211,general,False,,15,15,"-
)
1
(في الالتزام بعمل، اذا اان المطلوب من المدي
ن هو ان يحافظ علي الشيء او ان
يقوم بادارته او ان يتوخي الحيطة في تنفيذ التزامه فان المدين يكون قد وفي بالالتزام اذا بذل في
تنفيذه من العناية ال ما يبذله الشخص العادي، ولو لم يتحقق الغرض المقصود
.
هذا ما لم ينص
القانون او الاتفاق علي غير ذلك
.
)2
(وفي ال حا
ل يبقي المدين مسيولا عما ياتيه من غش او خطا جسيم
.",357
civil_131_1948,القانون المدني,131,1948,212,مادة 212,general,False,,15,16,"-
اذا التزم المدين بالامتناع عن عمل واخل بهذا الالتزام، جاز للداين ان يطلب ازالة
ما وقع مخالفا للالتزام وله ان يطلب من القضاء ترخيصا في ان يقوم بهذه الازالة علي نفقة
المدين
.",174
civil_131_1948,القانون المدني,131,1948,213,مادة 213,penalty,False,,16,16,"-
)
1
(اذا اان ت
نفيذ الالتزام عينا غير ممكن او غير ملايم الا اذا قام به المدين نفسه،
جاز للداين ان يحصل علي الحكم بالزام المدين بهذا التنفيذ وبدفع غرامة تهديديه ان امتنع عن
ذلك
.
)2
(
واذا راي القاضي ان مقدار الغرامة ليس اافيا لااراه المدين الممتنع عن تنفيذ جاز له ان
يزيد
في الغرامة الما راي داعيا للزيادة
.",309
civil_131_1948,القانون المدني,131,1948,214,مادة 214,mandatory,False,,16,16,"-
اذا تم التنفيذ العيني او اصر المدين علي رفض التنفيذ حدد القاضي مقدار التعويض
الذي يلزم به المدين مراعيا في ذلك الضرر الذي اصاب الداين والعنت الذي بدا من المدين
.",163
civil_131_1948,القانون المدني,131,1948,215,مادة 215,general,False,,16,16,"- اذا استحال علي المدين ان ينفذ الالتزام ع
ينا حكم عليه بالتعويض لعدم الوفاء بالتزامه
، ما لم يثبت ان استحالة التنفيذ قد نشات عن سبب اجنبي لا يد له فيه
.
ويكون الحكم اذلك اذا
تاخر المدين في تنفيذ التزامه
.
الفصل الثاني
–
التنفيذ بطريق التعويض",242
civil_131_1948,القانون المدني,131,1948,216,مادة 216,optional,False,,16,16,"-
يجوز للقاضي ان ينقضي مقدار التعويض او الا يحكم
بتعويض ما اذا اان الداين
بخطيه قد اشترك في احداث الضرر او زاد فيه
.",116
civil_131_1948,القانون المدني,131,1948,217,مادة 217,optional,False,,16,16,"-
)
1
(يجوز الاتفاق علي ان يتحمل المدين تبعة الحادث المفاجي والقوة القاهرة
.
)2
(
واذلك يجوز الاتفاق علي اعفاء المدين من اية مسيولية تترتب علي عدم تنفيذ التزامه
التعاقدي الا ما ينشا ع
ن غشه او عن خطيه الجسيم، ومع ذلك يجوز للمدين ان يشترط عدم
مسيوليته عن الغش او الخطا الجسيم الذي يقع من اشخاص يستخدمهم في تنفيذ التزامه
.
)3
(ويقع باطلا ال شرط يقضي بالاعفاء من المسيولية المترتبة علي العمل غير المشروع
.",402
civil_131_1948,القانون المدني,131,1948,218,مادة 218,general,False,,16,16,"- لا يستحق التعويض الا بعد اعذ
ار المدين، ما لم ينص علي غير ذلك
.",65
civil_131_1948,القانون المدني,131,1948,219,مادة 219,optional,False,,16,16,"-
يكون اعذار المدين بانذاره او بما يقوم مقام الانذار، ويجوز ان يتم الاعذار عن
طريق البريد علي الوجه المبين في قانون المرافعات، اما يجوز ان يكون مترتبا علي اتفاق
يقضي بان يكون المدين معذورا بمجرد حلول الاجل دون ح
اجة الي اي اجراء اخر
.",234
civil_131_1948,القانون المدني,131,1948,220,مادة 220,general,False,,16,16,"- لا ضرورة لاعذار المدين في الحالات الاتية
:
( ا )
اذا اصبح تنفيذ الالتزام غير ممكن او غير مجد بفعل المدين
.
)
( ب
اذا اان محل الالتزام تعويضا ترتب علي عمل غير مشروع
.
( ج )
اذا اان محل الالتزام رد شيء يعلم المدين انه مسروق او شيء
تسلمه دون حق وهو عالم
بذلك
.
( د )
اذا صرح المدين اتابة انه لا يريد القيام بالتزامه
.",316
civil_131_1948,القانون المدني,131,1948,221,مادة 221,mandatory,False,,16,16,"-
)
1
(
اذا لم يكن التعويض مقدرا في العقد او بنص في القانون، فالقاضي هو الذي
يقدره، ويشمل التعويض ما لحق الداين من خسارة وما فاته من اسب، بشرط ان يكون هذا
نتيجة ط
بيعية لعدم الوفاء بالالتزام او للتاخر في الوفاء به، ويعتبر الضرر نتيجة طبيعية اذا لم
يكن في استطاعه الداين ان يتوقا ببذل جهد معقول
.
)2
(
ومع ذلك اذا اان الالتزام مصدره العقد، فلا يلتزم لمدين الذي لم يرتكب غشا او خطا جسيما
الا بتعويض الضرر الذي اان يمكن تو
قعه عادة وقت التعاقد
.",442
civil_131_1948,القانون المدني,131,1948,222,مادة 222,mandatory,False,,16,16,"-
)
1
(
يشمل التعويض الضرر الادبي ايضا، ولكن لا يجوز في هذه الحالة ان ينتقل
الي الغير الا اذا تحدد بمقتضي اتفاق، او طالب الداين به امام القضاء
.
)2
(ومع ذلك لا يجوز الحكم بتعويض الا للازواج والاقارب الي الدرجة الثانية عما يصيبه
م من
الم من جراء موت المصاب
.",257
civil_131_1948,القانون المدني,131,1948,223,مادة 223,optional,False,,16,16,"-
يجوز للمتعاقدين ان يحددا مقدما قيمة التعويض بالنص عليها في العقد او في اتفاق
لاحق، ويراعي في هذه الحالة احكام المواد من 215
الي220
.",134
civil_131_1948,القانون المدني,131,1948,224,مادة 224,general,False,,16,17,"-
)
1
(لا يكون التعويض الاتفاقي مستحقا اذا اثبت المدين ان الداين لم يلحقه اي
ضرر
.
)
2
(
ويجوز للقاضي ان يخفض هذا التعويض اذا اثبت المدين ان التقدير اان مبالغا فيه الي درجة
ابيرة، او ان الالتزام الاصلي قد نفذ في جزء منه
.
)3
(ويقع باطلا ال اتفاق يخالف احكام الفقرتين السابقتين
.",278
civil_131_1948,القانون المدني,131,1948,225,مادة 225,optional,False,,17,17,"- اذا جاوز الضرر قيمة التعويض الاتفاقي فلا يجوز ل
لداين ان يطالب بااثر من هذه
القيمة الا اذا اثبت ان المدين قد ارتكب غشا او خطا جسيما
.",135
civil_131_1948,القانون المدني,131,1948,226,مادة 226,general,False,,17,17,"-
اذا اان محل الالتزام مبلغا من النقود واان معلوم المقدار وقت الطلب وتاخر المدين
في الوفاء به، اان ملزما بان يدفع للداين علي سبيل التعويض عن التاخر فوايد قدرها ار
بعة في
الماية في المسايل المدنية وخمسة في الماية في المسايل التجارية
.
وتسري هذه الفوايد من تاريخ
المطالبة القضايية بها، وان لم يحدد الاتفاق او العرف التجاري تاريخا اخر لسريانها، وهذا اله
ما لم ينص القانون علي غيره
.",379
civil_131_1948,القانون المدني,131,1948,227,مادة 227,optional,False,,17,17,"-
)
1
(يجوز للمتعاقدين ان يتفقا
علي سعر اخر للفوايد سواء ااان ذلك في مقابل تاخير
الوفاء ام في اية حالة في الماية، فاذا اتفقا علي فوايد تزيد علي هذا السعر وجب تخفيضها الي
سبعة ف الماية وتعين رد ما دفع زايدا علي هذا القدر
.
)2
(وال عمولة او منفعة، ايا ااان نوعها، اشترطها الداين اذا زادت
هي والفايدة المتفق عليه
علي الحد الاقصي المتقدم ذاره تعتبر فايدة مستترة، وتكون قابلة للتخفيض، اذا ما ثبت ان هذه
العمولة او المنفعة لاتقابلها بخدمة حقيقة يكون الداين قد اداها ولا منفعة مشروعة
.",478
civil_131_1948,القانون المدني,131,1948,228,مادة 228,general,False,,17,17,"- لا يشترط لاستحقاق فوايد التاخير قانونية اانت او ات
فاقية ان يثبت الداين ضرر لحقه
من هذا التاخير
.",99
civil_131_1948,القانون المدني,131,1948,229,مادة 229,general,False,,17,17,"-
اذا تسبب الداين، بسوء نية، وهو يطالب بحقه، في اطالة امد النزاع فللقاضي ان
يخفض الفوايد قانونية اانت او اتفاقية او لا يقضي بها اطلاقا عن المدة التي طال فيها النزاع بلا
مبرر
.",175
civil_131_1948,القانون المدني,131,1948,230,مادة 230,general,False,,17,17,"-
عند توزيع ثمن
الشيء بيع جبرا لا يكون الداينون المقبولون في التوزيع مستحقين
بعد رسوم المزاد لفوايد تاخير عن الانصبة التي تقررت لهم في هذا التوزيع الا اذا اان الراسي
عليه المزاد ملزما بدفع فوايد الثمن، او اانت خزانة المحكمة ملزمة بهذه الفوايد بسبب ايداع
الثمن فيها، علي
الا يتجاوز ما يتقاضاه الداينون من فوايد في هذه الحالة ما هو مستحق منها قبل
الراسي عليه المزاد او خزانة المحكمة
.
وهذه الفوايد تقسم بين الداينين جميعا قسمة غرماء
.",432
civil_131_1948,القانون المدني,131,1948,231,مادة 231,optional,False,,17,17,"-
يجوز للداين ان يطالب بتعويض تكميلي يضاف الي فوايد، اذا ثبت ان الضرر الذي
يجاوز الفو
ايد قد تسبب فيه المدين بسوء نية
.",119
civil_131_1948,القانون المدني,131,1948,232,مادة 232,mandatory,False,,17,17,"-
لا يجوز تقاضي فوايد علي متجمد الفوايد، ولا يجوز في اية حال ان يكون مجموع
الفوايد التي يتقاضاها الداين ااثر من راس المال وذلك اله دون اخلال بالقواعد والعادات
التجارية
.",169
civil_131_1948,القانون المدني,131,1948,233,مادة 233,general,False,,17,17,"- الفوايد التجارية التي تسري علي الح
ساب الجاري يختلف سعرها القانوني باختلاف
الجهات، ويتبع في طريقة حساب الفوايد المرابة في الحساب الجاري ما يقضي به العرف
التجاري
.
الفصل الثالث

ما يكفل حقوق الداينين من وسايل تنفيذ ووسايل ضمان",227
civil_131_1948,القانون المدني,131,1948,234,مادة 234,general,False,,17,17,"-
)
1
(اموال المدين جميعها ضامنة للوفاء بديونه
.
)2
(وجميع ا
لداينين متساوون في هذا الضمان الا من اان له منهم حق التقدم طبقا للقانون
.
1
- وسايل التنفيذ",152
civil_131_1948,القانون المدني,131,1948,235,مادة 235,mandatory,False,,17,18,"-
)
1
(
لكل داين ولو لم يكن حقه مستحق الاداء ان يستعمل باسم مدينه جميع حقوق هذا
المدين، الا ما اان منها متصلا بشخصه خاصة او غير قابل للحجز
.
)2
(ولا يكون استعما
ل الداين لحقوق مدنية مقبولا الا اذا اثبت ان المدين لم يستعمل هذه الحقوق
وان عدم استعماله لها من شانه ان يسبب اعساره او ان يزيد في هذا الاعسار، ولا يشترط اعذار
المدين لاستعمال حقه ولكن يجب ادخاله خصما في الدعوي
.",372
civil_131_1948,القانون المدني,131,1948,236,مادة 236,general,False,,18,18,"- يعتبر الداين في استعماله حقوق مدني
ة نايبا عن هذا المدين، وال فايدة تنتج من
استعمال هذه الحقوق تدخل في اموال المدين وتكون ضمانا لجميع داينيه
.",144
civil_131_1948,القانون المدني,131,1948,237,مادة 237,general,False,,18,18,"-
لكل داين اصبح حقه مستحق الاداء، وصدر من مدينه تصرف ضار به ان يطلب
عدم نفاذ هذا التصرف في حقه، اذا اان التصرف قد انقص من حقوق المدين او ز
اد في
التزاماته وترتب عليه اعسار المدين او الزيادة في اعساره، وذلك متي توافرت الشروط
المنصوص عليها في المادة التالية
.",257
civil_131_1948,القانون المدني,131,1948,238,مادة 238,general,False,,18,18,"-
)
1
(
اذا اان تصرف المدين بعوض، اشتراط لعدم نفاذه في حق الداين ان يكون
منطويا علي غش من المدين، وان يكون من صدر له التصرف علي
علم بهذا الغش، ويكفي
لاعتبار التصرف منطويا علي الغش ان يكون قد صدر من المدين وهو عالم انه معسر، اما
يعتبر من صدر له التصرف عالما بغش المدين اذا اان قد علم ان هذا المدين معسر
.
)2
(اما اذا اان التصرف تبرعا، فانه لا ينفذ في حق الداين، ولو اان من صدر له ال
تبرع حسن
النية ولو ثبت ان المدين لم يرتكب غشا
.
)3
(
واذا اان الخلف الذي انتقل اليه الشيء من المدين قد تصرف فيه بعوض الي خلف اخر، فلا
يصح للداين ان يتمسك بعدم نفاذ التصرف الا اذا اان الحلف الثاني يعلم غش المدين، وعلم
الحلف الاول بهذا الغش، ان اان المدين ق
د تصرف بعوض، او اان هذا الحلف الثاني يعلم
اعسار المدين وقت تصرفه للحلف الاول ان اان المدين قد تصرف له تبرعا
.",747
civil_131_1948,القانون المدني,131,1948,239,مادة 239,general,False,,18,18,"-
، اذا ادعي الداين اعسار المدين فليس عليه الا ان يثبت مقدار ما في ذمته من ديون
وعلي المدين نفسه ان يثبت ان له مالا يساوي قيمة الديون او ي
زيد عليها
.",150
civil_131_1948,القانون المدني,131,1948,240,مادة 240,general,False,,18,18,"-
متي تقرر عدم نفاذ التصرف استفاد من ذلك جميع الداينين الذين صدر هذا التصرف
اضرارا بهم
.",88
civil_131_1948,القانون المدني,131,1948,241,مادة 241,definition,False,,18,18,"-
اذا اان من تلقي حقا من المدين المعسر لم يدفع ثمنه، فانه يتخلص من الدعوي متي
اان هذا الثمن هو ثمن المثل، وقام بايداعه خزانة المحكمة
.
مادة
242
-
)
1
(
اذا لم يقصد بالغش الا تفضيل داين علي اخر دون حق، فلا يترتب عليه الا
حرمان الداين من هذه الميزة
.
)2
(
واذا وفي المدين المعسر احد داينيه قبل انقضاء الاجل الذي عين اصلا للوفاء، فلا يسري
هذا الوفاء في حق باقي الداينين، واذلك لا يسري في حقهم الوفاء
ولو حصل بعد انقضاء هذا
الاجل، اذا اان قد تم نتيجة تواطو المدين والداين الذي استوفي حقه
.",485
civil_131_1948,القانون المدني,131,1948,243,مادة 243,general,False,,18,18,"-
تسقط بالتقادم دعوي عدم نفاذ التصرف بانقضاء ثلاث سنوات من اليوم الذي يعلم فيه
الداين بسبب عدم نفاذ التصرف وتسقط في جميع الاحوال بانقضاء خمس عشرة سنة من الوقت
الذي صدر فيه التصرف المطعون فيه
.",192
civil_131_1948,القانون المدني,131,1948,244,مادة 244,general,False,,18,18,"-
)
1
(
اذا ابرم عقد صوري فلدايني المتعاقدين وللخلف الخاص، متي اانوا حسن النية
، ان يتمسكوا بالعقد الصوري، اما ان لهم ان يتمسكوا بالعقد المستتر ويثبتوا بجميع الوسايل
صورية العقد الذي اضر بهم
.
)2
(واذا تعارضت مصالح ذ
وي الشان، فتمسك بعضهم بالعقد الظاهر وتمسك الاخرون بالعقد
المستتر، اانت الافضلية للاولين
.",306
civil_131_1948,القانون المدني,131,1948,245,مادة 245,penalty,False,,18,18,"-
اذا ستر المتعاقدان عقدا حقيقيا بعقد ظاهر، فالعقد النافذ فيما بين المتعاقدين والخلف
العام هو العقد الحقيقي
.
2
-
احدي وسايل الضمان
:
الحق في الحبس",147
civil_131_1948,القانون المدني,131,1948,246,مادة 246,mandatory,False,,18,19,"- )
1
(
لكل من التزم باداء شيء ان يمتنع عن الوفاء به، مادام الداين لم يعرض الوفاء
بالتزام مترتب عليه بسبب التزام المدين ومرتبط به، او مادام الداين لم يقم بتقديم تامين ااف
للوفاء بالتزامه هذا
.
)2
(ويكون ذلك بوجه خاص لحايز الشيء او محرزه، اذا هو انفق عليه مصر
وفات ضرورية
او نافعة، فان له ان يمتنع عن رد هذا الشيء حتي يستوفي ما هو مستحق له، الا ان يكون
الالتزام بالرد ناشيا عن عمل غير مشروع
.",391
civil_131_1948,القانون المدني,131,1948,247,مادة 247,general,False,,19,19,"-
)
1
(مجرد الحق في حبس الشيء لا يثبت حق امتياز عليه
.
)2
(وعلي الحابس ان يحافظ علي الشيء وفقا لاحكام رهن الحيازة وع
ليه ان يقدم حسابا عن
غلته
.
)3
(
واذا اان الشيء المحبوس يخشي عليه الهلاك او التلف، فللحابس ان يحصل علي اذن من",226
civil_131_1948,القانون المدني,131,1948,119,مادة 119,penalty,False,,19,19,"، وينتقل الحق في الحبس من
الشيء الي ثمنه
.",42
civil_131_1948,القانون المدني,131,1948,248,مادة 248,penalty,False,,19,19,"-
)
1
(ينقضي الحق في الحبس بخروج الشيء من ي
د حايزة او محرزه
.
)2
(
ومع ذلك يجوز لحابس الشيء، اذا خرج الشيء من يده خفية او بالرغم من معارضته، ان
يطلب استرداده، اذا هو قام بهذا الطلب خلال ثلاثين يوما من الوقت الذي علم فيه بخروج الشيء
من يده وقبل انقضاء سنة من وقت خروجه
.
3
- الاعسار",282
civil_131_1948,القانون المدني,131,1948,249,مادة 249,optional,False,,19,19,"- يجوز ا
ن يشهر اعسار المدين اذا اانت امواله لا تكفي لوفاء ديونه المستحقة الاداء
.",82
civil_131_1948,القانون المدني,131,1948,250,مادة 250,general,False,,19,19,"-
يكون شهر الاعسار بحكم تصدره المحكمة الابتدايية التي يتبعها موطن المدين، بناء
علي طلب المدين نفسه او طلب احد داينيه، وتنظر الدعوي علي وجه السرعة
.",147
civil_131_1948,القانون المدني,131,1948,251,مادة 251,general,False,,19,19,"- علي المحكمة في ا
ل حال، قبل ان تشهر اعسار المدين، ان تراعي في تقديرها
جميع الظروف التي احاطت به، سواء ااانت هذه الظروف عامة ام خاصة
.
فتنظر الي موارده
المستقبلة ومقدرته الشخصية ومسيوليته عن الاسباب التي ادت الي اعساره، ومصالح داينيه
المشروعة، وال ظرف اخر من شانه ان يو
ثر في حالته المالية
.",292
civil_131_1948,القانون المدني,131,1948,252,مادة 252,general,False,,19,19,"-
مدة المعارضة في الاحكام الصادرة في شان الاعسار ثمانية ايام، ومدة استينافها
خمسة عشرة يوما، تبدا من تاريخ اعلان تلك الاحكام
.",126
civil_131_1948,القانون المدني,131,1948,253,مادة 253,general,False,,19,19,"-
)
1
(
علي ااتب المحكمة في اليوم الذي تقيد فيه دعوي الاعسار ان يسجل صحيفتها
في سجل خاص يرتب
بحسب اسماء المعسرين، وعليه ان يوشر في هامش التسجيل المذاور
بالحكم الصادر في الدعوي، وبكل حكم يصدر بتاييده او بالغايه، وذلك اله يوم صدور الحكم
.
)2
(
وعلي الكاتب ايضا ان يرسل الي قلم اتاب محكمة مصر صورة من هذه التسجيلات
والتاشيرات لاثباتها في سجل عام، ينظ
م وفقا لقرار يصر من وزير العدل
.",380
civil_131_1948,القانون المدني,131,1948,254,مادة 254,mandatory,False,,19,19,"-
يجب علي المدين اذا تغير موطنه ان يخطر بذلك ااتب المحكمة التي يتبعها موطنه
السابق، وعلي هذا الكاتب بمجرد علمه بتغير الموطن، سواء اخطره المدين ام علم ذلك من اي
طريق اخر، ان يرسل علي نفقة المدين صورة من حكم شهر الا
عسار ومن البيانات الموشر بها
في هامش التسجيل الي المحكمة التي يتبعها الموطن الجديد لتقوم بقيدها في سجلاتها
.",322
civil_131_1948,القانون المدني,131,1948,255,مادة 255,optional,False,,19,19,"-
)
1
(
يترتب علي الحكم بشهر الاعسار ان يحل ال ما في ذمة المدين من ديون موجلة
.
ويخصم من هذه الديون مقدار الفايدة الاتفاقية او القانونية عن ال
مدة التي سقطت بسقوط الاجل
.
)2
(
ومع ذلك يجوز للقاضي ان يحكم، بناء علي طلب المدين وفي مواجهة دوي الشان من داينيه
، بابقاء الاجل او مدة بالنسبة الي الديون الموجلة
.
اما يجوز له ان يمنح المدين اجلا بالنسبة الي
الديون الحالة، اذا راي ان هذا الاجراء تبرره الظر
وف، وانه خير وسيلة تكفل مصالح المدين
والداينين جميعا
.",454
civil_131_1948,القانون المدني,131,1948,256,مادة 256,mandatory,False,,19,19,"-
)
1
(لا يحول شهر الاعسار دون اتخاذ الداينين لاجراءات فردية ضد المدين
.
)2
(
علي انه لا يجوز ان يحتج علي الداينين الذين يكون لهم حقوق سابقة علي تسجيل صحيفة
دعوي الاعسار باي اختصاص يقع علي عقارات
المدين بعد هذا التسجيل
.",220
civil_131_1948,القانون المدني,131,1948,257,مادة 257,general,False,,19,19,"-
مت سجلت صحيفة دعوي الاعسار فلا يسري في حق الداينين اي تصرف للمدين
يكون من شانه ان ينقص من حقوقه او يزيد في التزاماته، اما لا يسري في حقهم اي وفاء يقم به
المدين
.",163
civil_131_1948,القانون المدني,131,1948,258,مادة 258,optional,False,,20,20,"-
)
1
(يجوز للمدين ان يتصرف في ماله، ولو بغير رضاء ا
لداينين، علي ان يكون
ذلك بثمن المثل، وان يقو المشتري بايداع الثمن خزانة المحكمة حتي يوزع وفقا لاجراءات
التوزيع
.
)2
(
فاذا اان الثمن الذي يبع به المال اقل من ثمن المثل، اان التصرف غير سار في حق
الداينين، الا اذا اودع المشتري فوق الثمن الذي اشتري به ما نق
ص من ثمن المثل
.",324
civil_131_1948,القانون المدني,131,1948,259,مادة 259,general,False,,20,20,"-
اذا اوقع الداينون الحجز علي ايرادات المدين، اان لرييس المحكمة المختصة بشهر
الاعسار ان يقرر للمدين، بناء علي عريضة يقدمها، نفقة يتقاضاها من ايراداته المحجوزة،
ويجوز التظلم من الامر الذي يصدر علي هذه العريضة، في مدة ثلاثة ايام
من تاريخ صدوره،
ان اان التظلم من المدين، ومن تاريخ اعلان الامر للداينين ان اان التظلم منهم
.",319
civil_131_1948,القانون المدني,131,1948,260,مادة 260,penalty,False,,20,20,"- يعاقب المدين بعقوبة التبديد في الحالتين الاتيتين
:
( ا )
اذا رفعت عليه دعوي بدين فتعمد الاعسار، بقصد الاصرار بداينيه، وانتهت الدعوي
بصدور حكم عليه بالد
ين وشهر اعساره
.
)
( ب
ان اان بعد الحكم بشهر اعساره اخفي بعض امواله ليحول دون التنفيذ عليها، او اصطنع
ديونا صورية او مبالغا فيها، وذلك اله بقصد الاضرار بداينيه
.",315
civil_131_1948,القانون المدني,131,1948,261,مادة 261,general,False,,20,20,"-
)
1
(
، تنتهي حالة الاعسار بحكم تصدره المحكمة الابتدايية التي يتبعها موطن المدين
بناء
علي طلب ذي شان في الحالتين الاتيتين
:
( ا )
متي ثبت ان ديون المدين اصبحت لا تزيد علي امواله
.
)
( ب
متي قام المدين بوفاء ديونه التي حلت دون ان يكون لشهر الاعسار اثر في حلولها
.
وفي
هذه الحالة تعود اجال الديون التي حلت بشهر الاعسار الي ما اانت عليه من قبل وفق
ا للمادة
263
.

)
2
(
ويوشر ااتب المحكمة من تلقاء نفسه بالحكم الصادر بانهاء حالة الاعسار يوم صدوره علي",449
civil_131_1948,القانون المدني,131,1948,253,مادة 253,general,False,,20,20,"، وعليه ان يرسل صورة منه الي قلم اتاب
محكمة مصر للتاشير به اذلك
.",65
civil_131_1948,القانون المدني,131,1948,262,مادة 262,general,False,,20,20,"-
تنتهي حالة الاعسار بقوة القانون متي انقضت
خمس سنوات علي تاريخ التاشير
بالحكم الصادر بشهر الاعسار
.",100
civil_131_1948,القانون المدني,131,1948,263,مادة 263,optional,False,,20,20,"-
يجوز للمدين بعد انهاء حالة الاعسار ان يطلب اعادة الديون التي اانت قد حلت
بسبب شهر الاعسار ولم يتم دفعها الي اجلها السابق، بشرط ان يكون قد وفي ديونه التي حلت
دون ان يكون لشهر الاعسار اثر في
حلولها
.",199
civil_131_1948,القانون المدني,131,1948,264,مادة 264,general,False,,20,20,"-
انهاء حالة الاعسار بحكم او بقوة القانون لا يمنه الداينين من الطعن في تصرفات
المدين، ولا من التمسك باستعمال حقوقه وفقا للمواد من 235
الي243
.

الكتاب الاول-
الباب الثالث- الاوصاف المعدلة لاثر الالتزام

الباب الثالث

الاوصاف المعدلة لا
ثر الالتزام

الفصل الاول
–
الشرط والاجل

1
- الشرط",286
civil_131_1948,القانون المدني,131,1948,265,مادة 265,general,False,,20,20,"-
يكون الالتزام معلقا علي شرط اذا اان وجوده او زواله مترتبا علي امر مستقبل غير
محقق الوقوع
.",92
civil_131_1948,القانون المدني,131,1948,266,مادة 266,general,False,,20,21,"-
)
1
(
لا يكون الالتزام قايما اذا علق علي شرط غير ممكن او علي شرط مخالف
للاداب او النظام العام، هذا
اذا اان الشرط وافقا
.
اما اذا اان فاسخا فهو نفسه الذي يعتبر غير
قايم
.
)2
(
ومع ذلك لا يقوم الالتزام الذي علق علي شرط فاسخ مخالف للاداب او النظام العام، اذا اان
هذا الشرط هو السبب الدافع للالتزام
.",298
civil_131_1948,القانون المدني,131,1948,267,مادة 267,general,False,,21,21,"- لا يكون الالتزام قايما اذا علق علي شرط واقف يجعل و
جود الالتزام متوقفا علي
محض ارادة الملتزم
.",96
civil_131_1948,القانون المدني,131,1948,268,مادة 268,optional,False,,21,21,"-
اذا اان الالتزام معلقا علي شرط واقف، فلا يكون نافذا الا اذا تحقق الشرط
.
اما قبل
تحقق الشرط، فلا يكون الالتزام قابلا للتنفيذ القهري ولا للتنفيذ الاختياري، علي انه يجوز
للداين ان يتخذ من الاجراءات ما ي
حافظ به علي حقه
.",220
civil_131_1948,القانون المدني,131,1948,269,مادة 269,general,False,,21,21,"-
)
1
(
يترتب علي تحقق الشرط الفاسخ زوال الالتزام ويكون الداين ملزما برد ما اخذه
، فاذا استحال الرد لسبب هو مسيول عنه وجب عليه التعويض
.
)2
(علي ان اعمال الادارة التي تصدر من الداين تبقي نافذة رغم تحقق الشرط
.",209
civil_131_1948,القانون المدني,131,1948,270,مادة 270,general,False,,21,21,"-
)
1
(اذا تحقق ال
شرط استند اثره الي الوقت الذي نشا فيه الالتزام، الا اذا تبين من
ارادة المتعاقدين او من طبيعة العقد ان وجود الالتزام، او زواله، انما يكون في الوقت الذي
تحقق فيه الشرط
.
)2
(
ومع ذلك لا يكون للشرط اثر رجعي، اذا اصبح تنفيذ الالتزام قبل تحقق الشرط غير ممكن
ل
سبب اجنبي لا يد للمدين فيه
.
2
- الاجل",312
civil_131_1948,القانون المدني,131,1948,271,مادة 271,general,False,,21,21,"-
)
1
(
يكون الالتزام لاجل اذا اان نفاذه او انقضاوه مترتبا علي امر مستقبل محقق
الوقوع
.
)2
(ويعتبر الامر محقق الوقوع متي اان وقعه محتما، ولو لم يعرف الوقت الذي يقع فيه
.",169
civil_131_1948,القانون المدني,131,1948,272,مادة 272,general,False,,21,21,"-
اذا تبين من الالتزام ان المدين
لا يقوم بوفايه الا عند المقدرة او الميسرة، عين
القاضي ميعادا مناسبا لحلول الاجل، مراعيا في ذلك موارد المدين الحالية والمستقبلة، ومقتضيا
منه عناية الرجل الحريص علي الوفاء بالتزامه
.",213
civil_131_1948,القانون المدني,131,1948,273,مادة 273,general,False,,21,21,"- يسقط حق المدين في الاجل
:
)1
(اذا شهر افلاسه او اعساره وفقا لنصو
ص القانون
.
)2
(
اذا اضعف بفعله الي حد ابير اعطي الداين من تامين خاص، ولو اان هذا التامين قد اعطي
بعقد لاحق او بمقتضي القانون، هذا ما لم يوثر الداين ان يطالب بتكملة التامين، اما اذا اان
اضعاف التامين يرجع الي سبب لا دخل لارادة المدين فيه، فان الاجل يسقط
ما لم يقدم المدين
للداين ضمانا اافيا
.
)3
(اذا لم يقدم للداين ما وعد في العقد بتقديمه من التامينات
.",421
civil_131_1948,القانون المدني,131,1948,274,مادة 274,optional,False,,21,21,"-
)
1
(
اذا اان الالتزام مقترنا باجل واقف، فانه لا يكون نافذا الا في الوقت الذي
ينقضي فيه الاجل، علي انه يجوز للداين حتي قبل انقضاء الاجل ان يتخذ من
الاجراءات ما
يحافظ به علي حقوقه، وله بوجه خاص ان يطالب بتامين اذا يخشي افلاس المدين او اعساره
واستند في ذلك الي سبب معقول
.
)2
(ويترتب علي انقضاء الاجل الفاسخ زوال الالتزام، دون ان يكون لهذا الزوال اثر رجعي
.
الفصل الثاني
–
تعدد محل الالتزام

1
- الالتزام ال
تخييري",414
civil_131_1948,القانون المدني,131,1948,275,مادة 275,general,False,,21,21,"-
يكون الالتزام تخييريا اذا شمل محله اشياء متعددة تبرا ذمة المدين براءة تامة اذا ادي
واحد منها، ويكون الخيار للمدين ما لم ينص القانون او يتفق المتعاقدان علي غير ذلك
.",166
civil_131_1948,القانون المدني,131,1948,276,مادة 276,general,False,,21,21,"-
)
1
(اذا اان الخيار للمدين وامتنع عن الاختيار او تعدد المدينون ول
م يتفقوا فيما بينهم
، جاز للداين ان يطلب من القاضي تعيين اجل يختار فيه المدين او يتفق فيه المدينون، فاذا لم يتم
ذلك تولي القاضي بنفسه تعيين محل الالتزام
.
)2
(
اما اذا اان الخيار للداين وامتنع عن الاختيار او تعدد الداينون ولم يتفقوا فيما بينهم، عين
القاضي
اجلا ان طلب المدين ذلك، فاذا انقضي الاجل انتقل الخيار الي المدين
.",390
civil_131_1948,القانون المدني,131,1948,277,مادة 277,general,False,,21,22,"–
اذا اان الخيار للمدين، ثم استحال تنفيذ ال من الاشياء المتعددة التي اشتمل عليها
محل الالتزام، واان المدين مسيولا عن هذه الاستحالة ولو فيما يتعلق بواحدة من هذه الاشياء
اان ملزما
بان يدفع قيمة اخر شيء استحال تنفيذه
.
2
- الالتزام البدلي",235
civil_131_1948,القانون المدني,131,1948,278,مادة 278,mandatory,False,,22,22,"-
)
1
(
يكون الالتزام بدليا اذا لم يشمل محله الا شييا واحدا، ولكن تبرا ذمة المدين اذا
ادي بدلا منه شييا اخر
.
)2
(والشيء الذي يشمله محل الالتزام لا البديل الذي تبرا ذمة المدين بادايه هو وحده محل

الالتزام وهو الذي يتعين طبيعته
.
الفصل الثالث
–
تعدد طرفي الالتزام

1
- التضامن",275
civil_131_1948,القانون المدني,131,1948,279,مادة 279,general,False,,22,22,"-
التضامن بين الداينين او بين المدينين لا يفترض، وانما يكون بناء علي اتفاق او نص
في القانون
.",93
civil_131_1948,القانون المدني,131,1948,280,مادة 280,general,False,,22,22,"-
)
1
(اذا اان التضامن بين الداينين، جاز للمدين ان يوفي الدين لاي من
هم، الا اذا
مانع احدهم في ذلك
.
)2
(
ومع ذلك لا يحول التضامن دون انقسام الدين بين ورثة احد الداينين المتضامنين، الا اذا
اان الدين غير قابل للانقسام
.",218
civil_131_1948,القانون المدني,131,1948,281,مادة 281,optional,False,,22,22,"-
)
1
(
، يجوز للداينين المتضامنين، مجتمعين او منفردين، مطالبة المدين بالوفاء
ويراعي في ذلك ما يلحق
رابطة ال داين من وصف يعدل من اثر الدين
.
)2
(
ولا يجوز للمدين اذا طالبه احد الداينين المتضامنين بالوفاء ان يحتج علي هذا الداين باوجه
الدفع الخاصة بغيره من الداينين، ولكن يجوز له ان يحتج علي الداين المطالب باوجه الدفع
الخاصة بهذا الداين، وباوجه الدفع المشت
راة بين الداينين جميعا
.",380
civil_131_1948,القانون المدني,131,1948,282,مادة 282,optional,False,,22,22,"-
)
1
(
اذا بريت ذمة المدين قبل احد الداينين المتضامنين بسبب غير الوفاء، فلا تبرا
ذمته قبل باقي الداينين الا بقدر حصة الداين الذي بريت ذمة المدين قبله
.
)2
(ولا يجوز لاحد الداينين المتضامنين ان ياتي عملا من شانه الاضرار بالداي
نين الاخرين
.",240
civil_131_1948,القانون المدني,131,1948,283,مادة 283,general,False,,22,22,"-
)
1
(
ال ما يستوفيه احد الداينين المتضامنين من الدين يصير من حق الداينين جميعا
ويتحاصون فيه
.
)2
(وتكون القسمة بينهم بالتساوي، الا اذا وجد اتفاق او نص يقضي بغير ذلك
.",168
civil_131_1948,القانون المدني,131,1948,284,مادة 284,general,False,,22,22,"- اذا اان التضامن بين المدينين فان وفاء احدهم بالدين مبري لذ
مة الباقين
.",73
civil_131_1948,القانون المدني,131,1948,285,مادة 285,optional,False,,22,22,"-
)
1
(
يجوز للداين مطالبة المدينين المتضامنين بالدين مجتمعين او منفردين، ويراعي
في ذلك ما يلحق رابطة ال مدين من وصف يعدل من اثر الدين
.
)2
(
ولا يجوز للمدين الذي يطالبه الداين بالوفاء ان يحتج باوجه الدفع الخاصة بغيره من المدينين
، ولكن يج
وز له ان يحتج باوجه الدفع الخاصة به وبالاوجه المشتراة بين المدينين جميعا
.",314
civil_131_1948,القانون المدني,131,1948,286,مادة 286,general,False,,22,22,"-
يترتب علي تجديد الدين بين الداين واحد المدينين المتضامنين ان تبرا ذمة باقي
المدينين الا اذا احتفظ الداين بحقه قبلهم
.",119
civil_131_1948,القانون المدني,131,1948,287,مادة 287,mandatory,False,,22,22,"- لا يجوز للمدين المتضامن ان يتمسك بالمقاصة الت
ي تقع بين الداين ومدين متضامن
اخر، الا بقدر حصة هذا المدين
.",108
civil_131_1948,القانون المدني,131,1948,288,مادة 288,general,False,,22,22,"-
اذا اتحدت الذمة بين الداين واحد مدينيه المتضامنين، فان الدين لا ينقضي بالنسبة
الي باقي المدينين، الا بقدر حصة المدين الذي اتحدث ذمته مع الداين
.",146
civil_131_1948,القانون المدني,131,1948,289,مادة 289,general,False,,22,22,"-
)
1
(اذا ابرا الداين احد المدي
نين المتضامنين فلا تبرا ذمة الباقين، الا اذا صرح
الداين بذلك
.
)2
(
فاذا لم يصدر منه هذا التصريح، لم يكن له ان يطالب باقي المدينين المتضامنين الا بما يبقي
من الدين بعد خصم حصة المدين الذي ابراه، الا ان يكون قد احتفظ بحقه في الرجوع عليهم بكل
الدين
.
وفي هذ
ه الحالة يكون لهم حق الرجوع علي المدين الذي صدر الابراء لصالحه بحصته
في الدين
.",368
civil_131_1948,القانون المدني,131,1948,290,مادة 290,general,False,,23,23,"-
اذا ابرا الداين احد المدينين المتضامنين من التضامن بقي حقه في الرجوع علي
الباقين بكل الدين، ما لم يتفق علي غير ذلك
.",118
civil_131_1948,القانون المدني,131,1948,291,مادة 291,general,False,,23,23,"-
)
1
(في جميع الاحوال التي يبرا فيها الداي
ن احد المدينين المتضامنين، سواء ااان
الابراء من الدين ام من التضامن يكون لباقي المدينين ان يرجعوا عند الاقتضاء علي هذا المدين",169
civil_131_1948,القانون المدني,131,1948,298,مادة 298,general,False,,23,23,".

)
2
(
علي انه اذا اخلي الداين المدين الذي ابراه من ال مسيولية عن الدين، فان هذا الداين
هو
الذي يتحمل نصيب هذا المدين في حصة المعسر
.",135
civil_131_1948,القانون المدني,131,1948,292,مادة 292,mandatory,False,,23,23,"-
)
1
(
اذا انقضي الدين بالتقادم بالنسبة الي احد المدينين المتضامنين، فلا يستفيد من
ذلك باقي المدينين الا بقدر حصة هذا المدين
.
)2
(واذا انقطعت مدة التقادم او وقف سريانه بالنسبة الي المدينين المتضامنين، ف
لا يجوز للداين
ان يتمسك بذلك قبل باقي المدينين
.",253
civil_131_1948,القانون المدني,131,1948,293,مادة 293,general,False,,23,23,"-
)
1
(لا يكون المدين المتضامن مسيولا في تنفيذ الالتزام الا عن فعله
.
)2
(
واذا اعذر الداين احد المدينين المتضامنين او قاضاه، فلا يكون لذلك اثر بالنسبة الي باقي
المدينين
.
اما اذا اعذر احد، المدينين ال
متضامنين الداين، فان باقي المدينين يستفيدون من هذا
الاعذار
.",262
civil_131_1948,القانون المدني,131,1948,294,مادة 294,general,False,,23,23,"-
اذا تصالح الداين مع احد المدينين المتضامنين وتضمن الصلح الابراء من الدين او
براءة الذمة منه باية وسيلة اخري، استفاد منه الباقون
.
اما اذا اان من شان هذا الصلح ان يرتب
في ذمتهم التزاما
او يزيد فيما هم ملتزمون به، فانه لا ينفذ في حقهم غلا اذا قبلوه
.",250
civil_131_1948,القانون المدني,131,1948,295,مادة 295,general,False,,23,23,"-
)
1
(اذا اقر احد المدينين المتضامنين بالدين، فلا يسري هذا الاقرار في حق الباقين
.
)2
(
واذا نكل احد المدينين المتضامنين عن اليمين او وجه الي الداين يمينا حلفها، فلا يضار
بذلك باقي ال
مدينين
.
)3
(
واذا اقتصر الداين علي توجيه اليمين الي احد المدينين المتضامنين فحلف، فان المدينين
الاخرين يستفيدون من ذلك
.",306
civil_131_1948,القانون المدني,131,1948,296,مادة 296,general,False,,23,23,"-
)
1
(اذا صدر حكم علي احد المدينين المتضامنين، فلا يحتج بهذا الحكم علي الباقين
.
)2
(اما اذا صدر الحكم لصالح احدهم، فيستفيد منه
الباقون الا اذا اان الحكم مبنيا علي سبب
خاص بالمدين الذي صدر الحكم لصالحه
.",204
civil_131_1948,القانون المدني,131,1948,297,مادة 297,optional,False,,23,23,"-
)
1
(
اذا وفي احد المدينين المتضامنين ال الدين، فلا يجوز له ان يرجع علي اي من
الباقين الا بقدر حصته في الدين، ولو اان بما له من حق الحلول قد رجع بدعوي الداين
.
)2
(وينقسم
الدين اذا وفاه احد المدينين حصصا متساوية بين الجميع، ما لم يوجد اتفاق او نص
يقضي بغير ذلك
.",264
civil_131_1948,القانون المدني,131,1948,298,مادة 298,general,False,,23,23,"-
، اذا اعسر احد المدينين المتضامنين تحمل تبعة هذا الاعسار المدين الذي وفي بالدين
وساير المدينين الموسرين، ال بقدر حصته
.",121
civil_131_1948,القانون المدني,131,1948,299,مادة 299,general,False,,23,23,"- اذا اان احد المدينين ال
متضامنين هو وحده صاحب المصلحة في الدين فهو الذي
يتحمل به اله نحو الباقين
.
2
- عدم القابلية للانقسام",126
civil_131_1948,القانون المدني,131,1948,300,مادة 300,general,False,,23,23,"-
يكون الالتزام غير قابل للانقسام
:
( ا )
اذا ورد علي محل لا يقبل بطبيعته ان ينقسم
.
)
( ب
اذا تبين من الغرض الذي رمي اليه المتعاقدان ان الالتزام لا ي
جوز تنفيذه منقسما، او اذا
انصرفت نية المتعاقدين الي ذلك
.",208
civil_131_1948,القانون المدني,131,1948,301,مادة 301,general,False,,23,24,"-
)
1
(
اذا تعدد المدينون في التزام غير قابل للانقسام اان ال منهم ملزما بوفاء الدين
ااملا
.
)2
(
وللمدين الذي وفي بالدين حق الرجوع علي الباقين، ال بقدر حصته الا اذا تبين من
الظروف غير ذلك
.
مادة
302
-
)
1
(
اذا تعدد الداينون في التزام غير قابل للانقسام او تعدد ورثة الداين في هذا
الالتزام، جاز لكل داين او وارث ان يطالب باداء الالتزام ااملا، فاذا اعترض احد الداينين او
الورثة علي ذلك، اان المدين ملزما باداء الالتزام للداينين مجتمعين او ايداع الشيء م
حل
الالتزام
.
)2
(ويرجع الداينون علي الداين الذي استوفي الالتزام، ال بقدر حصته
.
الكتاب الاول -
الباب الرابع- انتقال الالتزام

الباب الرابع

انتقال الالتزام

الفصل الاول
–
حوالة الحق",633
civil_131_1948,القانون المدني,131,1948,303,مادة 303,optional,False,,24,24,"- يجوز للداين ان يحول حقه الي شخص اخر، الا اذا حال دون ذلك نص
القانون او
اتفاق المتعاقدين او طبيعة الالتزام
.
وتتم الحوالة دون حاجة الي رضاء المدين
.",149
civil_131_1948,القانون المدني,131,1948,304,مادة 304,general,False,,24,24,"- لا تجوز حوالة الحق الا بمقدار ما يكون منه قابلا للحجز
.",57
civil_131_1948,القانون المدني,131,1948,305,مادة 305,general,False,,24,24,"-
لا تكون الحوالة نافذة قبل المدين او قبل الغير الا اذا قبلها المدين او اعلن بها
.
علي
ان نفاذه
ا قبل الغير بقبول المدين يستلزم ان يكون هذا القبول ثابت التاريخ
.",161
civil_131_1948,القانون المدني,131,1948,306,مادة 306,optional,False,,24,24,"-
يجوز قبل اعلان الحوالة او قبولها ان يتخذ الداين المحال له من الاجراءات ما يحافظ
به علي الحق الذي انتقل اليه
.",111
civil_131_1948,القانون المدني,131,1948,307,مادة 307,general,False,,24,24,"- تشمل حوالة الحق ضماناته، االكفالة والامتياز والرهن، اما تعتب
ر شاملة لما حل
من فوايد واقساط
.",95
civil_131_1948,القانون المدني,131,1948,308,مادة 308,general,False,,24,24,"-
)
1
(
اذا اانت الحوالة بعوض فلا يضمن المحيل الا وجود الحق المحال به وقت
الحوالة، ما لم يوجد اتفاق يقضي بغير ذلك
.
)2
(اما اذا اانت الحوالة بغير عوض، فلا يكون المحيل ضامنا حتي لوجود الحق
.",189
civil_131_1948,القانون المدني,131,1948,309,مادة 309,general,False,,24,24,"-
)
1
(لا يضمن المحيل
يسار المدين الا اذا وجد اتفاق خاص علي هذا الضمان
.
)2
(
واذا ضمن المحيل يسار المدين، فلا ينصرف هذا الضمان الا الي اليسار وقت الحوالة ما لم
يتفق علي غير ذلك
.",179
civil_131_1948,القانون المدني,131,1948,310,مادة 310,mandatory,False,,24,24,"-
اذا رجع المحال له بالضمان علي المحيل طبقا للمادتين السابقتين، فلا يلزم المحيل
الا برد ما
استولي عليه مع الفوايد والمصروفات، ولو وجد اتفاق يقضي بغير ذلك
.",155
civil_131_1948,القانون المدني,131,1948,311,مادة 311,general,False,,24,24,"-
يكون المحيل مسيولا عن افعاله الشخصية، ولو اانت الحوالة بغير عوض او لو
اشترط عدم الضمان
.",90
civil_131_1948,القانون المدني,131,1948,312,مادة 312,optional,False,,24,24,"-
للمدين ان يتمسك قبل المحال له بالدفوع التي اان له ان يتمسك بها قبل المحيل وقت
نفا
ذ الحوالة في حقه، اما يجوز له ان يتمسك بالدفوع المستمدة من عقد الحوالة
.",156
civil_131_1948,القانون المدني,131,1948,313,مادة 313,general,False,,24,24,"-
اذا تعددت الحوالة بحق واحد فضلت الحوالة التي تصبح قبل غيرها نافذة في حق
الغير
.",81
civil_131_1948,القانون المدني,131,1948,314,مادة 314,general,False,,24,24,"-
)
1
(
، اذا وقع تحت يد المحال عليه حجز قبل ان تصبح الحوالة نافذة في حق الغير
اانت الحو
الة بالنسبة الي الحاجز بمثابة حجز اخر
.
)2
(
وفي هذه الحالة، اذا وقع حجز اخر بعد ان اصبحت الحوالة نافذة في حق الغير، فان الدين
يقسم بين الحاجز المتقدم والمحال له والحاجز المتاخر قسمة غرماء، علي ان يوخذ من حصة
الحاجز المتاخر ما يستكمل به المحال له قيمة الح
.والة
الفصل الثاني
–
حوالة الدين",377
civil_131_1948,القانون المدني,131,1948,315,مادة 315,general,False,,24,24,"- تتم حوالة الدين باتفاق بين المدين وشخص اخر يتحمل الدين
.",58
civil_131_1948,القانون المدني,131,1948,316,مادة 316,general,False,,24,24,"-
)
1
(لا تكون الحوالة نافذة في حق الداين الا اذا اقرها
.
)2
(
واذا قام المحال عليه او المدين الاصلي باعلان الحوالة الي الداين، وعين له اجلا معقولا
ليق
ر الحوالة ثم انقضي الاجل دون ان يصدر الاقرار، اعتبر سكوت الداين رفضا للحوالة
.",230
civil_131_1948,القانون المدني,131,1948,317,مادة 317,mandatory,False,,25,25,"-
)
1
(
مادام الداين لم يحدد موقفه من الحوالة اقرارا او رفضا، اان المحال عليه ملزما
قبل المدين الاصلي بالوفاء للداين في الوقت المناسب ما لم يوجد اتفاق يقضي بغير ذلك ويسري

هذا الحكم ولو رفض الداين الحوالة
.
)2
(
علي انه لا يجوز للمدين الاصلي ان يطالب المحال عليه بالوفاء للداين، مادام هو لو يقم بما
التزم به نحو المحال عليه بمقتضي عقد الحوالة
.",344
civil_131_1948,القانون المدني,131,1948,318,مادة 318,general,False,,25,25,"-
)
1
(تبقي للدين المحال به ضماناته
.
)2
(
ومع ذلك لا يبقي الكفيل، عينيا اان
او شخصيا ملتزما قبل الداين الا اذا رضي بالحوالة
.",126
civil_131_1948,القانون المدني,131,1948,319,مادة 319,general,False,,25,25,"-
يضمن المدين الاصلي ان يكون المحال عليه موسرا وقت اقرار الداين للحوالة، ما
لم يتفق علي غير ذلك
.",97
civil_131_1948,القانون المدني,131,1948,320,مادة 320,optional,False,,25,25,"-
للمحال عليه ان يتمسك قبل الداين بالدفوع التي اان للمدين الاصلي ان يتمسك بها
.
اما يجوز له ا
ن يتمسك بالدفوع المستمدة من عقد الحوالة
.",135
civil_131_1948,القانون المدني,131,1948,321,مادة 321,optional,False,,25,25,"-
)
1
(
يجوز ايضا ان تتم حوالة الدين باتفاق بين الداين والمحال عليه يتقرر فيه ان هذا
يحل محل المدين الاصلي في التزامه
.
)2
(
وتسري في هذه الحالة احكام المادتين318
،
320
.",170
civil_131_1948,القانون المدني,131,1948,322,مادة 322,general,False,,25,25,"-
)
1
(لا يتتبع بيع العقار المرهون
رهنا رسميا انتقال الدين المضمون بالرهن الي ذمة
المشتري الا اذا اان هناك اتفاق علي ذلك
.
)2
(
فاذا اتفق البايع والمشتري علي حوالة الدين، وسجل عقد البيع، تعين علي الداين متي اعلن
رسميا بالحوالة ان يقرها او رفضها في ميعاد لا يجاوز ستة اشهر، فاذا انقضي هذا ا
لميعاد دون
ان بيت براي اعتبر سكوته اقرارا
.
الكتاب الاول-
الباب الخامس- انقضاء الالتزام

الباب الخامس

انقضاء الالتزام

الفصل الاول
–
الوفاء

1
- طرفا الوفاء",447
civil_131_1948,القانون المدني,131,1948,323,مادة 323,general,False,,25,25,"-
)
1
(
يصح الوفاء من المدين او من نايبة او من اي شخص اخر له مصلحة في الوفاء
، وذلك مع مراع",91
civil_131_1948,القانون المدني,131,1948,208,مادة 208,optional,False,,25,25,".

)
2
(
ويصح الوفاء ايضا مع التحفظ السابق ممن ليست له مصلحة في هذا الوفاء، ولو اان ذلك
دون علم المدين او رغم ارادته، علي انه يجوز للداين ان يرفض الوفاء من الغير اذا اعتراض
المدين علي ذلك وابلغ الداين هذا الاعتراض
.",215
civil_131_1948,القانون المدني,131,1948,324,مادة 324,optional,False,,25,25,"-
)
1
(اذا قام
الغير بوفاء الدين، اان له حق الرجوع علي المدين بقدر ما دفعه
.
)2
(
ومع ذلك يجوز للمدين الذي حصل الوفاء بغير ارادته ان يمنع رجوع الموفي بما وفاه عنه
الا او بعضا، اذا اثبت ان له اية مصلحة في الاعتراض علي الوفاء
.",225
civil_131_1948,القانون المدني,131,1948,325,مادة 325,general,False,,25,25,"-
)
1
(يشترط لصحة الوفاء ان يكون الوفا
ء ان يكون الموفي مالكا للشيء الذي وفي به
، وان يكون ذا اهلية للتصرف فيه
.
)2
(
ومع ذلك فالوفاء بالشيء المستحق ممن ليس اهلا للتصرف فيه ينقضي به الالتزام، اذا لم
يلحق الوفاء ضررا بالموفي
.",225
civil_131_1948,القانون المدني,131,1948,326,مادة 326,general,False,,25,26,"- اذا قام بالوفاء شخص غير المدين، حل الموفي محل الداين الذي اس
توفي حقه في
الاحوال الاتية
:
( ا )
اذا اان الموفي ملزما بالدين مع المدين او ملزما بوفايه عنه
.
)
( ب
اذا اان الموفي داينا وفي داينا اخر مقدما عليه بما له من تامين عيني
.
ولو لم يكن للموفي
اي تامين
.
)( ج
اذا اان الموفي قد اشتري عقارا ودفع ثمنه وفاء لداينين خص
ص العقار لضمان حقوقهم
.
( د )
اذا اان هناك نص خاص يقرر للموفي حق الحلول
.",396
civil_131_1948,القانون المدني,131,1948,327,مادة 327,general,False,,26,26,"-
، للداين الذي استوفي حقه من غير المدين ان يتفق مع هذا الغير علي ان يحل محله
ولو لم يقبل المدين ذلك، ولا يصح ان يتاخر هذا الاتفاق عن وقت الوفاء
.",146
civil_131_1948,القانون المدني,131,1948,328,مادة 328,optional,False,,26,26,"- يجوز ايضا للمدين اذ
ا اقترض مالا وفي به الدين ان يحل المقرض محل الداين الذي
استوفي حقه
.
ولو بغير رضاء هذا الداين، علي ان يذار في عقد القرض ان المال قد خصص
للوفاء، وفي المخالصة ان الوفاء اان من هذا المال الذي اقرضه الداين الجديد
.",232
civil_131_1948,القانون المدني,131,1948,329,مادة 329,general,False,,26,26,"-
من حل قانونا او اتفاقا محل الداين
اان له حقه بما لهذا الحق من خصايص، وما
يلحقه من توابع، وما يكلفه من تامينات، وما يرد عليه من دفوع، ويكون هذا الحلول بالقدر
الذي اداه من ماله من حل محل الداين
.",195
civil_131_1948,القانون المدني,131,1948,330,مادة 330,general,False,,26,26,"-
)
1
(
اذا وفي الغير الداين جزءا من حقه وحل محل فيه، فلا يضار الداين بهذا الوفاء
، وي
كون في استيفاء ما بقي له من حق مقدما علي من وفاه، ما لم يوجد اتفاق يقضي بغير ذلك
.
)2
(
فاذا حل شخص اخر محل الداين فيما بقي له من حق رجع من حل اخيرا هو ومن تقدمه في
الحلول ال بقدر ما هو مستحق له وتقاسما قسمة الغرماء
.",304
civil_131_1948,القانون المدني,131,1948,331,مادة 331,general,False,,26,26,"- اذا وفي حايز العقار المرهون ال
الدين، وحل محل الداينين، فلا يكون له بمقتضي
هذا الحلول ان يرجع علي حايز لعقار اخر مرهون في ذات الدين الا بقدر حصة هذا الحايز
بحسب قيمة ما حازه من عقار
.",185
civil_131_1948,القانون المدني,131,1948,332,مادة 332,general,False,,26,26,"-
يكون الوفاء للداين او لنايبه
.
ويعتبر ذا صفة في استيفاء الدين من يقدم للمدين
مخالصة صادرة م
ن الداين، الا اذا اان متفقا علي ان الوفاء يكون للداين شخصيا
.",155
civil_131_1948,القانون المدني,131,1948,333,مادة 333,general,False,,26,26,"-
اذا اان الوفاء لشخص غير الداين او نايبه، فلا تبرا ذمة المدين الا اذا اقر الداين هذا
الوفاء او عادت عليه منفعة منه، وبقدر هذه المنفعة، او تم الوفاء بحسن نية لشخص اان الدين
في حيازته
.",184
civil_131_1948,القانون المدني,131,1948,334,مادة 334,general,False,,26,26,"-
اذا رفض الداين دون مبرر قبول الوفاء المعروض عليه عرضا صحيحا، او
رفض القيام بالاعمال التي لا يتم الوفاء بدونها، او اعلن انه لن يقبل الوفاء، اعتبر انه قد تم
اعذاره من الوقت الذي يسجل المدين عليه هذا الرفض باعلان رسمي
.",218
civil_131_1948,القانون المدني,131,1948,335,مادة 335,general,False,,26,26,"-
اذا تم اعذار
الداين، تحمل تبعة هلاك الشيء او تلفه، ووقف سريان الفوايد،
واصبح للمدين الحق في ايداع الشيء علي نفقة الداين والمطالبة بتعويض ما اصابه من ضرر
.",156
civil_131_1948,القانون المدني,131,1948,336,مادة 336,general,False,,26,26,"-
اذا اان محل الوفاء شييا معينا بالذات، واان الواجب ان يسلم في المكان الذي يوجد
فيه، جاز للمدين علي ان
ينذر الداين بتسلمه، ان يحصل علي ترخيص من القضاء في ايداعه،
فاذا اان هذا الشيء عقارا او شييا معدا للبقاء حيث وجد، جاز للمدين ان يطلب وضعه تحت
الحراسة
.",253
civil_131_1948,القانون المدني,131,1948,337,مادة 337,optional,False,,26,26,"-
)
1
(
يجوز للمدين بعد استيذان القضاء ان يبيع بالمزاد العلني الاشياء التي يسرع اليها
التلف، او
التي تكلف نفقات باهظة في ايداعها او حراسها، وان يودع الثمن خزانة المحكمة
.
)2
(
فاذا اان الشيء له سعر معروف في الاسواق، او اان التعامل فيه متداولا في البورصات
فلا يجوز يبعه بالمزاد الا اذا تعذر البيع ممارسة بالسعر المعروف
.",319
civil_131_1948,القانون المدني,131,1948,338,مادة 338,general,False,,26,26,"- يكون الايداع او ما يقو
م مقامه من اجراء جايز ايضا، اذا اان المدين يجهل شخصية
الداين او موطنه، او اان الداين عديم الاهلية او ناقصها ولم يكن له نايب يقبل عنه الوفاء، او
اان الدين متنازعا عليه بين عدة اشخاص، او اانت هناك اسباب جدية اخري تبرر هذا الاجراء
.",254
civil_131_1948,القانون المدني,131,1948,339,مادة 339,general,False,,26,26,"- يقوم العرض ال
حقيقي بالنسبة الي المدين مقام الوفاء، اذا تلاه ايداع يتم وفقا لاحكام
قانون المرافعات، او تلاه اي اجراء مماثل، وذلك اذا قبله الداين او صدر حكم نهايي بصحته
.",171
civil_131_1948,القانون المدني,131,1948,340,مادة 340,general,False,,26,27,"-
)
1
(
اذا عرض المدين الدين واتبع العرض بايداع او باجراء مماثل، جاز له ان
يرجع في هذا العر
ض مادام الداين لم يقبله، او مادام لم يصدر حكم نهايي بصحته واذا رجع فلا
تبرا ذمة شراايه في الدين ولاذمة الضامنين
.
)
2
(
فاذا رجع المدين في المعرض بعد ان قبله الداين، او بعد ان حكم بصحته، وقبل الداين منه
هذا الرجوع، لم يكن لهذا الداين ان يتمسك بعد ذلك بما
يكفل حقه من تامينات وتبرا ذمة الشرااء
في الدين وذمة الضامنين
.
2
- محل الوفاء",424
civil_131_1948,القانون المدني,131,1948,341,مادة 341,general,False,,27,27,"-
الشيء المستحق اصلا هو الذي به يكون الوفاء، فلا يجبر الداين علي قبول شيء
غيره، ولو اان هذا الشيء مساويا له في القيمة او اانت له قيمة اعلي
.",140
civil_131_1948,القانون المدني,131,1948,342,مادة 342,mandatory,False,,27,27,"-
)
1
(
لا يجوز للمدين
ان يجبر الداين علي ان يقبل وفاء جزييا لحقه، ما لم يوجد اتفاق
او نص يقضي بغير ذلك
.
)2
(
فاذا اان الدين متنازعا في جزء منه وقبل الداين ان يستوفي الجزء المعترف به، فليس
للمدين ان يرفض الوفاء بهذا الجزء
.",224
civil_131_1948,القانون المدني,131,1948,343,مادة 343,general,False,,27,27,"- اذا اان المدين ملزما بان يوفي مع الدين مصروفا
ت وفوايد، واان ما اداه لا يفي
بالدين مع هذه الملحقات، خصم ما ادي من حساب المصروفات ثم من الفوايد ثم من اصل الدين
، ال هذا ما لم يتفق علي غيره
.",191
civil_131_1948,القانون المدني,131,1948,344,مادة 344,general,False,,27,27,"-
اذا تعددت الديون في ذمة المدين، واانت لداين واحد ومن جنس واحد، واان ما اداه
المدين لا يفي بهذه الدي
ون جميعا، جاز للمدين عند الوفاء ان يعين الدين الذي يريد الوفاء به، ما
لم يوجد مانع قانوني او اتفاقي يحول دون هذا التعيين
.",224
civil_131_1948,القانون المدني,131,1948,345,مادة 345,general,False,,27,27,"-
اذا لم يعين الدين علي الوجه المبين في المادة السابقة، اان الخصم من حساب الدين
الذي حل، فاذا تعددت الديون الحالة فمن حساب
اشدها الفة علي المدين، فاذا تساوت الديون في
الكلفة فمن حساب الدين الذي يعينه الداين
.",208
civil_131_1948,القانون المدني,131,1948,346,مادة 346,mandatory,False,,27,27,"-
)
1
(
يجب ان يتم الوفاء فورا بمجرد ترتب الالتزام نهاييا في ذمة المدين، ما لم يوجد
اتفاق او نص يقضي بغير ذلك
.
)2
(علي انه يجوز للقاضي في حالات استثنايية، اذا لم
يمنعه نص في القانون، ان ينظر المدين
الي اجل معقول او اجال ينفذ فيها التزامه، اذا استدعت حالته ذلك ولم يلحق الداين من هذا
التاجيل ضرر جسيم
.",302
civil_131_1948,القانون المدني,131,1948,347,مادة 347,general,False,,27,27,"-
)
1
(
اذا اان محل الالتزام شييا معينا بالذات وجب تسليمه في المكان الذي اان
موجودا فيه وقت نشوء الالتزام،
ما لم يوجد اتفاق او نص يقضي بغير ذلك
.
)2
(
اما في الالتزامات الاخري فيكون الوفاء في المكان الذي يوجد فيه موطن المدين وقت الوفاء
او في المكان الذي يوجد فيه مراز اعمال المدين اذا اان الالتزام متعلقا بهذه الاعمال
.",319
civil_131_1948,القانون المدني,131,1948,348,مادة 348,general,False,,27,27,"- تكون نفقات الوفاء علي المدين الا اذا
وجد اتفاق او نص يقضي بغير ذلك
.",70
civil_131_1948,القانون المدني,131,1948,349,مادة 349,general,False,,27,27,"-
)
1
(
لمن قام بوفاء جزء من المدين ان يطلب مخالصة بما وفاة مع التاشير علي سند
الدين بحصول هذا الوفاء فاذا وفي الدين اله اان له ان يطلب رد سند الدين او الغاء، فان اان
السند قد ضاع اان له ان يطلب من الداين ان يقر اتابة
بضياع السند
.
)2
(
فاذا رفض الداين القيام بما فرضته عله الفقرة السابقة جاز للمدين ان يودع الشيء المستحق
ايداعا قضاييا
.
الفصل الثاني
–
انقضاء الالتزام بما يعادل الوفاء

1
- الوفاء بمقابل",404
civil_131_1948,القانون المدني,131,1948,350,مادة 350,general,False,,27,27,"- اذا قبل الداين في استيفاء حقه مقابلا استعاض به علي الشيء المستح
ق قام هذا مقام
الوفاء
.",89
civil_131_1948,القانون المدني,131,1948,351,مادة 351,general,False,,27,27,"-
، يسري علي الوفاء بمقابل، فيما اذا اان ينقل ملكية شيء اعطي في مقابلة الدين
احكام البيع، وبالاخص ما تعلق منه باهلية المتعاقدين وضمان الاستحقاق وضمان العيوب الحفية
.
ويسري عليه من حيث انه يقضي الدين احكام الوفاء، وبالاخص م
ا تلعق منها بتعيين جهة
الدفع وانقضاء التامينات
.
2
- التجديد والانابة",292
civil_131_1948,القانون المدني,131,1948,352,مادة 352,general,False,,28,28,"- يتجدد الالتزام
:
)
اولا
(
بتغيير الدين اذ اتفق الطرفان علي ان يستبدلا بالالتزام الاصلي التزاما جيدا يختلف عنه
في محله او في مصدره
.
)
ثانيا
(
بتغيير المدين اذا اتفق الداين مع اجنب
ي علي ان يكون هذا الاجنبي مدينا مكان المدين
الاصلي وعلي ان تبرا ذمة المدين الاصلي دون لرضايه، او اذا حصل المدين علي رضاء
الداين بشخص اجنبي قبل ان يكون هو المدين الجديد
.
)
ثالثا
(
بتغيير الداين اذا اتفق الداين والمدين واجنبي علي ان يكون هذا الاجنبي هو الدا
ين
الجديد
.",450
civil_131_1948,القانون المدني,131,1948,353,مادة 353,mandatory,False,,28,28,"-
)
1
(
لا يتم التجديد الا اذا اان الالتزامات القديم والجديد قد خلا ال منهما من اسباب
البطلان
.
)2
(
اما اذا اان الالتزام القديم ناشيا عن عقد قابل للابطال، فلا يكون التجديد صحيحا الا اذا
قصد بالالتزام الجديد اجازة العقد، وان يحل محله
.
مادة
354
-
)
1
(
التجديد لا يفترض، بل يجب ان يتفق عليه صراحة، او ان يستخلص بوضوح
من الظروف
.
)2
(
وبوجه خاص لا يستفاد التجديد من اتابة سند بدين موجود قبل ذلك، ولا مما يحدث في
الالتزام من تغيير لا يتناول الا زمان الوفاء او مكانه او ايفته، ولا مما يدخل علي الالتز
ام من
تعديل لا يتناول الا التامينات او سعر الفايدة، ال هذا ما لم يوجد اتفاق يقضي بغيره
.",586
civil_131_1948,القانون المدني,131,1948,355,مادة 355,general,False,,28,28,"-
)
1
(لا يكون تجديدا مجرد تقييد الالتزام في حساب جار
.
)2
(
وانما يتحدد الالتزام اذا قطع رصيد الحساب وتم اقراره علي انه اذا اان الالتزام مكفولا
بتامين خاص، فان
هذا التامين يبقي ما لم يتفق علي غير ذلك
.",202
civil_131_1948,القانون المدني,131,1948,356,مادة 356,general,False,,28,28,"-
)
1
(
يترتب علي التجديد ان ينقضي الالتزام الاصلي بتوابعه وان ينشا مكانه التزام
جديد
.
)2
(
ولا ينتقل الي الالتزام الجديد التامينات التي اانت تكفل

تنفيذ الالتزام الاصلي الا بنص في القانون، او الا اذا تبين من
الاتفاق او من الظروف ان نية
المتعاقدين قد انصرفت الي ذلك
.",268
civil_131_1948,القانون المدني,131,1948,357,مادة 357,general,False,,28,28,"-)
1
(
اذا اانت هناك تامينات عينية قدمها المدين لكفالة الالتزام الاصلي، فان الاتفاق
علي نقل هذه التامينات الي الالتزام الجديد تراعي فيه الاحكام الاتية
:
( ا )
اذا اان التجديد بتغيير الدين،
جاز للداين والمدين ان يتفقا علي انتقال التامينات للالتزام
الجديد في الحدود التي لا تلحق ضررا بالغير
.
)
( ب
اذا اان التجديد بتغيير المدين، جاز للداين والمدين الجديد ان يتفقا علي استبقاء التامينات
العينية، دون حاجة الي رضاء المدين القديم
.
)
( ج
اذا اان ال
تجديد بتغيير الداين، جاز للمتعاقدين ثلاثتهم ان يتفقوا علي استبقاء التامينات
.
)2
(
ولا يكون الاتفاق علي نقل التامينات العينية نافذا في حق الغير الا اذا تم مع التجديد في وقت
واحد، هذا مع مراعاة الاحكام المتعلقة بالتسجيل
.",665
civil_131_1948,القانون المدني,131,1948,358,مادة 358,general,False,,28,28,"- لا ينتقل الي الالتزام الجد
يد الكفالة عينية اانت او شخصية ولا التضامن، الا اذا
رضي بذلك الكفلاء والمدينون المتضامنون
.",120
civil_131_1948,القانون المدني,131,1948,359,مادة 359,mandatory,False,,28,28,"-
)
1
(
تتم الانابة اذا حصل المدين علي رضاء الداين بشخص اجنبي يلتزم بوفاء الدين
مكان المدين
.
)2
(ولا تقتضي الانابة ان تكون هناك مديونية سابقة ما بين المدين وا
لاجنبي
.",168
civil_131_1948,القانون المدني,131,1948,360,مادة 360,general,False,,28,29,"-
)
1
(
، اذا اتفق المتعاقدون في الانابة علي ان يستبدلوا بالتزام سابق التزاما جديدا
اانت هذه الانابة تجديدا للالتزام بتغيير المدين، ويترتب عليها ان تبرا ذمة المنيب قبل المناب
لديه، علي ان يكون الالتزام الجديد الذي ارتضاه المناب صحيحا والا ي
كون المناب معسرا وقت
الانابة
.
)
2
(
ومع ذلك لا يفترض التجديد في الانابة، فاذا لم يكن هناك اتفاق علي التجديد قام الالتزام
الجديد الي جانب الالتزام الاول
.",395
civil_131_1948,القانون المدني,131,1948,361,مادة 361,general,False,,29,29,"-
يكون الالتزام المناب قبل المناب لديه صحيحا ولو اان التزامه قبل المنيب باطلا او
اان هذا الالتز
ام خاضعا لدفع من الدفوع، ولا يبقي للمناب الا حق الرجوع علي المنيب، ال
هذا ما لم يوجد اتفاق يقضي بغيره
.
3
- المقاصة",211
civil_131_1948,القانون المدني,131,1948,362,مادة 362,general,False,,29,29,"-
)
1
(
للمدين حق المقاصة بين ما هو مستحق عليه لداينه وما هو مستحق له قبل هذا
الداين، ولو اختلف سبب الدينين، اذا اان موضوع امل منهما
نقودا او مثليات متحدة في النوع
والجودة واان ال منهما خاليا من النزاع مستحق الاداء، صالحا للمطالبة به قضاء
.
)2
(ولا يمنع المقاصة ان يتاخر ميعاد الوفاء لمهلة منحها القاضي او تبرع بها الداين
.",323
civil_131_1948,القانون المدني,131,1948,363,مادة 363,mandatory,False,,29,29,"-
يجوز للمدين ان يتمسك بالمقاصة ولو اختلف مكان الوفاء في
الدينين ولكن يجب
عليه في هذه الحالة ان يعوض الداين عما لحقه من ضرر لعدم تمكنه بسبب المقاصة من استيفاء
ما له من حق او الوفاء بما عليه من دين في المكان الذي عين لذلك
.",222
civil_131_1948,القانون المدني,131,1948,364,مادة 364,general,False,,29,29,"-
تقع المقاصة في الديون ايا اان مصدرها وذلك فيما عدا الاحوال الاتية
:
( ا )
اذا اان
احد الدينين شييا نزع دون حق من يد مالكه واان مطلوبا رده
.
)
( ب
اذا اان احد الدينين شييا مودعا او معارا عارية استعمال واان مطلوبا رده
.
( ج )
اذا اان احد الدينين حقا غير قابل للحجز
.",266
civil_131_1948,القانون المدني,131,1948,365,مادة 365,optional,False,,29,29,"-)
1
(لا تقع المقاصة الا اذا تمسك بها من له مصلحة فيها، ولا يجوز الن
زول عنها قبل
ثبوت الحق فيها
.
)2
(
ويترتب علي المقاصة انقضاء الدينين بقدر الاقل منهما، منذ الوقت الذي يصبحان فيه
صالحين للمقاصة، ويكون تعيين جهة الدفع في المقاصة اتعيينها في الوفاء
.",251
civil_131_1948,القانون المدني,131,1948,366,مادة 366,general,False,,29,29,"- اذا اان الدين قد مضت عليه مدة التقادم وقت التمسك بالمقاصة فلا ي
منع ذلك من
وقوع المقاصة به رغم التمسك بالتقادم مادامت هذه المدة لم تكن قد تمت في الوقت الذي اصبحت
فيه المقاصة ممكنة
.",183
civil_131_1948,القانون المدني,131,1948,367,مادة 367,mandatory,False,,29,29,"-
)
1
(لا يجوز ان تقع المقاصة اضرارا بحقوق اسبها الغير
.
)2
(فاذا اوقع الغير حجزا تحت يد المدين، ثم اصبح المدين داينا لداينه، فلا ي
جوز له ان يتمسك
بالمقاصة اضرارا بالحاجز
.",173
civil_131_1948,القانون المدني,131,1948,368,مادة 368,optional,False,,29,29,"-
)
1
(
اذا حول الداين حقه للغير وقبل المدين الحوالة دون تحفظ فلا يجوز لهذا المدين
ان يتمسك قبل المحال له بالمقاصة التي اان له ان يتمسك بها قبل قبوله للحوالة ولا يكون له الا
الرجوع بحقه علي المحيل
.
)2
(اما اذا
اان المدين لم يقبل الحوالة ولكن اعلن بها، فلا تمنعه هذه الحوالة من ان يتمسك
بالمقاصة
.",297
civil_131_1948,القانون المدني,131,1948,369,مادة 369,optional,False,,29,29,"-
اذا وفي المدين دينا واان له ان يطلب المقاصة فيه بحق له، فلا يجوز ان يتمسك
اضرارا بالغير بالتامينات التي تكفل حقه، الا اذا اان يجهل وجود هذا الحق
.
4
--
اتحاد
الذمة",165
civil_131_1948,القانون المدني,131,1948,370,مادة 370,general,False,,29,29,"-
)
1
(
اذا اجتمع في شخص واحد صفتا الداين والمدين بالنسبة الي دين واحد، انقضي
هذا الدين بالقدر الذي اتحدث فيه الذمة
.
)2
(
واذا زال السبب الذي ادي لاتحاد الذمة، واان لزواله اثر رجعي، عاد الدين الي الوجود هو
وملحقاته بالنسبة الي ذوي الشان جميعا
، ويعتبر اتحاد الذمة اان لم يكن
.
الفصل الثالث
–
انقضاء الالتزام دون الوفاء به

1
- الابراء",335
civil_131_1948,القانون المدني,131,1948,371,مادة 371,general,False,,29,29,"-
ينقضي الالتزام اذا ابرا الداين مدينه مختارا ويتم الابراء متي وصل الي علم المدين
ويرتد برده
.",94
civil_131_1948,القانون المدني,131,1948,372,مادة 372,general,False,,30,30,"-
)
1
(
يسري علي الابراء الاحكام الموضوعية التي تسري علي
ال تبرع
.
)2
(
ولا يشترط فيه شكل خاص، ولو وقع علي التزام يشترط لقيامه توافر شكل فرضه القانون
او اتفق عليه المتعاقدان
.
2
- استحالة التنفيذ",195
civil_131_1948,القانون المدني,131,1948,373,مادة 373,general,False,,30,30,"-
ينقضي الالتزام اذا اثبت المدين ان الوفاء به اصبح مستحيلا عليه لسبب اجنبي لا يد
له فيه
.
3
- التقادم المسقط",108
civil_131_1948,القانون المدني,131,1948,374,مادة 374,general,False,,30,30,"-
يتقادم الالتزام بانقضاء خمس عشرة سنة فيما عدا الحالات التي ورد عنها نص
خاص في القانون وفيما عدا الاستثناءات التالية
.",119
civil_131_1948,القانون المدني,131,1948,375,مادة 375,general,False,,30,30,"-
)
1
(
يتقادم بخمس سنوات ال حق دوري متجدد واو اقر به المدين، ااجرة المباني
والاراضي الزراعية ومقابل الحكر، واالفوايد والايراد
ات المترتبة والمهايا والاجور
والمعاشات
.
)2
(
ولا يسقط الريع المستحق في ذمة الحايز سيي النية، ولا الريع الواجب علي ناظر الوقف
اداوه للمستحقين، الا بانقضاء خمس عشرة سنة
.",296
civil_131_1948,القانون المدني,131,1948,376,مادة 376,penalty,False,,30,30,"-
تتقادم بخمس سنوات حقوق الاطباء والصيادلة والمحامين والمهندسين والخبراء
ووالاء
التفليسة والسماسرة والاساتذة والمعلمين، علي ان تكون هذه الحقوق واجبة لهم جزاء
عما ادوه من عمل من اعمال مهنتهم وما تكبدوه من مصروفات
.",213
civil_131_1948,القانون المدني,131,1948,377,مادة 377,general,False,,30,30,"-
)
1
(
تتقادم بثلاث سنوات الضرايب والرسوم المستحقة للدولة ويبدا سريان التقادم في
الضرايب والرسوم السنوية من نهاية
السنة التي تستحق عنها، وفي الرسوم المستحقة عن
الاوراق القضايية من تاريخ انهاء المرافعة في الدعوي التي حررت في شانها هذه الاوراق، او
من تاريخ تحريرها اذا لم تحصل مرافعة
.
)2
(
ويتقادم بثلاث سنوات ايضا الحق في المطالبة برد الضرايب والرسوم التي دفعت بغير حق
.
ويبدا سريان التقادم من يوم دفعها
.
)3
(ولا تخل الاحكام السابقة باحكام النصوص الواردة في القوانين الخاصة
.",477
civil_131_1948,القانون المدني,131,1948,378,مادة 378,general,False,,30,30,"-
)
1
(
تتقادم بسنة واحدة الحقوق الاتية
:
( ا )
حقوق التجار والصناع عن اشياء وردها لاشخاص لا يتجرون في هذه الاشياء، وحقوق
اصحاب الفنادق والمطا
عم عن اجر الاقامة وثمن الطعام وال ما صرفوه لحساب عملايهم
.
)
( ب
حقوق العمال والخدم والاجراء من اجور يومية وغير يومية ومن ثمن ما قاموا به من
توريدات
.
)2
(
ويجب علي من يتمسك بان الحق قد تقادم بسنة ان يحلف اليمين علي انه ادي الدين فعلا
.
وهذه اليمين يوجهها الق
اضي من تلقاء نفسه وتوجه الي ورثة المدين او اوصيايهم ان اانوا قصرا
، بانهم لا يعلمون بوجود الدين او يعلمون بحصول الوفاء
.",523
civil_131_1948,القانون المدني,131,1948,379,مادة 379,general,False,,30,30,"-
)
1
(
يبدا سريان التقادم في الحقوق المذاورة في المادتين376
-
378
من الوقت الذي
يتم فيه الداينون تقدماتهم، ولو استمروا يودون تقدم
ات اخري
.
)2
(واذا حرر سند بحق من هذه الحقوق فلا يتقادم الحق الا بانقضاء خمس عشرة سنة
.",218
civil_131_1948,القانون المدني,131,1948,380,مادة 380,general,False,,30,30,"-
تحسب مدة التقادم بالايام ولا بالساعات ولا بحسب اليوم الاول، وتكمل المدة
بانقضاء اخر يوم منها
.",96
civil_131_1948,القانون المدني,131,1948,381,مادة 381,general,False,,30,31,"-
)
1
(
اذا يبدا سريان التقادم فيما لم يرد فيه نص خاص الا
من اليوم الذي يصبح فيه
الدين مستحق الاداء
.
)2
(
وبخاصة لا يسري التقادم بالنسبة الي دين معلق علي شرط واقف الا من الوقت الذي يتحقق
فيه الشرط، وبالنسبة الي ضمان لاستحقاق الا من الوقت الذي يثبت فيه الاستحقاق، وبالنسبة
الي الدين الموجل الا من الوقت الذي ينقضي
فيه الاجل
.
)3
(
واذا اان تحديد ميعاد الوفاء متوقفا علي ارادة الداين، سري التقادم من الوقت الذي يتمكن
فيه الداين من اعلان ارادته
.",444
civil_131_1948,القانون المدني,131,1948,382,مادة 382,general,False,,31,31,"-
)
1
(
لا يسري التقادم الما وجد مانع يتعذر معه علي الداين ان يطالب بحقه ولو اان
المانع اديبا
.
واذلك لا يسري التقادم فيم
ا بين الاصيل والنايب
.
)2
(
ولا يسري التقادم الذي تزيد مدته علي خمس سنوات في حق من لا تتوافر فيه الاهلية او في
حق الغايب او في حق المحكوم عليه بعقوبة جنايية اذا لم يكن له نايب يمثله قانونا
.",312
civil_131_1948,القانون المدني,131,1948,383,مادة 383,general,False,,31,31,"- ينقطع التقادم بالمطالبة القضايية ولو رفعت الدعوي الي محكمة
غير مختصة
وبالتنبيه، وبالحجز، وبالطلب الذي يتقدم به الداين لقبول حقه في تفليس او في توزيع وباي عمل
يقوم به الداين للتمسك بحقه اثناء السير في احدي الدعاوي
.",216
civil_131_1948,القانون المدني,131,1948,384,مادة 384,general,False,,31,31,"-
)
1
(ينقطع التقادم اذا اقر المدين بحق الداين اقرارا صريحا او ضمنيا
.
)2
(ويعتبر اقرارا ضم
نيا ان يترك المدين تحت يد الداين مالا له مرهونا رهنا حيازيا تامينا لوفاء
الدين
.",172
civil_131_1948,القانون المدني,131,1948,385,مادة 385,general,False,,31,31,"-
)
1
(
اذا انقطع التقادم بدا تقادم جديد يسري من وقت انهاء الاثر المترتب علي سبب
الانقطاع، وتكون مدته هي مدة التقادم الاول
.
)2
(علي انه اذا حكم بالدين وحاز الحكم قوة الا
مر المقضي او اذا اان الدين مما يتقادم بسنة
واحدة وانقطع تقادمه باقرار المدين، اانت مدة التقادم الجديد خمس عشرة سنة، الا ان يكون
الدين المحكوم به متضمنا لالتزامات دورية متجددة لا تستحق الاداء الا بعد صدور الحكم
.",382
civil_131_1948,القانون المدني,131,1948,386,مادة 386,general,False,,31,31,"-
)
1
(يترتب علي التقادم انقضاء الال
تزام ومع ذلك يتخلف في ذمة المدين التزام
طبيعي
.
)2
(
واذا سقط الحق بالتقادم سقطت معه الفوايد وغيرها من الملحقات ولو لم تكتمل مدة التقادم
الخاصة بهذه الملحقات
.",196
civil_131_1948,القانون المدني,131,1948,387,مادة 387,mandatory,False,,31,31,"-
)
1
(
لا يجوز للمحكمة ان تقضي بالتقادم من تلقاء نفسها، بل يجب ان يكون ذلك بناء
علي طلب الم
دين او بناء علي طلب داينيه او اي شخص له مصلحة فيه ولو لم يتمسك به المدين
.
)2
(
ويجوز التمسك بالتقادم في اية حالة اانت عليها الدعوي ولو امام المحكمة الاستينافية
.",255
civil_131_1948,القانون المدني,131,1948,388,مادة 388,mandatory,False,,31,31,"-
)
1
(
لا يجوز النزول عن التقادم قبل ثبوت الحق فيه، اما لا يجوز الاتفاق علي ان
يتم التق
ادم في مدة تختلف عن المدة التي عليها القانون
.
)2
(
وانما يجوز لكل شخص يملك التصرف في حقوقه ان ينزل ولو ضمنا عن التقادم بعد ثبوت
الحق فيه، علي ان هذا النزول لا ينفذ في حق الداينين اذا صدر اضرارا بهم
.
الكتاب الاول -
الباب السادس- اثبات الالتزام

الباب السادس

اثبات الالتزام

المواد من 389
الي417
ملغاة
)1
(

الكتاب الثاني-
الباب الاول- العقود التي تقع علي الملكية

الكتاب الثاني

العقود المسماة

الباب الاول

العقود التي تقع علي الملكية

الفصل الاول
–
البيع

1
- البيع بوجه عام

اراان البيع
:",582
civil_131_1948,القانون المدني,131,1948,418,مادة 418,general,False,,31,32,"- البيع عقد يلت
زم بع البايع ان ينقل للمشتري ملكية شيء او حقا ماليا اخر في مقابل ثمن
نقدي
.",91
civil_131_1948,القانون المدني,131,1948,419,مادة 419,mandatory,False,,32,32,"-
)
1
(
يجب ان يكون المشتري عالما بالبيع علما اافيا، ويعتبر العلم اافيا اذا اشتمل
العقد علي بيان المبيع واوصافه الاساسية بيانا يمكن من تعرفه
.
)2
(واذا ذار في عقد البيع ان ال
مشتري عالم بالمبيع، سقط حقه في طلب ابطال البيع بدعوي
عدم علمه به الا اذا اثبت تدليس البايع
.",267
civil_131_1948,القانون المدني,131,1948,420,مادة 420,general,False,,32,32,"-
)
1
(
اذا اان البيع
""
بالعينة
""
وجب ان يكون المبيع مطابقا لها
.
)2
(
واذا تلفت
""
العينة
""
او هلكت في يد احد المتعاقدين ولو دون خطا، اان علي المتعاقد بايعا
ا
و مشتريا ان يثبت ان الشيء مطابق للعينة او غير مطابق
.",212
civil_131_1948,القانون المدني,131,1948,421,مادة 421,optional,False,,32,32,"-
)
1
(
في البيع بشرط التجربة يجوز للمشتري ان يقبل المبيع او برفضه، وعلي البايع
ان يمكنه من التجربة، فاذا رفض المشتري المبيع وجب ان يعلن الرفض في المدة المتفق عليها
، فان لم يكن هناك اتفاق علي ال
مدة ففي مدة معقولة يعينها البايع، فاذا انقضت هذه المدة وسكت
المشتري مع تمكنه من تجربة المبيع اعتبر سكوته قبولا
.
)2
(
ويعتبر البيع بشرط التجربة معلقا علي شرط واقف هو قبول المبيع الا اذا تبين من الاتفاق او
الظروف ان البيع معلق علي شرط فاسخ
.",436
civil_131_1948,القانون المدني,131,1948,422,مادة 422,general,False,,32,32,"- اذا بيع
الشيء بشرط المذاق اان للمشتري ان يقبل البيع ان شاء، ولكن عليه ان يعلن
هذا القبول في المدة التي يعنيها الاتفاق او العرف ولا ينعقد البيع الا من الوقت الذي يتم فيه هذا
الاعلان
.",184
civil_131_1948,القانون المدني,131,1948,423,مادة 423,mandatory,False,,32,32,"-
)
1
(يجوز ان يقتصر تقدير الثمن علي بيان الاسس التي يحدد بمقتضاها فيما ب
.عد
)2
(
واذا اتفق علي ان الثمن هو سعر السوق، وجب عند الشك، ان يكون الثمن سعر السوق في
المكان والزمان اللذين يجب فيهما تسليم المبيع المشتري، فاذا لم يكن في مكان التسليم سوق،
وجب الرجوع الي سعر السوق في المكان الذي يقضي العرف ان تكون اسعاره هي السارية
.
م
ادة 424
-
اذا لم يحدد المتعاقدان ثمنا للمبيع، فلا يترتب علي ذلك بطلان البيع متي تبين من
الظروف ان المتعاقدين قد نويا اعتماد السعر المتداول في التجارة او السعر الذي جري عليه
التعامل بينهما
.",518
civil_131_1948,القانون المدني,131,1948,425,مادة 425,general,False,,32,32,"-
)
1
(اذا بيع عقار مملوك لشخص لا تتوافر فيه الاهلية واان في
البيع غبن يزيد علي
الخمس فالبايع ان يطلب تكملة الثمن الي اربعة اخماس ثمن المثل
.
)2
(ويجب لتقدير ما اذا اان الغبن يزيد علي الخمس ان يقوم العقار بحسب قيمته وقت البيع
.",227
civil_131_1948,القانون المدني,131,1948,426,مادة 426,general,False,,32,32,"-
)
1
(
تسقط بالتقادم دعوي تكمله الثمن بسبب الغبن اذا انقضت ثلاث سنوات من وقت
توافر
الاهلية او من اليوم الذي بموت فيه صاحب العقار المبيع
.
)2
(ولا تلحق هذه الدعوي ضررا بالغير حسن النية اذا اسب حقا عينيا علي العقار المبيع
.",222
civil_131_1948,القانون المدني,131,1948,427,مادة 427,mandatory,False,,32,32,"- لا يجوز الطعن بالغبن في بيع تم انص القانون بطريق المزاد العلني
.
التزامات البايع
:",84
civil_131_1948,القانون المدني,131,1948,428,مادة 428,mandatory,False,,32,32,"-
يلتزم البايع ان
يقوم بما هو ضروري لنقل الحق المبيع الي المشتري وان يكف عن
اي عمل من شانه ان يجعل نقل الحق مستحيلا او عسيرا
.",126
civil_131_1948,القانون المدني,131,1948,429,مادة 429,general,False,,32,32,"-
اذا اان البيع جزافا، انتقلت الملكة الي المشتري علي النحو الذي تنتقل به في الشيء
المعين بالذات، ويكون البيع جزافا ولو اان تحديد الثمن موق
وفا علي تقدير المبيع
.",161
civil_131_1948,القانون المدني,131,1948,430,مادة 430,optional,False,,32,32,"-
)
1
(
اذا اان البيع موجل الثمن، جاز للبايع ان يشترط ان يكون نقل الملكية الي
المشتري موقوفا علي استيفاء الثمن اله ولو تم تسليم المبيع
.
)2
(
فاذا اان الثمن يدفع اقساطا، جاز للمتعاقدين ان يتفقا علي ان يستبقي البايع جزءا منه
تعوي
ضا له عن فسخ البيع اذا لم توف جميع الاقساط
.
ومع ذلك يجوز للقاضي تبعا للظروف ان",308
civil_131_1948,القانون المدني,131,1948,224,مادة 224,general,False,,32,32,".

)
3
(واذا وفيت الاقساط جميعا، فان انتقال الملكية الي المشتري يعتبر مستندا الي وقت البيع
.
)4
(وتسري احكام الفقرات الث
لاث السابقة ولو سمي المتعاقدان البيع ايجارا
.",166
civil_131_1948,القانون المدني,131,1948,431,مادة 431,mandatory,False,,33,33,"- يلتزم البايع بتسليم المبيع للمشتري بالحالة التي اان عليها وقت البيع
.",71
civil_131_1948,القانون المدني,131,1948,432,مادة 432,general,False,,33,33,"-
يشمل التسليم ملحقات الشيء المبيع وال ما اعد بصفة دايمة لاستعمال هذا الشيء
وذلك طبقا لما تقضي به طبيعة الاشياء وعرف الجهة و
قصد المتعاقدين
.",141
civil_131_1948,القانون المدني,131,1948,433,مادة 433,mandatory,False,,33,33,"-
)
1
(
اذا عين في العقد مقدار المبيع اان البايع مسيولا عن نقص هذا القدر بحسب ما
يقضي به العرف ما لم يتفق علي غير ذلك، علي انه لا يجوز للمشتري ان يطلب فسخ العقد
لنقض في المبيع الا اذا اثبت ان هذا النقص من الجسامة بحيث او انه اان يعلم
ه لما اتم العقد
.
)2
(
اما اذا تبين ان القدر الذي يشتمل عليه المبيع يزيد علي ما ذار في العقد واان الثمن مقدرا
بحساب الوحدة، وجب علي المشتري، اذا اان المبيع غير قابل للتبعيض، ان يكمل الثمن الا اذا
اانت الزيادة جسيمة فيجوز له ان يطلب فسخ العقد وال هذا ما لم
يوجد اتفاق يخالفه
.",509
civil_131_1948,القانون المدني,131,1948,434,مادة 434,general,False,,33,33,"-
اذا وجد في البيع عجز او زيادة، فان حق المشتري في طلب انقاص الثمن او في
طلب فسخ العقد وحق البايع في طل تكمله الثمن يسقط ال منهما بالتقادم اذا انقضت سنة من وقت
تسليم تسلما فعليا
.",179
civil_131_1948,القانون المدني,131,1948,435,مادة 435,general,False,,33,33,"-
)
1
(
يكون التسليم بوضع المبيع تحت تصرف
لمشتري بحيث يتمكن من حيازته
والانتفاع به دون عايق ولو لم يستول عليه استيلاء ماديا مادام البايع قد اعمله بذلك
.
ويحصل هذا
التسليم علي النحو الذي يتفق مع طبيعة الشيء المبيع
.
)2
(
ويجوز ان يتم التسليم بمجرد تراضي المتعاقدين اذا اان المبيع في حيازة المشتري قبل
البيع
او اان البايع قد استبقي المبيع في حيازته بعد البيع لسبب اخر غير الملكية
.",379
civil_131_1948,القانون المدني,131,1948,436,مادة 436,general,False,,33,33,"-
اذا وجب تصدير المبيع للمشتري، فلا يتم التسليم الا اذا وصل اليه ما لم يوجد اتفاق
يقضي بغير ذلك
.",97
civil_131_1948,القانون المدني,131,1948,437,مادة 437,general,False,,33,33,"- اذا هلك المبيع قبل التسليم لسبب لا يد للبايع فيه، انفسخ البي
ع واسترد المشتري الثمن
الا اذا اان الهلاك بعد اعذار المشتري لتسليم المبيع
.",138
civil_131_1948,القانون المدني,131,1948,438,مادة 438,general,False,,33,33,"-
اذا نقضت قيمة المبيع قبل التسليم لتلف اصابه، جاز للمشتري اما ان يطلب فسخ
البيع اذا اان النقص جسيما بحيث لو طرا قبل العقد لما تم البيع، واما ان يبقي البيع مع انقاص
الثمن
.",172
civil_131_1948,القانون المدني,131,1948,439,مادة 439,general,False,,33,33,"-
يضمن البايع عدم التعرض للمشتري في الانتفاع بالمبيع اله او بعضه سواء اان
التعرض من فعله هو او من فعل اجنبي يكون له وقت البيع حق علي المبيع يحتج به علي
المشتري البيع اذا اان هذا الحق قد ال اليه من البايع نفسه
.",210
civil_131_1948,القانون المدني,131,1948,440,مادة 440,general,False,,33,33,"-
)
1
(اذا رفعت علي المشتري دع
وي باستحقاق المبيع واخطر بها البايع، اان علي
البايع بحسب الاحوال، ووفقا لقانون المرافعات ان يتدخل في الدعوي الي جانب المشتري او ان
يحل فيها محله
.
)2
(
فاذا تم الاخطار في الوقت الملايم ولم يتدخل البايع في الدعوي، وجب عليه الضمان الا اذا
اثبت ان الحكم الصا
در في الدعوي اان نتيجة لتدليس من المشتري او الخطا جسيم منه
.
)3
(
واذا لم يخطر المشتري البايع بالدعوي في الوقت الملايم وصدر عليه حكم حاز قوة الامر
المقضي فقد حقه في الرجوع بالضمان اذا اثبت البايع ان تدخله في الدعوي اان يودي الي رفض
دعوي الاستحقاق
.",535
civil_131_1948,القانون المدني,131,1948,441,مادة 441,general,False,,33,33,"-
يثبت حق المشتري في الضمان ولو اعترف وهو حسن النية للاجنبي بحقه او تصالح
معه علي هذا الحق دون ان ينتظر في ذلك صدور حكم قضايي متي اان قد اخطر البايع بالدعوي
في الوقت الملايم ودعاه ان يحل محله فيها فلم يفعل ال ذلك ما لم يثبت البايع ان الاجنبي لم يكن
علي حق في
دعواه
.",266
civil_131_1948,القانون المدني,131,1948,442,مادة 442,general,False,,33,33,"-
اذا توقي المشتري استحقاق المبيع اله او بعضه يدفع مبلغ من النقود او باداء شيء
اخر، اان للبايع ان يتخلص من نتايج الضمان بان يرد للمشتري المبلغ الذي دفعه او قيمة ما اداه
مع الفوايد القانونية وجميع المصروفات
.",207
civil_131_1948,القانون المدني,131,1948,443,مادة 443,mandatory,False,,33,34,"- اذا استحق ال المبيع اا
ن المشتري ان يطلب من البايع
.
قيمة المبيع وقت الاستحقاق مع الفوايد القانونية من ذلك الوقت
.
قيمة الثمار التي الزم المشتري بردها لمن استحق المبيع
.
المصروفات النافعة التي لا يستطيع المشتري ان يلزم بها المستحق واذلك المصروفات الكمالية
اذا اان البايع سيي النية
.
جميع مصروفات دعوي الضمان ودعوي الاستحقاق عدا ما اان المشتري يستطيع ان يتقيه منها",365
civil_131_1948,القانون المدني,131,1948,440,مادة 440,general,False,,34,34,".

ويوجه عام، تعويض المشتري عما لحقه من خسارة او فاته من اسب بسبب استحقاق المبيع
.
ال هذا ما لم يكن رجوع المشتري مبنيا علي المطالبة بفسخ ا
لبيع او ابطاله
.",155
civil_131_1948,القانون المدني,131,1948,444,مادة 444,general,False,,34,34,"-
)
1
(
اذا استحق بعض المبيع او وجد مثقلا بتكليف واانت خسارة المشتري من ذلك
قد بلغت قدر لو علمه لما اتم العقد، اان له ان يطالب البايع بالمبالغ المبينة في المادة السابقة علي
ان يرد له المبيع وما افاده منه
.
)2
(فاذا اختار المشتري استبق
اء المبيع، او اانت الخسارة التي لحقته لم تبلغ القدر المبين ف
الفقرة السابقة، لم يكن له الا ان يطالب بالتعويض عما اصابه من ضرر بسبب الاستحقاق
.",377
civil_131_1948,القانون المدني,131,1948,445,مادة 445,optional,False,,34,34,"-
)
1
(
، يجوز للمتعاقدين باتفاق خاص ان يزيدا ضمان الاستحقاق، او ان ينقصا منه
او ان يسقطا هذا الضمان
.
)2
(
ويفترض في حق الارتفاع ان البايع قد اشترط عدم الضمان اذا اان هذا الحق ظاهر او اان
البايع قد ابان عنه للمشتري
.
)3
(ويقع باطلا ال شرط يسقط الضمان او ينقصه اذا اان البايع قد تعمد اخفاء حق الاجنبي
.",302
civil_131_1948,القانون المدني,131,1948,446,مادة 446,general,False,,34,34,"-
)
1
(اذا اتفق علي عدم الضمان بقي البايع مع ذلك مسيولا
عن اي استحقاق ينشا من
فعله، ويقع باطلا ال اتفاق يقضي بغير ذلك
.
)2
(
اما اذا اان استحقاق المبيع قد تنشا من فعل الغير، فان البايع يكون مسيولا عن رد قيمة
المبيع وقت الاستحقاق، الا اذا ثبت ان المشتري اان يعلم وقت البيع سبب الاستحقاق، او انه
اشتري ساقط الخي
.ار",313
civil_131_1948,القانون المدني,131,1948,447,مادة 447,general,False,,34,34,"-
)
1
(
يكون البايع ملزما بالضمان اذا لم يتوافر في المبيع وقت التسليم الصفات التي
افل للمشتري وجودها فيه، او اذا اان بالمبيع عيب ينقص من قيمته او من نفعه بحسب الغاية
المقصودة مستفادة مما هو مبين في العقد او مما هو ظاهر من طبيعة الشيء، او الغرض
الذي
اعد له، ويضمن البايع هذا العيب ولو لم يكن عالما بوجوده
.
)2
(
ومع ذلك لا يضمن البايع العيوب التي اان المشتري يعرفها وقت البيع، او اان يستطيع ان
يتبينها بنفسه لو انه فحص المبيع بعناية الرجل العادي، الا اذا اثبت المشتري ان البايع قد ااد له
خلو المبيع م
ن هذا العيب، او اثبت ان البايع قد تعمد اخفاء العيب غشا منه
.",560
civil_131_1948,القانون المدني,131,1948,448,مادة 448,general,False,,34,34,"- لا يضمن البايع عيبا جري العرف علي التسامح فيه
.",49
civil_131_1948,القانون المدني,131,1948,449,مادة 449,optional,False,,34,34,"-
)
1
(
اذا تسلم المشتري المبيع، وجب عليه التحقق من حالته بمجرد ان يتمكن من ذلك
، وفقا للمالوف في التعامل، فاذا اشف عيبا يضمنه الب
ايع وجب عليه ان يخطره به خلال مدة
معقولة، فان لم يفعل اعتبر قابلا للمبيع
.
)2
(
اما اذا اان العيب مما لا يمكن الكشف عنه بالفحص المعتاد ثم اشفه المشتري، وجب عليه
ان يخطر به البايع بمجرد ظهوره، والا اعتبر قابلا للمبيع بما فيه من عيب
.",363
civil_131_1948,القانون المدني,131,1948,450,مادة 450,general,False,,34,34,"- اذا اخطر المش
تري البايع بالعيب في الوقت الملايم اان له ان يرجع بالضمان علي",77
civil_131_1948,القانون المدني,131,1948,444,مادة 444,general,False,,34,34,.,1
civil_131_1948,القانون المدني,131,1948,451,مادة 451,general,False,,34,34,"- تبقي دعوي الضمان ولو هلك المبيع باي سبب اان
.",47
civil_131_1948,القانون المدني,131,1948,452,مادة 452,mandatory,False,,34,34,"-
)
1
(
تسقط بالتقادم دعوي الضمان اذا انقضت سنة من وقت تسليم المبيع ولو لم
يكشف المشتري العيب الا بعد ذلك
ما لم يقبل البايع ان يلتزم بالضمان لمدة اطول
.
)2
(علي انه لا يجوز للبايع ان يتمسك بالنسبة لتمام التقادم اذا ثبت به تعمد اخفاء العيب غشا منه
.",248
civil_131_1948,القانون المدني,131,1948,453,مادة 453,optional,False,,34,35,"-
يجوز للمتعاقدين باتفاق خاص ان يزيدا في الضمان او ان ينقصا منه او ان يسقطا
هذا الضمان، علي ان ال شرط يسق
ط الضمان او ينقضه يقع باطلا اذا اان البايع قد تعمد اخفاء
العيب في المبيع غشا منه
.",188
civil_131_1948,القانون المدني,131,1948,454,مادة 454,general,False,,35,35,"-
لا ضمان للعيب في البيوع القضايية
.
ولا في البيوع الادارية اذا اانت بالمزاد
.",78
civil_131_1948,القانون المدني,131,1948,455,مادة 455,general,False,,35,35,"-
اذا ضمن البايع صلاحية المبيع للعمل مدة معلومة ثم ظهر خلل في المبيع، فعلي
المش
تري ان يخطر البايع بهذا الخلل في مدة شهر من ظهوره وان يرفع الدعوي في مدة ستة
شهور من هذا الاخطار، والا سقط حقه في الضمان، ال هذا ما لم يتفق علي غيره
.
التزامات المشتري
:",249
civil_131_1948,القانون المدني,131,1948,456,مادة 456,general,False,,35,35,"-
)
1
(
يكون الثمن مستحق الوفاء في المكان الذي سلم فيه المبيع ما لم يوجد اتفاق
او
عرف يقضي بغير ذلك
.
)2
(
فاذا لم يكن الثمن مستحقا وقت تسليم المبيع، وجب الوفاء به في المكان الذي يوجد فيه
موطن المشتري وقت استحقاق الثمن
.",220
civil_131_1948,القانون المدني,131,1948,457,مادة 457,optional,False,,35,35,"-
)
1
(
يكون الثمن مستحق الوفاء في الوقت الذي يسلم فيه المبيع ما لم يوجد اتفاق او
عرف يقضي بغير ذلك
.
)2
(
فاذا
تعرض احد للمشتري مستندا الي حق سابق علي البيع او ايل من البايع، او اذا خيف
علي المبيع ان ينزع من يد المشتري، جاز له ما لم يمنعه شرط في العقد ان يحبس الثمن حتي
ينقطع التعرض او يزول الخطر
.
ومع ذلك يجوز للبايع في هذه الحالة ان يطالب باستيفاء الثمن
علي ان ي
قدم افيلا
.
)3
(ويسري حكم الفقرة السابقة في حالة ما اذا اشف المشتري عيبا في المبيع
.",451
civil_131_1948,القانون المدني,131,1948,458,مادة 458,general,False,,35,35,"-
)
1
(
لا حق للبايع في الفوايد القانونية عن الثمن الا اذا اعذر المشتري او اذا سلم
الشيء المبيع واان هذا الشيء قابلا ان ينتج ثمرات او ايرادات اخري، هذا ما لم يوجد اتف
اق او
عرف يقضي بغيره
.
)2
(
وللمشتري ثمر المبيع ونماوه من وقت تمام البيع، وعليه تكاليف المبيع من هذا الوقت ايضا
.
هذا ما لم يوجد اتفاق او عرف يقضي بغيره
.",321
civil_131_1948,القانون المدني,131,1948,459,مادة 459,optional,False,,35,35,"-
)
1
(
اذا اان الثمن اله او بعضه مستحق الدفع في الحال فللبايع ان يحبس المبيع حتي
يستوفي ما هو مس
تحق له ولو قدم المشتري رهنا او افالة
.
هذا ما لم يمنح البايع المشتري اجلا
بعد البيع
.
)2
(
واذلك يجوز للبايع ان يحبس المبيع ولو لم يحل الاجل المشترط لدفع الثمن اذا سقط حق",268
civil_131_1948,القانون المدني,131,1948,273,مادة 273,general,False,,35,35,.,1
civil_131_1948,القانون المدني,131,1948,460,مادة 460,general,False,,35,35,"- اذا هلك المبيع في يد البايع وهو حابس
له اان الهلاك علي المشتري ما لم يكن المبيع
قد هلك بفعل البايع
.",102
civil_131_1948,القانون المدني,131,1948,461,مادة 461,general,False,,35,35,"-
في بيع العروض وغيرها من المنقولات اذا اتفق علي ميعاد لدفع الثمن وتسلم المبيع
يكون البيع مفسوخا دون حاجة الي اعذار ان لم يدفع الثمن عند حلول الميعاد اذا اختار البايع ذلك
، وهذا ما لم
يوجد اتفاق علي غيره
.",205
civil_131_1948,القانون المدني,131,1948,462,مادة 462,general,False,,35,35,"-
نفقات عقد البيع ورسوم
""
الدمغة
""
والتسجيل وغير ذلك من مصروفات تكون علي
المشتري ما لم يوجد اتفاق او عرف يقضي بغير ذلك
.",120
civil_131_1948,القانون المدني,131,1948,463,مادة 463,general,False,,35,35,"-
اذا لم يعين الاتفاق او العرف مكانا او زمانا لتسلم للبيع وجب علي المشتري ان
يتسلمه ف المكان الذي ي
وجد فيه المبيع وقت البيع وان ينقله دون ابطاء الا ما يقتضيه النقل من
زمن
.",173
civil_131_1948,القانون المدني,131,1948,464,مادة 464,general,False,,35,35,"- نفقات تسلم المبيع علي المشتري ما لم يوجد عرف او اتفاق يقضي بغير ذلك
.
2
- بعض انواع البيوع

بيع الوفاء
:",106
civil_131_1948,القانون المدني,131,1948,465,مادة 465,general,False,,35,35,"- اذا احتفظ البايع عند البيع بحق استرداد المبيع خلال مدة معينة
وقع البيع باطلا
.
بيع ملك الغير
:",96
civil_131_1948,القانون المدني,131,1948,466,مادة 466,general,False,,36,36,"-
)
1
(
اذا باع شخص شييا معينا بالذات وهو لا يملكه، جاز للمشتري ان يطلب ابطال
البيع
.
ويكون الامر اذلك ولو وقع البيع علي عقار، سجل العقد او لم يسجل
.
)2
(وفي ال حال لا يسري هذا البيع في حق المالك للعين المبيعة ولو ا
جاز المشتري العقد
.",235
civil_131_1948,القانون المدني,131,1948,467,مادة 467,general,False,,36,36,"-
)
1
(
اذا اقر المالك البيع سري العقد ف حقه وانقلب صحيحا في حق المشتري
.
)2
(
واذلك ينقلب العقد صحيحا في حق المشتري اذا الت ملكية المبيع الي البايع بعد صدور
العقد
.",165
civil_131_1948,القانون المدني,131,1948,468,مادة 468,general,False,,36,36,"- اذا حكم للمشتري بابطال البيع واان يجهل ان المبيع غير مملو
ك للبايع، فله ان
يطالب بتعويض ولو اان البايع حسن النية
.
بيع الحقوق المتنازع عليها
:",144
civil_131_1948,القانون المدني,131,1948,469,مادة 469,general,False,,36,36,"-
)
1
(
اذا اان الحق المتنازع فيه قد نزل عنه صاحبه بمقابل الي شخص اخر فللمتنازل
ضده ان يتخلص من المطالبة اذا هو رد الي المتنازل له الثمن الحقيقي الذي دفعه مع
المصروف
ات وفوايد الثمن من وقت الدفع
.
)2
(ويعتبر الحق متنازعا فيه اذا اان موضوعه قد رفعت به دعوي او قام في شانه نزاع جدي
.",281
civil_131_1948,القانون المدني,131,1948,470,مادة 470,general,False,,36,36,"- لا تسري احكام المادة السابقة في الاحوال الاتية
:-

)
( ا
اذا اان الحق المتنازع فيه داخلا ضمن مجموعة اموال بيعت جزافا بثمن واحد
.
)
( ب
اذا اان الحق المتنازع فيه شايعا بين ورثة او ملاك وباع احدهم نصيبه للاخر
.
( ج )
اذا نزل المدين للداين عن حق متنازع فيه وفاء للدين المستحق في ذمته
.
( د )
اذا اان الحق المتنازع فيه يثقل عقارا وبيع الحق لحايز العقار
.",352
civil_131_1948,القانون المدني,131,1948,471,مادة 471,mandatory,False,,36,36,"- لا يجوز للقضاة ولا لاعضاء النيابة
ولا للمحامين ولا لكتبة المحاام ولا للمحضرين
ان يشتروا لا باسمايهم ولا باسم مستعار الحق المتنازع فيه اله او بعضه اذا اان النظر في
النزاع يدخل في اختصاص المحكمة التي يباشرون اعمالهم في دايرتها والا اان البيع باطلا
.",249
civil_131_1948,القانون المدني,131,1948,472,مادة 472,mandatory,False,,36,36,"-
لا يجوز للمحامين ان يتعاملوا مع
مواليهم في الحقوق المتنازع فيها اذا اانوا هم
الذين يتولون الدفاع عنها سواء ااان التعامل باسمايهم ام باسم مستعار والا اان العقد باطلا
.
بيع التراة
:",181
civil_131_1948,القانون المدني,131,1948,473,مادة 473,general,False,,36,36,"- من باع تراة، دون ان يفصل مشتملاتها
.
لا يضمن الا ثبوت وراثته ما لم يتفق علي
غير ذلك
.",87
civil_131_1948,القانون المدني,131,1948,474,مادة 474,general,False,,36,36,"-
اذا
بيعت تراة فلا يسري البيع في حق الغير الا اذا استوفي المشتري الاجراءات
الواجبة لنقل ال حق اشتملت عليه التراة
.
فاذا نص القانون علي اجراءات لنقل الحق فيما بين
المتعاقدين، وجب ايضا ان تستوفي هذه الاجراءات
.",209
civil_131_1948,القانون المدني,131,1948,475,مادة 475,general,False,,36,36,"-
اذا اان البايع قد استوفي بعض ما للتراة من
الديون او باع شييا مما اشتملت عليه،
وجب ان يرد للمشتري ما استولي عليه ما لم يكن عقد البيع قد اشتراط صراحة عدم الرد
.",160
civil_131_1948,القانون المدني,131,1948,476,مادة 476,general,False,,36,36,"-
يرد المشتري للبايع ما وفاه هذا من ديون التراة ويحسب للبايع ال ما يكون داينا به
للتراة ما لم يوجد اتفاق يقضي بغير ذلك
.
البيع في مر
ض الموت
:",142
civil_131_1948,القانون المدني,131,1948,477,مادة 477,general,False,,36,36,"-
)
1
(
اذا باع المريض مرض الموت لوارث او لغير وارث بثمن يقل عن قيمة المبيع
وقت الموت فان البيع يسري في حق الورثة اذا اانت زيادة قيمة المبيع علي الثمن لا تجاوز ثلث
للتراة داخلا فيها المبيع ذاته
.
)2
(اما اذا اانت هذه الزيادة تجاوز ثلث التراة
فان البيع فيما يجاوز الثلث لا يسري في حق
الورثة الا اذا اقروه او رد المشتري للتراة ما يفي بتكملة الثلثين
.
)3
(",353
civil_131_1948,القانون المدني,131,1948,916,مادة 916,general,False,,36,36,.,1
civil_131_1948,القانون المدني,131,1948,478,مادة 478,general,False,,36,37,"-
لا تسري احكام المادة السابقة اضرارا بالغير حسن النية اذا اان هذا الغير قد اسب
بعوض حقا
عينيا علي العين المبيعة
.
بيع النايب لنفسه
:",133
civil_131_1948,القانون المدني,131,1948,479,مادة 479,mandatory,False,,37,37,"-
لا يجوز لمن ينوب عن غيره بمقتضي اتفاق او صن او امر من السلطات المختصة
ان يشتري بنفسه مباشرة او باسم مستعار ولو بطريق المزاد العلني ما نيط به بيعه بموجب هذه
النيابة ما لم يكن باذن القضاء ومع عدم الاخلا
ل بما يكون منصوصا عليه في قوانين اخري
.",242
civil_131_1948,القانون المدني,131,1948,480,مادة 480,mandatory,False,,37,37,"-
لا يجوز للسماسرة ولا للخبراء ان يشتروا الاموال المعهود اليهم في بيعها او في
تقدير قيمتها سواء ااان الشراء باسمايهم ام باسم مستعار
.",133
civil_131_1948,القانون المدني,131,1948,481,مادة 481,general,False,,37,37,"- يصح العقد في الاحوال المنصوص عليها في المادتين السابقتين اذا اجازه
من تم البيع
لحسابه
.
الفصل الثاني
–
المقايضة",113
civil_131_1948,القانون المدني,131,1948,482,مادة 482,mandatory,False,,37,37,"-
، المقايضة عقد به يلتزم ال من المتعاقدين ان ينقل الي الاخر، علي سبيل التبادل
ملكية مال ليس من النقود
.",104
civil_131_1948,القانون المدني,131,1948,483,مادة 483,general,False,,37,37,"-
اذا اان الاشياء المتقايض فيها قيم مختلفة في تقدير المتعاقدين، جاز تعويض الفرق
بمبلغ من
النقود يكون معدلا
.",108
civil_131_1948,القانون المدني,131,1948,484,مادة 484,general,False,,37,37,"-
، مصروفات عقد المقايضة وغيرها من النفقات الاخري يتحملها المتقايضان مناصفة
ما لم يوجد اتفاق يقضي بغير ذلك
.",108
civil_131_1948,القانون المدني,131,1948,485,مادة 485,general,False,,37,37,"-
تسري علي المقايضة احكام البيع، بالقدر الذي تسمح به طبيعة المقايضة، ويعتبر
ال من المتقايضين بايعا للشيء الذي ق
ايض به ومشربا للشيء الذي قايض عليه
.
الفصل الثالث
–
الهبة

1
- اراان الهبة",186
civil_131_1948,القانون المدني,131,1948,486,مادة 486,general,False,,37,37,"-
)
1
(الهبة عقد يتصرف بمقتضاه الواهب في مال له دون عوض
.
)2
(
ويجوز للواهب، دون ان يتجرد عن نية التبرع، ان يفرض علي الموهوب له القيام بالتزام
معين
.",149
civil_131_1948,القانون المدني,131,1948,487,مادة 487,general,False,,37,37,"-
)
1
(لا تتم الهبة ا
لا اذا قبلها الموهوب له او نايبه
.
)2
(
فاذا اان الواهب هو ولي الموهوب له او وصية ناب عنه في قبول الهبة وقبض الشيء
الموهوب
.",146
civil_131_1948,القانون المدني,131,1948,488,مادة 488,optional,False,,37,37,"-
)
1
(تكون الهبة بورقة رسمية، والا وقعت باطلة ما لم تتم تحت ستار عقد اخر
.
)2
(ومع ذلك يجوز في المنقول ان تتم الهبة بالقبض، د
ون حاجة الي ورقة رسمية
.",151
civil_131_1948,القانون المدني,131,1948,489,مادة 489,optional,False,,37,37,"-
اذا قام الواهب او ورثته مختارين بتنفيذ هبة باطلة لعيب في الشكل، فلا يجوز لهم ان
يستردوا ما سلموه
.",100
civil_131_1948,القانون المدني,131,1948,490,مادة 490,general,False,,37,37,"- الوعد بالهبة لا ينعقد الا اذا اان بورثة رسمية
.",49
civil_131_1948,القانون المدني,131,1948,491,مادة 491,general,False,,37,37,"-
، اذا وردت الهبة علي شيء معين بالذات، غير مملوك للواهب
سرت عليها احكام
المادتين 466
،
467
.",93
civil_131_1948,القانون المدني,131,1948,492,مادة 492,general,False,,37,37,"- تقع هبة الاموال المستقبلة باطلة
.
2
- اثار الهبة",50
civil_131_1948,القانون المدني,131,1948,493,مادة 493,mandatory,False,,37,37,"-
، اذا لم يكن الموهوب له قد تسلم الشيء الموهوب، فان الواهب يلتزم بتسليمه اياه
وتسري في ذلك الاحكام المتعلقة بتسليم المبيع
.",124
civil_131_1948,القانون المدني,131,1948,494,مادة 494,general,False,,37,37,"-
)
1
(
لا يضمن الواهب
استحقاق الشيء الموهوب، الا اذا تعمد اخفاء سبب
الاستحقاق او اانت الهبة بعوض
.
وفي الحالة الاولي يقدر القاضي للموهوب له تعريضا عادلا
عما اصابه من الضرر
.
وفي الحالة الثانية لا يضمن الواهب الاستحقاق الا بقدر ما اداه
الموهوب له من عوض
.
ال هذا ما لم يتفق علي
غيره
.
)2
(واذا استحق الشيء الموهوب حل الموهوب اله المحل الراهب فيما له من حقوق ودعاوي
.",366
civil_131_1948,القانون المدني,131,1948,495,مادة 495,general,False,,37,38,"-
)
1
(لا يضمن الواهب خلو الشيء الموهوب من العيب
.
)2
(
علي انه اذا تعمد الواهب اخفاء العيب، او ضمن خلو الشيء الموهوب من العيوب، اان
ملزما بتعويض الموهوب له عن ال
ضرر الذي يسببه العيب
.
ويكون اذلك ملزما بالتعويض اذا
اانت الهبة بعوض علي الا يجاوز التعويض في هذه الحالة قدر ما اداه الموهوب له من هذا
التعويض
.",307
civil_131_1948,القانون المدني,131,1948,496,مادة 496,general,False,,38,38,"- لا يكون الواهب مسيولا الا عن فعله العمد او خطيه الجسيم
.",58
civil_131_1948,القانون المدني,131,1948,497,مادة 497,mandatory,False,,38,38,"- يلتزم الموهوب له باداء ما اشترط عليه
من عوض سواء اشتراط هذا العرض
لمصلحة الواهب ام لمصلحة اجنبي ام للمصلحة العامة
.
مادة
498
-
اذا تبين ان الشيء الموهوب اقل في القيمة من العوض المشترط، فلا يكون
الموهوب له ملزما بان يودي من هذا العوض الا بقدر قيمة الشيء الموهوب
.",264
civil_131_1948,القانون المدني,131,1948,499,مادة 499,mandatory,False,,38,38,"-
)
1
(
اذا اشترط الواهب
عوضا عن الهبة وفاء ديونه، فلا يكون الموهوب له ملزما
الا بوفاء الديون له يلتزم بوفاء هذا الدين، ما لم يوجد اتفاق علي غير ذلك
.
3
- الرجوع في الهبة",170
civil_131_1948,القانون المدني,131,1948,500,مادة 500,optional,False,,38,38,"-
)
1
(يجوز للواهب ان يرجع في الهبة اذا قبل الموهوب له ذلك
.
)2
(فاذا لم يقبل الموهوب له جاز للواهب ان ي
طلب من القضاء الترخيص له في الرجوع، متي
اان يستند في ذلك الي عذر مقبولا ولم يوجد مانع من الرجوع
.",202
civil_131_1948,القانون المدني,131,1948,501,مادة 501,mandatory,False,,38,38,"- يعتبر بنوع خاص عذرا مقبولا للرجوع في الهبة
.
( ا )
ان يخل الموهوب له بما يجب عليه نحو الواهب، او نحو احد من اقاربه، بحيث يكون هذا
الاخلال جحودا ابي
را من جانبه
.
)
( ب
ان يصبح الواهب عاجزا عن ان يوفر لنفسه اسباب المعيشة بما يتفق مع مكانته
الاجتماعية، او ان يصبح غير قادر علي الوفاء بما يفرضه عليه القانون من النفقة علي الغير
.
)
( ج
ان يرزق الواهب بعد الهبة ولدا يظل حيا الي وقت الرجوع، او ان يكون للواه
ب ولد
يظنه ميتا وقت الهبة فاذا به حي
.",444
civil_131_1948,القانون المدني,131,1948,502,مادة 502,general,False,,38,38,"-
يرفض طلب الرجوع في الهبة اذا وجد مانع من الموانع الاتية
:
( ا )
اذا حصل للشيء الموهوب زيادة متصلة موجبة لزيادة قيمته فاذا زال المانع عاد حق
الرجوع
.
)
( ب
اذا مات احد طرفي عقد الهبة
.
( ج )
اذا تصرف الموهوب له
في الشيء الموهوب تصرفا نهاييا، فاذا اقتصر التصرف علي
بعض الموهوب، جاز للواهب ان يرجع في الباقي
.
( د )
اذا اانت الهبة من احد الزوجين للاخر ولو اراد الواهب الرجوع بعد انقضاء الزوجية
.
)
( ه
اذا اانت الهبة الذي رحم محرم
.
( و )
اذا هلك الشيء الموهوب في يد ا
لموهوب له، سواء اان لهلاك بفعله او بحادث اجنبي لا
يد له فيه او بسبب الاستعمال، فاذا لم يهلك الا بعض الشيء، جاز الرجوع ف الباقي
.
( ز )
اذا قدم الموهوب له عوضا عن الهبة
.
( ح )
اذا اانت الهبة صدقة او عملا من اعمال البر
.",687
civil_131_1948,القانون المدني,131,1948,503,مادة 503,general,False,,38,38,"-
)
1
(يترتب علي الرجوع في ال
هبة بالتراضي او بالتقاضي ان تعتبر الهبة اان لم
تكن
.
)2
(
، ولا يرد الموهوب له الثمرات الا من وقت الاتفاق علي الرجوع، او من وقت رفع الدعوي
وله ان يرجع بجميع ما انفقه من مصروفات ضرورية، اما المصروفات النافعة فلا يجاوز في
الرجوع بها القدر الذي زاد في قيمة ال
شيء الموهوب
.",300
civil_131_1948,القانون المدني,131,1948,504,مادة 504,general,False,,38,39,"-
)
1
(
اذا استولي الواهب علي الشيء الموهوب، بغير التراضي او التقاضي، اان
مسيولا قبل الموهوب له عن هلال الشيء سواء اان الهلاك بفعل الواهب او بسبب اجنبي لا يد له
فيه او بسبب الاستعمال
.
)2
(اما اذا صدر الحكم بالرجوع في الهبة وهلك الشيء ف
ي يد الموهوب له بعد اعذاره بالتسليم،
فيكون الموهوب له مسيولا عن هذا الهلاك، ولو اان الهلاك بسبب اجنبي
.
الفصل الرابع
–
الشراة",362
civil_131_1948,القانون المدني,131,1948,505,مادة 505,mandatory,False,,39,39,"-
، الشراة عقد بمقتضاه يلتزم شخصان او ااثر بان يساهم ال منهم في مشروع مالي
بتقديم حصة من مال او من عمل، لاقتسام ما قد ي
نشا عن هذا المشروع من ربح او من خسارة
.",159
civil_131_1948,القانون المدني,131,1948,506,مادة 506,general,False,,39,39,"-
)
1
(
تعتبر الشراة بمجرد تكوينها شخصا اعتباريا ولكن لا يحتج بهذه الشخصية علي
الغير الا بعد استيفاء اجراءات النشر التي يقررها القانون
.
)2
(ومع ذلك للغير اذا لم تقم الشراة باجراءات النشر المقررة ان يتمسك بشخصيها
.
1
- اراان الشراة",231
civil_131_1948,القانون المدني,131,1948,507,مادة 507,mandatory,False,,39,39,"-
)
1
(
يجب ان يكون عقد الشراة مكتوبا والا اان باطلا، واذلك يكون باطلا ال ما
يدخل علي العقد من تعديلات دون ان تستوفي الشكل الذي افرغ فيه ذلك العقد
.
)2
(غير ان هذا البطلان لا يجوز ان يحتج به الشرااء قبل الغير، ولا يكون له اثر فيما ب
ين
الشرااء انفسهم، الا من وقت ان يطلب الشريك الحكم بالبطلان
.",294
civil_131_1948,القانون المدني,131,1948,508,مادة 508,general,False,,39,39,"-
تعتبر حصص الشرااء متساوية القيمة، وانها واردة علي ملكية المال لا علي مجرد
الانتفاع به، ما لم يوجد اتفاق او عرف يقضي بغير ذلك
.",128
civil_131_1948,القانون المدني,131,1948,509,مادة 509,mandatory,False,,39,39,"-
لا يجوز ان تقتصر حصة الشريك علي ما يكون له من
نفوذ، او علي ما يتمتع به من
ثقة مالية
.",87
civil_131_1948,القانون المدني,131,1948,510,مادة 510,general,False,,39,39,"-
، اذا تعهد الشريك بان يقدم حصته في الشراة مبلغا من النقود، ولم يقدم هذا المبلغ
لزمته فوايده من وقت استحقاقه من غير حاجة الي مطالبة قضايية او اعذار، وذلك دون اخلال
بما قد يستحق من تعويض تكميلي عند الاقتضاء
.",208
civil_131_1948,القانون المدني,131,1948,511,مادة 511,general,False,,39,39,"-
)
1
(
اذا اانت حصة الشريك حق ملكية او حق منفعة او اي حق عيني اخر، فان
احكام البيع هي التي تسري في ضمان الحصة اذا هلكت، او استحقت، او ظهر فيها عيب او
نقض
.
)2
(اما اذا اانت الحصة مجرد الانتفاع بالمال، فان احكام الايجار هي التي تسري في ال ذلك
.
م
ادة 512
-
)
1
(
اذا تعهد الشريك بان يقدم حصته في الشراة عملا وجب عليه ان يقوم بالخدمات
التي تعهد بها، وان يقدم حسابا عما يكون قد اسبه من وقت قيام الشراة بمزاولته العمل الذي
قدمه حصة له
.
)2
(علي انه لا يكون ملزما بان يقدم للشراة ما يكون قد حصل عليه من حق اختر
اع، الا اذا
وجد اتفاق يقضي بغير ذلك
.",544
civil_131_1948,القانون المدني,131,1948,513,مادة 513,general,False,,39,39,"-
اذا اانت الحصة التي قدمها الشريك هي ديون له ف ذمة الغير، فلا ينقضي التزامه
للشراة الا اذا استوفيت هذه الديون، ويكون الشريك فوق ذلك مسيولا عن تعويض الضرر، اذا
لم توف الديون عند حلول اجلها
.",190
civil_131_1948,القانون المدني,131,1948,514,مادة 514,general,False,,39,39,"-
)
1
(اذا
لم يبين عقد الشراة نصيب ال من الشرااء في الارباح والخساير، اان
نصيب ال منهم في ذلك بنسبة حصته في راس المال
.
)2
(
فاذا اقتصر العقد علي تعيين نصيب الشرااء في الربح وجب اعتبار هذا النصيب في
الخسارة ايضا، واذلك الحال اذا اقتصر العقد علي تعيين النصيب في الخسا
. رة
)3
(
واذا اانت حصة احد الشرااء مقصورة علي عمله، وجب ان يقدر نصيبه في الربح
والخسارة تبعا بما تفيده الشراة من هذا العمل فاذا قدم فوق عمله نقودا او اي شيء اخر اان له
نصيب عن العمل واخر عما قدمه فوقه
.",470
civil_131_1948,القانون المدني,131,1948,515,مادة 515,general,False,,39,40,"-
)
1
(
اذا اتفق علي ان احد الشرااء لا يساهم في
ارباح الشراة او في خسايرها، اان
عقد الشراة باطلا
.
)2
(
ويجوز الاتفاق علي اعفاء الشريك الذي لم يقدم غير عمله من المساهمة في الخساير، بشرط
الا يكون قد تقرر له اجر عن عمله
.
2
- ادارة الشراة",236
civil_131_1948,القانون المدني,131,1948,516,مادة 516,optional,False,,40,40,"-
)
1
(
، للشريك المنتدب للادارة بنص خاص في عقد الشراة ان يقوم
بالرغم من
معارضة ساير الشرااء، باعمال الادارة وبالتصرفات التي تدخل في غرض الشراة، متي
اانت اعماله وتصرفاته خالية من الغش
.
ولا يجوز عزل هذا الشريك من الادارة دون مسوغ،
مادامت الشراة باقية
.
)2
(واذا اان انتداب الشريك للادارة لاحقا لعقد الشراة، جاز الرج
وع فيه اما يجوز في التوايل
العادي
.
)3
(اما المديرون من غير الشرااء فهم دايما قابلون للعزل
.",408
civil_131_1948,القانون المدني,131,1948,517,مادة 517,optional,False,,40,40,"-
)
1
(
اذا تعدد الشرااء المنتدبون للادارة دون ان يعين اختصاص ال منهم ودون ان
ينص علي عدم جواز انفراد اي منهم بالادارة، اان لكل منهم ان يقوم منفردا باي عمل من
اي
اعمال الادارة، علي ان يكون لكل من باقي الشرااء المنتدبين ان يعترض علي العمل قبل تمامه
، وعلي ان يكون من حق اغلبية الشرااء المنتدبين رفض هذا الاعتراض، فاذا تساوي الجانبان
اان الرفض من حق اغلبية الشرااء جميعا
.
)2
(اما اذا اتفق علي ان تكون قرارات الشراا
ء المنتدبين بالاجماع او بالاغلبية، فلا يجوز
الخروج علي ذلك، الا ان يكون لامر عاجل يترتب علي تفويته خسارة جسيمة لا تستطيع
الشراة تعويضها
.",551
civil_131_1948,القانون المدني,131,1948,518,مادة 518,general,False,,40,40,"-
اذا وجب ان يصدر قرار بالاغلبية، تعين الاخذ بالاغلبية العددية ما لم يتفق علي
غير ذلك
.",87
civil_131_1948,القانون المدني,131,1948,519,مادة 519,general,False,,40,40,"- الشرااء غي
ر المديرين ممنوعون من الادارة وال اتفاق علي غير ذلك باطل
.",71
civil_131_1948,القانون المدني,131,1948,520,مادة 520,general,False,,40,40,"-
اذا لم يوجد نص خاص علي طريقة الادارة، اعتبر ال شريك مفوضا من الاخرين
في ادارة الشراة، واان له يكون لهولاء او لاي منهم حق الاعتراض علي اي عمل قبل تمامه،
ولاغلبية الشرااء الحق في رفض هذا
الاعتراض
.

3
- اثار الشراة",214
civil_131_1948,القانون المدني,131,1948,521,مادة 521,mandatory,False,,40,40,"-
)
1
(
علي الشريك ان يمتنع عن اي نشاط يلحق الضرر بالشراة، او يكون مخالفا
للغرض الذي انشيت لتحقيقه
.
)2
(
وعليه ان يبذل من العناية في تدبير مصالح الشراة ما يبدله في تدبير مصالحه الخاصة، الا
اذا اان منتدبا للادارة باجر فلا يج
وز ان ينزل في ذلك عن عناية الرجل المعتاد
.",267
civil_131_1948,القانون المدني,131,1948,522,مادة 522,general,False,,40,40,"-
)
1
(
اذا اخذ الشريك او احتجز مبلغا من مال الشراة، لزمته فوايد هذا المبلغ من يوم
اخذه او احتجازه، بغير حاجة الي مطالبة قضايية او اعذار وذلك دون اخلال بما قد يستحق
للشراة من تعويض تكميلي عند الاقتضاء
,
)2
(
واذا امد الشريك الشراة من ماله، او انفق في مصلحتها شييا من المصروفات النافعة عن
حسن نية وتبصر، وجبت له علي الشراة فوايد هذه المبالغ من يوم دفعها
.",354
civil_131_1948,القانون المدني,131,1948,523,مادة 523,general,False,,40,40,")
1
(
اذا لم تف اموال الشراة بديونها، اان الشرااء مسيولين عن هذه الديون في
اموالهم الخاصة، ال منهم
بنسبة نصيبه في خساير الشراة، ما يوجد اتفاق علي نسبة اخري
.
ويكون باطلا ال اتفاق يعفي الشريك من المسيولية عن ديون الشراة
.
)2
(
وفي ال حال يكون لدايني الشراة حق مطالبة الشرااء ال بقدر الحصة التي تخصصت له
في ارباح الشراة
.",319
civil_131_1948,القانون المدني,131,1948,524,مادة 524,mandatory,False,,40,40,"-)
1
(لا تضامن بين الشرااء فيم
ا يلزم ال منهم من ديون الشراة، ما لم يتفق علي
خلاف ذلك
.
)2
(
غير انه اذا اعسر احد الشرااء، وزعت حصته في الدين علي الباقين، ال بقدر نصيبه في
تحمل الخسارة
.",186
civil_131_1948,القانون المدني,131,1948,525,مادة 525,optional,False,,40,41,"-
اذا اان لاحد الشرااء داينون شخصيون، فليس لهم اثناء قيام الشراة ان يتقاضوا
حقوقهم مما يخص
ذلك الشريك في راس المال، وانما لهم ان يتقاضوها مما يخصه في الارباح،
اما بعد تصفية الشراة فيكون لهم ان يتقاضوا حقوقهم من نصيب مدينهم في اموال الشراة بعد
استنزال ديونها
.
ومع ذلك يجوز لهم قبل التصفية توقيع الحجز التحفظي علي نصيب هذا المدين
.

4
-
طرق انقضاء
الشراة",353
civil_131_1948,القانون المدني,131,1948,526,مادة 526,general,False,,41,41,"-
)
1
(تنتهي الشراة بانقضاء الميعاد المعين لها او بانتهاء العمل الذي قامت من اجله
.
)2
(
فاذا انقضت المدة المعينة او انتهي العمل ثم استمر الشرااء يقومون بعمل من نوع الاعمال
التي تالفت لها الشراة، امتد العقد سنة فسنة بالشروط ذاتها
.
)3
(ويجوز لد
اين احد الشرااء ان يعترض علي هذا الامتداد ويترتب علي اعتراضه وقف اثره
في حقه
.",323
civil_131_1948,القانون المدني,131,1948,527,مادة 527,general,False,,41,41,"-
)
1
(
تنتهي الشراة بهلاك جميع مالها او جزء ابير منه بحيث لا تبقي فايدة في
استمرارها
.
)2
(واذا اان احد الشرااء قد تعهد بان يقدم حصته شييا معينا بالذات وهلك هذا الشيء قبل ت
قديمه
، اصبحت الشراة منحلة في حق جميع الشرااء
.",221
civil_131_1948,القانون المدني,131,1948,528,مادة 528,optional,False,,41,41,"-
)
1
(تنتهي الشراة بموت احد الشرااء او بالحجر عليه او باعساره او بافلاسه
.
)2
(
ومع ذلك يجوز الاتفاق علي انه اذا مات احد الشرااء تستمر الشراة مع ورثته، ولو اانوا
قصرا
.
)3
(ويجوز ايضا الاتفاق علي انه اذا
مات احد الشرااء او حجز عليه او افلس او انسحب وفقا
لاحكام المادة التالية، تستمر الشراة فيما بين الباقين من الشرااء، وفي هذه الحالة لا يكون لهذا
الشريك او ورثته الا نصيبه في اموال الشراة، ويقدر هذا النصيب بحسب قيمته يوم وقع
الحادث الذي ادي الي خروجه من ا
لشراة ويدفع له نقدا
.
ولا يكون له نصيب فيما يستجد بعد
ذلك من حقوق، الا بقدر ما تكون تلك الحقوق ناتجة من عمليات سابقة علي ذلك الحادث
.",591
civil_131_1948,القانون المدني,131,1948,529,مادة 529,general,False,,41,41,"-
)
1
(
تنتهي الشراة بانسحاب احد الشرااء، اذا اانت مدنها غير معينة، علي ان
يعلن الشريك ارادته في الانسحاب الي ساير
الشرااء قبل حصوله، والا يكون انسحابه عن غش
او في وقت غير لايق
.
)2
(وتنتهي ايضا باجماع الشرااء علي حلها
.",220
civil_131_1948,القانون المدني,131,1948,530,مادة 530,optional,False,,41,41,"-
)
1
(
يجوز للمحكمة ان تقضي بحل الشراة بناء علي طلب احد الشرااء، لعدم وفاء
شريك بما تعهد به او لاي سبب اخر لا يرجع الي الشرااء، ويقدر القاضي
ما ينطوي عليه هذا
السبب من خطورة تسوغ الحل
.
)2
(ويكون باطلا ال اتفاق يقضي بغير ذلك
.",227
civil_131_1948,القانون المدني,131,1948,531,مادة 531,optional,False,,41,41,"-
)
1
(
يجوز لكل شريك ان يطلب من القضاء الحكم بفصل اي من الشرااء يكون
وجوده في الشراة قد اثار اعتراضا علي مد اجلها او تكون تصرفاته مما يمكن اعتباره سببا
مسوغا لحل الش
راة، علي ان تظل الشراة قايمة فيما بين الباقين
.
)2
(
ويجوز ايضا لاي شريك، اذا اانت الشراة معينة المدة ان يطلب من القضاء اخراجه من
الشراة متي استند في ذلك الي اسباب معقولة، وفي هذه الحالة تنحل الشراة ما لم يتفق باقي
الشرااء علي استمرارها
.
5
- تصفية الشراة و
قسمتها",431
civil_131_1948,القانون المدني,131,1948,532,مادة 532,general,False,,41,41,"-
تتم تصفية اموال الشراة وقسمتها بالطريقة المبينة في العقد
.
وعند خلوه من حكم
خاص تتبع الاحكام الاتية
:",103
civil_131_1948,القانون المدني,131,1948,533,مادة 533,general,False,,41,41,"-
تنتهي عند حل الشراة سلطة المديرين، اما شخصية الشراة فتبقي بالقدر اللازم
للتصفية وغلي ان تنتهي هذه التصفية
.",109
civil_131_1948,القانون المدني,131,1948,534,مادة 534,general,False,,41,42,"-
)
1
(يقوم ب
التصفية عند الاقتضاء، اما جميع الشرااء، واما مصف واحد او ااثر
تعينهم اغلبية الشرااء
.
)
2
(واذا لم يتفق الشرااء علي تعيين المصفي، تولي القاضي تعيينه، بناء علي طلب احدهم
.
)3
(وفي الحالات التي تكون فيها الشراة باطلة تعين المحكمة المصفي، وتحدد طريقة التصفية
،
بناء علي طلب ال ذي شان
.
)4
(وحتي يتم تعيين المصفي يعتبر المديرون بالنسبة الي الغير في حكم المصفين
.",372
civil_131_1948,القانون المدني,131,1948,535,مادة 535,general,False,,42,42,"-
)
1
(
ليس للمصفي ان يبدا اعمالا جديدة للشراة، الا ان تكون لازمة لاتمام اعمال
سابقة
.
)2
(
، ويجوز له ان يبيع مال الشراة منقولا او عقارا اما بالمزاد
واما بالممارسة، ما لم ينص في
امر تعيينه علي تقييد هذه السلطة
.",212
civil_131_1948,القانون المدني,131,1948,536,مادة 536,general,False,,42,42,"-
)
1
(
، تقسم اموال الشراة بين الشرااء جميعا وذلك بعد استيفاء الداينين لحقوقهم
وبعد استنزال المبالغ اللازمة لوفاء الديون التي لم تحل او الديون المتنازع فيها، وبعد رد
المصروفات او القرو
ض التي يكون احد الشرااء قد باشرها في مصلحة الشراة
.
)2
(
وتختص ال واحد من الشرااء بمبلغ يعادل قيمة الحصة التي قدمها في راس المال، اما هي
مبينة ف العقد، او يعادل قيمة هذه الحصة وقت تسليمها اذا لم تبين قيمتها في العقد، ما لم يكن
الشريك قد اقتصر علي تقدي عمل
ه او اقتصر فيما قدمه من شيء علي حق المنفعة فيه او علي
مجرد الانتفاع به
.
)3
(واذا بقي شيء بعد ذلك وجبت قسمته بين الشرااء بنسبة نصيب ال منهم في الارباح
.
)4
(
اما اذا لم يكف صافي مال الشراة للوفاء بحصص الشرااء فان الخسارة توزع عليهم جميعا
بحسب النسبة المتفق عل
يها في توزيع الخساير
.",724
civil_131_1948,القانون المدني,131,1948,537,مادة 537,general,False,,42,42,"- تتبع في قسمة الشراات القواعد المتعلقة بقسمة المال الشايع
.
الفصل الخامس
–
القرض والدخل الدايم

1
- القرض",106
civil_131_1948,القانون المدني,131,1948,538,مادة 538,mandatory,False,,42,42,"-
القرض عقد يلتزم به المقرض ان ينقل الي المقترض ملكية مبلغ من النقود او اي
شيء مثلي اخر، علي ان يرد اليه المقترض
عند نهاية القرض شييا مثله في مقداره ونوعه
وصفته
.",162
civil_131_1948,القانون المدني,131,1948,539,مادة 539,mandatory,False,,42,42,"-
)
1
(
يجب علي المقرض ان يسلم الشيء موضوع العقد الي المفترض، ولا يجوز له
ان يطالبه برد المثل الا عند انهاء القرض
.
)2
(واذا هلك الشيء قبل تسليمه الي المفترض اان الهلاك علي المقرض
.",181
civil_131_1948,القانون المدني,131,1948,540,مادة 540,general,False,,42,42,"-
اذا استحق
الشيء، فان اان القرض باجر سرت احكام البيع، والا فاحكام العارية
.",76
civil_131_1948,القانون المدني,131,1948,541,مادة 541,general,False,,42,42,"-
)
1
(
اذا ظهر في الشيء عيب خفي واان القرض بغير اجر واختار المقترض استبقاء
الشيء
.
فلا يلزمه ان يرد الا قيمة الشي معيبا
.
)2
(اما اذا اان القرض باجر او اان بغير اجر ولكن المقرض قد تعمد
اخفاء العيب، فيكون
للمقترض ان يطلب اما اصلاح العيب، واما استبدال شيء سليم بالشيء المعيب
.",275
civil_131_1948,القانون المدني,131,1948,542,مادة 542,general,False,,42,42,"-
علي المقترض ان يدفع الفوايد المتفق عليها عند حلول مواعيد استحقاقها، فاذا لم
يكن هناك اتفاق علي فوايد اعتبر القرض بغير اجر
.",125
civil_131_1948,القانون المدني,131,1948,543,مادة 543,general,False,,42,42,"- ينتهي القرض بانهاء ا
لميعاد المتفق عليه
.",43
civil_131_1948,القانون المدني,131,1948,544,مادة 544,mandatory,False,,42,42,"-
اذا اتفق علي الفوايد، اان للمدين اذا انقضت سنة اشهر علي القرض ان يعلن رغبته
في الغاء العقد ورد ما اقترضه، علي ان يتم الرد في اجل لا يجاوز ستة اشهر من تاريخ هذا
الاعلان، وفي هذه الحالة يلزم المدين باداء الفوايد المستحقة عن س
تة الاشهر التالية للاعلان،
ولا يجوز بوجه من الوجوه الزامه بان يودي فايدة او مقابلا من اي نوع بسبب تعجيل الوفاء،
ولا يجوز الاتفاق علي اسقاط حق المقترض في الرد او الحد منه
.
2
- الدخل الدايم",414
civil_131_1948,القانون المدني,131,1948,545,مادة 545,optional,False,,42,43,"-
)
1
(يجوز ان يتعهد شخص بان يودي علي الدوام الي شخص اخر وال
ي خلفايه من
بعده دخلا دوريا يكون مبلغا من النقود او مقدارا معينا من اشياء مثلية اخري، ويكون هذا التعهد
بعقد من عقود المعارضة او التبرع او بطريق الوصية
.
)2
(
فاذا اان ترتيب الدخل بعقد من عقود المعارضة، اتبع في شانه من حيث سعر الفايدة القواعد
التي تسري علي
القرض ذي الفايدة
.",335
civil_131_1948,القانون المدني,131,1948,546,مادة 546,mandatory,False,,43,43,"-
)
1
(
يشترط في الدخل الدايم ان يكون قابلا للاستبدال في اي وقت شاء المدين، ويقع
باطلا ال اتفاق يقضي بغير ذلك
.
)2
(
غير انه يجوز الاتفاق علي الا يحصل الاستبدال مادام مستحق الدخل حيا، او علي الا
يحصل قبل انقضاء مدة لا يجوز ان تزيد ع
لي خمس عشرة سنة
.
)3
(
وفي ال حالة لا يجوز استعمال حق الاستبدال الا بعد اعلان الرغبة في ذلك، وانقضاء سنة
علي هذا الاعلان
.",355
civil_131_1948,القانون المدني,131,1948,547,مادة 547,general,False,,43,43,"-
يجبر المدين علي الاستبدال ف الاحوال الاتية
:
( ا )
اذا لم يدفع الدخل سنتين متواليتين، رغم اعذاره
.
)
( ب
اذا قصر في قديم ما و
عد به الداين من تامينات او اذا انعدمت التامينات ولم يقدم بديلا
عنها
.
)
( ج
اذا افلس او اعسر
.",222
civil_131_1948,القانون المدني,131,1948,548,مادة 548,general,False,,43,43,"-
)
1
(
اذا رتب الدخل مقابل مبلغ من النقود، تم الاستبدال برد المبلغ بتمامه، او برد
مبلغ اقل منه اذا اتفق علي ذلك
.
)2
(وفي الحالات الاخري يتم الاستبدال بدف
ع مبلغ من النقود تكون فايدته محسوبة بالسعر
القانوني مساوية للدخل
.
الفصل السادس
–
الصلح

1
- اراان الصلح",260
civil_131_1948,القانون المدني,131,1948,549,مادة 549,general,False,,43,43,"-
الصلح عقد يحسم به الطرفان نزاعا قايما او يتوقبان به نزاعا محتملا، وذلك بان
ينزل ال منهما علي وجه التقابل عن جزء من ادعايه
.",125
civil_131_1948,القانون المدني,131,1948,550,مادة 550,general,False,,43,43,"- يشترط فيمن
يعقد صلحا ان يكون اهلا للتصرف بعوض في الحقوق التي يشملها عقد
الصلح
.",81
civil_131_1948,القانون المدني,131,1948,551,مادة 551,mandatory,False,,43,43,"-
لا يجوز الصلح في المسايل المتعلقة بالحالة الشخصية او بالتقادم العام
.
ولكن يجوز
الصلح علي المصالح المالية التي تترتب علي الحالة الشخصية، او التي تنشا عن ارتكاب احدي
الجرايم
.
ما
دة 552
- لا يثبت الصلح الا بالكتابة او بمحضر رسمي
.
2
- اثار الصلح",246
civil_131_1948,القانون المدني,131,1948,553,مادة 553,general,False,,43,43,"-
)
1
(تنحسم بالصلح المنازعات التي تناولها
.
)2
(ويترتب عليه انقضاء الحقوق والادعاءات التي نزل عنها اي من المتعاقدين نزولا نهاييا
.",131
civil_131_1948,القانون المدني,131,1948,554,مادة 554,general,False,,43,43,"- للصلح اثر ااشف بالنسبة الي ما تناوله من الحقو
ق ويقتصر هذا الاثر علي الحقوق
المتنازع فيها دون غيرها
.",103
civil_131_1948,القانون المدني,131,1948,555,مادة 555,mandatory,False,,43,43,"-
يجب ان تفسر عبارات التنازل التي يتضمنها الصلح تفسرا ضيفا، وايا اانت تلك
العبارات فن التنازل لا ينصب الا علي الحقوق التي اانت وحدها بصفة جلية محلا للنزاع الذي
حسمه الصلح
.
3
- بطلان الصلح",188
civil_131_1948,القانون المدني,131,1948,556,مادة 556,mandatory,False,,43,43,"- لا يجوز الطعن ف الصلح بسبب غلط في القانون
.",45
civil_131_1948,القانون المدني,131,1948,557,مادة 557,general,False,,43,44,"-
)
1
(الصلح لا يتجزا، فبطلان جزء منه يقتضي بطلان العقد اله
.
)2
(
علي ان هذا الحكم لا يسري اذا تبين من عبارات العقد، او من الظروف، ان المتعاقدين قد
اتفقا علي ان اجزاء العقد مستقلة بعضها عن بعض
.
الكت
اب الثاني -
الباب الثاني- العقود الواردة علي الانتفاع بالشيء
الباب الثاني

العقود الواردة علي الانتفاع بالشيء

الفصل الاول - الايجار

1
- الايجار بوجه عام

اراان الايجار
:",372
civil_131_1948,القانون المدني,131,1948,558,مادة 558,mandatory,False,,44,44,"- الايجار عقد يلتزم الموجر بمقتضاه ان يمكن المستاجر من الانتفاع بشيء معين م
دة
معينة لقاء اجر معلوم
.",101
civil_131_1948,القانون المدني,131,1948,559,مادة 559,mandatory,False,,44,44,"-
لا يجوز لمن لا يملك الا حق الادارة ان يعقد ايجارا تزيد مدته علي ثلاث سنوات الا
بترخيص من السلطة المختصة، فاذا عقد الايجار لمدة اطول من ذلك، انقضت المدة الي ثلاث
سنوات، ال هذا ما لم يوجد نص يقضي بغيره
.",203
civil_131_1948,القانون المدني,131,1948,560,مادة 560,general,False,,44,44,"- الاجارة
الصادرة ممن له حق المنفعة تنقضي بانقضاء هذا الحق اذا لم يحزها مالك
الرقبة، علي ان تراعي المواعيد المقررة للتنبيه بالاخلاء والمواعيد اللازمة لنقل محصول
السنة
.",168
civil_131_1948,القانون المدني,131,1948,561,مادة 561,optional,False,,44,44,"- يجوز ان تكون الاجرة نقودا اما يجوز ان تكون اي تقدمة اخري
.",60
civil_131_1948,القانون المدني,131,1948,562,مادة 562,general,False,,44,44,"- اذا لم يتفق المتعا
قدان علي مقدار الاجرة او علي ايفية تقديرها، او اذا تعذر اثبات
مقدار الاجرة، وجب اعتبار اجرة المثل
.",120
civil_131_1948,القانون المدني,131,1948,563,مادة 563,general,False,,44,44,"-
اذا عقد الايجار دون اتفاق علي مدة او عقد لمدة غير معينة او تعذر اثبات المدة
المدعاة، اعتبر الايجار منعقدا للفترة المعينة لدفع الاجرة
.
وينتهي با
نقضاء هذه الفترة بناء علي
طلب احد المتعاقدين اذا هو نبه علي المتعاقد الاخر بالاخلاء في المواعيد الاتي بيانها
.
( ا )
في الاراضي الزراعية والاراضي البور اذا اانت المدة المعينة لدفع الاجرة ستة اشهر او
ااثر، يكون التنبيه قبل انهايها بثلاثة اشهر، فاذا اانت ال
مدة اقل من ذلك، وجب التنبيه قبل
نصفها الاخير، ال هذا مع مراعاة حق المستاجر في المحصول وفقا للعرف
.
)
( ب
في المنازل والحوانيت والمكاتب والمتاجر والمصانع والمخازن وما الي ذلك اذا اانت
الفترة المعينة لدفع الاجرة اربعة اشهر او ااثر وجب ستنبيه قبل انتهايها بش
هرين، فاذا اانت
الفترة اقل من ذلك وجب التنبيه قبل نصفها الاخير
.
)
( ج
في المساان والغرف الموثثة وفي اي شيء غير ما تقدم اذا اانت الفترة المعينة لدفع
الاجرة شهرين او ااثر، وجب التنبيه قبل نهاييا بشهر فاذا اانت اقل من ذلك، وجب التنبيه قبل
نصفها الاخير
.
اث
ار الايجار
:",926
civil_131_1948,القانون المدني,131,1948,564,مادة 564,mandatory,False,,44,44,"-
يلتزم الموجر ان يسلم المستاجر العين الموجرة وملحقاتها في حالة تصلح معها لان
تفي بما اعدت له من المنفعة، وفقا لما تم عليه الاتفاق او لطبيعة العين
.",148
civil_131_1948,القانون المدني,131,1948,565,مادة 565,general,False,,44,44,"-
)
1
(
اذا سلمت العين الموجرة في حالة لا تكون فيها صالحة للانتفاع الذي اوجرت
من
اجله او اذا نقض هذا الانتفاع نقصا ابيرا، جاز للمستاجر ان يطلب فسخ العقد الحالتين اذا
اان لذلك مقتض
.
)2
(
فاذا اانت العين الموجرة في حالة من شانها ان تعرض صحة المستاجر او من يعيشون معه
او مستخدميه او عماله لخطر جسيم، جاز للمستاجر ان يطلب فسخ العقد، ولو ا
ان قد سبق له
ان نزل عن هذا الحق
.",369
civil_131_1948,القانون المدني,131,1948,566,مادة 566,general,False,,44,44,"-
يسري علي الالتزام بتسليم العين الموجرة ما يسري علي الالتزام بتسليم العين المبيعة
من احكام، وعلي الاخص ما يتعلق منها بزمان التسليم ومكانه وتحديد مقدار العين الموجرة
وتحديد ملحقاتها
.",183
civil_131_1948,القانون المدني,131,1948,567,مادة 567,general,False,,44,45,"-
)
1
(علي الموجر ان يتع
هد العين بالموجرة بالصيانة لتبقي علي الحالة التي سلمت بها
وان يقوم في اثناء الاجارة بجميع الترميمات الضرورية دون الترميمات
""
التاجيرية
""
)
2
(
وعليه ان يجري الاعمال اللازمة للاسطح من تخصيص او بياض وان يقوم بنزح الابار
والمراحيض ومصاريف المياه
.
)3
(ويتحمل الم
وجر التكاليف والضرايب المستحقة علي العين الموجرة ويلزم بثمن المياه اذا قدر
جزافا، فاذا اان تقديره
""
بالعداد
""
اان علي المستاجر
.
اما ثمن الكهرباء والغاز وغير ذلك مما
هو خاص بالاستعمال الشخصي فيتحمله المستاجر
.
)4
(ال هذا ما لم يقض الاتفاق بغيره
.",531
civil_131_1948,القانون المدني,131,1948,568,مادة 568,mandatory,False,,45,45,"-
)
1
(
اذا تاخر الموجر بعد اعذاره عن القيام بتنفيذ الالتزامات المبنية في المادة السابقة
، جاز للمستاجر ان يحصل علي ترخيص من القضاء في اجراء ذلك بنفسه وفي استيفاء ما انفقه
خصما من الاجرة
.
وهذا دون اخلال بحقه في طلب الفسخ او انقاص الاجرة
.
)2
(ويجوز للمستاجر دون
حاجة الي ترخيص من القضاء ان يقوم باجراء الترميمات المستعجلة
او الترميمات البسيطة مما يلتزم به الموجر، سواء اان العيب موجودا وقت بدء الانتفاع او طرا
بعد ذلك اذا لم يقم الموجر بعد اعذاره بتنفيذ هذا الالتزام في ميعاد مناسب، علي ان يستوفي
المستاجر ما انفقه
خصما من الاجرة
.",532
civil_131_1948,القانون المدني,131,1948,569,مادة 569,optional,False,,45,45,"-
)
1
(اذا هلكت العين الموجرة اثناء الايجار هلااا اليها، انفسخ العقد من تلقاء نفسه
.
)2
(
اما اذا اان هلاك العين جزييا، او اذا اصبحت العين في حال ولا تصلح معها للانتفاع الذي
او جرت من اجله، او نقص هذا الانتفاع نقصا ابيرا ولم يكن للم
ستاجر يد في شيء من ذلك،
فيجوز له، اذا لم يقم الموجر في ميعاد مناسب باعادة العين الي الحالة التي اانت عليها ان يطلب
تبعا للظروف اما انقاص الاجرة او فسخ الايجار ذاته دون اخلال بما له من حق في ان يقوم
بنفسه بتنفيذ التزام الموجر وفقا لاحكام المادة السابقة
.
)3
(
ولا يجوز للمستاجر في الحالتين السابقتين ان يطلب تعويضا اذا اان الهلاك او التلف يرجع
الي سبب لا يد للموجر فيه
.",602
civil_131_1948,القانون المدني,131,1948,570,مادة 570,mandatory,False,,45,45,"-
)
1
(
لا يجوز للمستاجر ان يمنع الموجر من اجراء الترميمات المستعجلة التي تكون
ضرورية لحفظ العين الموجرة، علي انه اذا ترتب علي هذه الترم
يمات اخلال ال او جزيي
بالانتفاع بالعين، جاز للمستاجر ان يطلب تبعا للظروف اما فسخ الايجار او انقاص الاجرة
.
)2
(
ومع ذلك اذا بقي المستاجر في العين الموجرة الي ان تتم الترميمات، سقط حقه في طلب
الفسخ
.",335
civil_131_1948,القانون المدني,131,1948,571,مادة 571,mandatory,False,,45,45,"-
)
1
(علي الموجر ان يمتنع عن ال ما من شانه ان يحول
دون انتفاع المستاجر
بالعيني الموجرة، ولا يجوز له ان يحدث بالعين او بملحقاتها اي تغيير يخل بهذا الانتفاع
.
)2
(
ولا يقتصر ضمان الموجر علي اعمال التي نصدر منه او من اتباعه، بل يمتد هذا الضمان
الي ال تعرض او اضرار مبني علي سبب قانوني يصدر من اي مستاجر اخر او
من اي شخص
تلقي الحق في الموجر
.",339
civil_131_1948,القانون المدني,131,1948,572,مادة 572,general,False,,45,45,"-
)
1
(
، اذا ادعي اجنبي حقا يتعارض مع ما للمستاجر من حقوق بمقتضي عقد الايجار
وجب علي المستاجر ان يبادر باخطار الموجر بذلك واان له ان يخرج من الدعوي، وفي هذه
الحالة لا توجه الاجراءات الا الي الموجر
.
)2
(
فاذا ترتب علي
هذا الادعاء ان حرم المستاجر فعلا من الانتفاع الذي له بموجب عقد الايجار
، جاز له تبعا للظروف ان يطلب الفسخ او انقاص الاجرة مع التعويض ان اان له مقتضي
.",369
civil_131_1948,القانون المدني,131,1948,573,مادة 573,general,False,,45,45,"-
)
1
(
اذا تعدد المستاجرون لعين واحدة فضل من سبق منهم الي وضع يده عليها دون
غش، فاذا اان مستاجر عق
ار قد سجل عقده وهو حسن النية قبل ان يضع مستاجر اخر يده علي
العقار الموجر او قبل ان يتجدد عقد ايجاره، فانه هو الذي يفضل
.
)2
(
فاذا لم يوجد سبب لتفصيل احد المستاجرين فليس لهم فيما تعارضت فيه حقوقهم الا طلب
التعويض
.",314
civil_131_1948,القانون المدني,131,1948,574,مادة 574,general,False,,45,46,"- اذا ترتب علي عمل من جهة حكومية في
حدود القانون نقص ابير في الانتفاع بالعين
الموجرة، جاز للمستاجر تبعا للظروف ان يطلب فسخ العقد او انقاص الاجرة، وله ان يطالب
الموجر بتعويضه اذا اان عمل الجهة الحكومية قد صدر لسبب يكون الموجر مسيولا عنه، ال
هذا ما لم يقض الاتفاق بغيره
.",269
civil_131_1948,القانون المدني,131,1948,575,مادة 575,general,False,,46,46,"-
)
1
(لا يض
من الموجر للمستاجر التعرض المادي اذا صدر من اجنبي مادام
المتعرض لا يدعي حقا، ولكن هذا لا يخل بما للمستاجر من الحق في ان يرفع باسمه علي
المتعرض دعوي المطالبة بالتعويض وجميع دعاوي وضع اليد
.
)2
(علي انه اذا وقع التعرض المادي لسبب لا يد للمستاجر فيه، واان هذ
ا التعرض من الجسامة
بحيث يحرم المستاجر من الانتفاع بالعين الموجرة جاز له تبعا للظروف ان يطلب فسخ العقد او
انقاص الاجرة
.",389
civil_131_1948,القانون المدني,131,1948,576,مادة 576,general,False,,46,46,"-
)
1
(
يضمن الموجر للمستاجر جميع ما يوجد في العين الموجرة من عيوب تحول
دون الانتفاع بها، او تنقص من هذا الانتفاع انقاصا ابيرا ول
كنه لا يضمن العيوب التي جري
العرف بالتسامح فيها
.
وهو مسيول عن خلو العين من صفات تعهد صراحة بتوافرها او عن
خلوها من صفات يقتضيها الانتفاع بها، ال هذا ما لم يقض الاتفاق بغيره
.
)2
(
ومع ذلك لا يضمن الموجر العيب اذا اان المستاجر قد اخطر به او اان يعلم به وقت
التعاقد
.",396
civil_131_1948,القانون المدني,131,1948,577,مادة 577,general,False,,46,46,"-
)
1
(
اذا وجد بالعين الموجرة عيب يتحقق معه الضمان، جاز للمستاجر تبعا للظروف
ان يطلب فسخ العقد او انقاص الاجرة، وله اذلك ان يطلب اصلاح العيب او ان يقوم هو
باصلاحه علي نفقة الموجر اذا اان هذا الاصلاح لا يبهظ الموجر
.
)2
(فاذا لحق المستاجر ض
رر من العيب التزام الموجر بتعويضه، ما لم يثبت انه اان يجهل
وجود العيب
.",312
civil_131_1948,القانون المدني,131,1948,578,مادة 578,general,False,,46,46,"-
يقع باطلا ال اتفاق يتضمن الاعفاء او الحد من ضمان التعرض او العيب اذا اان
الموجر قد اخفي عن غش سبب هذا الضمان
.",112
civil_131_1948,القانون المدني,131,1948,579,مادة 579,mandatory,False,,46,46,"- يلتزم المستاجر بان يستعمل العين الموجرة علي النحو المت
فق عليه، فان لم يكن
هناك اتفاق التزام ان يستعمل العين بحسب ما اعدت له
.",128
civil_131_1948,القانون المدني,131,1948,580,مادة 580,mandatory,False,,46,46,"-
)
1
(
لا يجوز للمستاجر ان يحدث بالعين الموجرة تغييرا بدون اذن الموجر الا اذا
اان هذا التغيير لا ينشا عنه اي ضرر للموجر
.
)2
(فاذا احدث المستاجر تغييرا في العين الموجرة مجاوزا في
ذلك حدود الالتزام الوارد في الفقرة
السابقة، جاز الزامه باعادة العين الي الحالة التي اانت عليها وبالتعويض ان اان له مقتض
.",301
civil_131_1948,القانون المدني,131,1948,581,مادة 581,optional,False,,46,46,"-
)
1
(
يجوز للمستاجر ان يضع بالعين الموجرة اجهزة لتوصيل المياه والنور
الكهربايي والغاز والتليفون والراديو وما الي ذلك مادامت ال
طريقة التي توضع بها هذه الاجهزة
لا تخالف الاصول المرعية، وذلك ما لم يثبت الموجر ان وضع هذه الاجهزة يهدد سلامة العقار
.
)2
(
فاذا اان تدخل الموجر لازما لاتمام شيء من ذلك، جاز للمستاجر ان يقتضي منه هذا
التدخل، علي ان يتكفل بما ينفقه الموجر
.",368
civil_131_1948,القانون المدني,131,1948,582,مادة 582,mandatory,False,,46,46,"-
يلتزم
المستاجر باجراء الترميمات
""
التاجيرية
""
التي يقضي بها العرف، ما لم يكن
هناك اتفاق علي غير ذلك
.",103
civil_131_1948,القانون المدني,131,1948,583,مادة 583,mandatory,False,,46,46,"-
)
1
(
يجب علي المستاجر ان يبذل من العناية في استعمال العين الموجرة وفي
المحافظة عليها ما يبذله الشخص المعتاد
.
)2
(وهو مسيول عما يصيب العني اثناء انتفاعه
بها من تلف او هلاك غير ناشي عن استعمالها
استعمالا ما لوفا
.",215
civil_131_1948,القانون المدني,131,1948,584,مادة 584,general,False,,46,46,"-
)
1
(
المستاجر مسيول عن حريق العين الموجرة الا اذا اثبت ان الحريق نشا عن
سبب لا يد له فيه
.
)2
(
فاذا تعدد المستاجرون لعقار واحد، اان ال منهم مسيولا عن الحريق بنسبة الجزء الذي
يشغله، ويتنا
ول ذلك الموجر ان اان مقيما في العقار
.
هذا ما لم يثبت ان النار ابتدا شبوبها فيا
الجزء الذي يشغله احد المستاجرين فيكون وحده مسيولا عن الحريق
.",332
civil_131_1948,القانون المدني,131,1948,585,مادة 585,mandatory,False,,46,47,"-
يجب علي المستاجر ان يبادر الي اخطار الموجر بكل امر يستوجب تدخله، اان
تحتاج العين الي ترميمات مستعجلة، ا
و ينكشف عيب بها، او يقع اغتصاب عليها، او يعتدي
اجنبي بالتعرض لها، او باحداث ضرر بها
.",191
civil_131_1948,القانون المدني,131,1948,586,مادة 586,mandatory,False,,47,47,"-
)
1
(
يجب علي المستاجر ان يقوم بوفاء الاجرة فيا المواعيد المتفق عليها، فاذا لم
يكن هناك اتفاق وجب وفاء الاجرة في المواعيد التي يعينها عرف الجهة
.
)2
(ويكون الوف
اء في موطن المستاجر ما لم يكن هناك اتفاق او عرف يقضي بغير ذلك
.",226
civil_131_1948,القانون المدني,131,1948,587,مادة 587,general,False,,47,47,"-
الوفاء بسقط من الاجرة قرينة علي الوفاء بالاقساط السابقة علي هذا القسط حتي يقوم
الدليل علي عكس ذلك
.",101
civil_131_1948,القانون المدني,131,1948,588,مادة 588,mandatory,False,,47,47,"-
يجب علي من استاجر منزلا او مخزنا او حانوتا او مكانا مماثلا لذلك او ارضا
زر
اعية ان يضع في العين الموجرة اثاثا او بضايع او محصولات او مواشي او ادوات تكون
قيمتها اافية لضمان الاجرة عن سنتين، او عن ال مدة الايجار اذا قلت عن سنتين هذا ما لم تكن
الاجرة قد عجلت، ويعفي المستاجر من هذا الالتزام اذا تم الاتفاق علي هذا الاعفاء او اذا قدم

المستاجر تامينا اخر
.",354
civil_131_1948,القانون المدني,131,1948,589,مادة 589,penalty,False,,47,47,"-)
1
(
يكون للموجر، ضمانا لكل حق يثبت له بمقتضي عقد الايجار، اي يحبس جميع
المنقولات القابلة للحجز الموجود في العين الموجرة مادامت مثقلة بامتياز الموجر ولو لم تكن
مملواة للمستاجر
.
وللموجر الحق في ان يمانع في نقلها، فاذا نقلت
رغم معارضته او دون عمله
اان له الحق في استردادها من الحايز لها ولو اان حسن النية، مع عدم الاخلال بما يكون لهذا
الحايز من حقوق
.
)2
(
وليس للموجر ان يستعمل حقه في الحبس او في الاسترداد اذا اان نقل هذه الاشياء امرا
اقتضته حرفة المستاجر او المالوف من شوون الحي
اة، او اانت المنقولات التي ترات في العين
الموجرة او التي تم استردادها تفي بضمان الاجرة وفاء تاما
.",581
civil_131_1948,القانون المدني,131,1948,590,مادة 590,mandatory,False,,47,47,"-
يجب علي المستاجر ان يرد العين الموجرة عند انتهاء الايجار
.
فاذا ابقاها تحت يده
دون حق اان ملزما ان يدفع للموجر تعويضا يراعي في تقديره القيمة الايجا
رية للعين وما اصاب
الموجر من ضرر
.",184
civil_131_1948,القانون المدني,131,1948,591,مادة 591,general,False,,47,47,"-
)
1
(
علي المستاجر ان يرد العين الموجرة بالحالة التي تسلمها عليها، الا ما يكون قد
اصاب العين من هلاك او تلف لسبب لا يد له فيه
.
)2
(
، فاذا اان تسليم العين للمستاجر قد تم دون اتابة محضر او دون بيان باوصاف هذه العين
افترض، حتي يقوم الدليل علي العكس، ان المستاجر قد تسليم العين في حالة حسنة
.",292
civil_131_1948,القانون المدني,131,1948,592,مادة 592,general,False,,47,47,"-
)
1
(
اذا اوجد المستاجر في العين الموجرة بناء او غراسا او غير ذلك من التحسينات
مما يزيد في قيمة العقار، التزام الموجر ان يرد للمستاجر عند انقضاء الايجار ما انفقه في هذه
ال
تحسينات او ما زاد في قيمة العقار ما لم يكن هناك اتفاق يقضي بغير ذلك
.
)2
(
فاذا اانت تلك التحسينات قد استحدثت دون علم الموجر او رغم معارضته، اان له ايضا ان
يطلب من المستاجر ازالتها
.
وله ان يطلب فوق ذلك تعويضا عن الضرر الذي يصيب العقار من
هذه الازالة ان اان
للتعويض مقتض
.
)3
(
، فاذا اختار الموجر ان يحتفظ بهذه التحسينات في مقابل رد احدي القيمتين المتقدم ذارها
جاز للمحكمة ان تنظره الي احل الوفاء بها
.
التنازل عن الايجار والايجار من الباطن",615
civil_131_1948,القانون المدني,131,1948,593,مادة 593,general,False,,47,47,"- للمستاجر حق التنازل عن الايجار او الايجار من الباطن وذلك عن ال م
ا استاجره او
بعضه ما لم يقض الاتفاق بغير ذلك
.",113
civil_131_1948,القانون المدني,131,1948,594,مادة 594,general,False,,47,47,"-
)
1
(
منع المستاجر من ان يوجر من الباطن يقتضي منعه من التنازل عن الايجار
واذلك العكس
.
)2
(
ومع ذلك اذا اان الامر خاصا بايجار عقار انشي به مصنع او متجر واقتضت الضرورة ان
يبيع المستاجر هذا المصنع او المتجر
، جاز للمحكمة بالرغم من وجود الشرط المانع ان تقضي
بابقاء الايجار اذا قدم المشتري ضمانا اافيا ولم يلحق الموجر من ذلك ضرر محقق
.",333
civil_131_1948,القانون المدني,131,1948,595,مادة 595,general,False,,48,48,"- في حالة التنازل عن الايجار يبقي المستاجر ضمانا للمتنازل له في تنفيذ التزاماته
.",81
civil_131_1948,القانون المدني,131,1948,596,مادة 596,optional,False,,48,48,"–
)
1
(يكون المستاجر من الباطن م
لزماً بان يودي للموجر مباشرة ما يكون ثابتاً في
ذمته للمستاجر الاصلي وقت ان ينذره الموجر
.
)2
(
ولا يجوز للمستاجر من الباطن ان يتمسك قبل الموجر بما يكون قد عجله من الاجرة
للمستاجر الاصلي، ما لم يكن ذلك قد تم قبل الانذار وفقاً للعرف او لاتفاق ثابت تم وقت الا
يجار
من الباطن
.",306
civil_131_1948,القانون المدني,131,1948,597,مادة 597,general,False,,48,48,"–
تبرا ذمة المستاجر الاصلي قبل الموجر سواء فيما يتعلق بضمانه للمتنازل له في
حالة التنازل عن الايجار ام فيما يتعلق بما يفرضه عقد الايجار الاصلي من التزامات في حالة
الايجار من الباطن
:
)
اولاً
(
اذا صدر من الموجر قبول صريح بالتنازل ع
ن الايجار او بالايجار من الباطن
.
)
ثانياً
(
اذا استوفي الموجر الاجرة مباشرة من المتنازل له او من المستاجر من الباطن دون ان
يبدي اي تحفظ في شان حقوقه قبل المستاجر الاصلي
.
انتهاء الايجار
:",420
civil_131_1948,القانون المدني,131,1948,598,مادة 598,general,False,,48,48,"– ينتهي الايجار بانتهاء المدة المعينة في العقد دون حاجة ال
ي تنبيه بالاخلاء
.",77
civil_131_1948,القانون المدني,131,1948,599,مادة 599,general,False,,48,48,"–
)
1
(
اذا انتهي عقد الايجار وبقي المستاجر منتفعاً بالعين الموجرة بعلم الموجر
ودون اعتراض منه، اعتبر الايجار قد تجدد بشروطه الاولي ولكن لمدة غير معينة، وتسري",158
civil_131_1948,القانون المدني,131,1948,563,مادة 563,general,False,,48,48,".

)
2
(
ويعتبر هذا
التجديد الضمني ايجاراً جديداً لا مجرد امتداد للايجار الاصلي، ومع ذلك تنتقل
الي الايجار الجديد التامينات العينية التي اان المستاجر قد قدمها في الايجار القديم مع مراعاة
قواعد الشهر العقاري، اما الكفالة شخصية اانت او عينية فلا تنتقل الي الايجار الجديد الا ا
ذا
رضي الكفيل بذلك
.",295
civil_131_1948,القانون المدني,131,1948,600,مادة 600,general,False,,48,48,"–
اذا نبه احد الطرفين علي الاخر بالاخلاء واستمر المستاجر مع ذلك منتفعاً بالعين
بعد انتهاء الايجار فلا يفترض ان الايجار قد تجدد ما لم يقم الدليل علي عكس ذلك
.
موت المستاجر او اعساره
:",182
civil_131_1948,القانون المدني,131,1948,601,مادة 601,mandatory,False,,48,48,"–
)
1
(
لا ينتهي الايجار بموت الموجر
ولا بموت المستاجر
.
)2
(
ومع ذلك اذا مات المستاجر جاز لورثته ان يطلبوا انتهاء العقد اذا اثبتوا انه بسبب موت
مورثهم اصبحت اعباء العقد اثقل من ان تتحملها مواردهم، او اصبح الايجار مجاوزاً حدود
حاجتهم
.
وفي هذه الحالة يجب ان تراعي مواعيد التنبيه بالاخلاء المبين",294
civil_131_1948,القانون المدني,131,1948,563,مادة 563,general,False,,48,48,"، وان
يكون طلب انهاء العقد في مدة ستة اشهر علي الااثر من وقت موت المستاجر
.",75
civil_131_1948,القانون المدني,131,1948,602,مادة 602,general,False,,48,48,"–
اذا لم يعقد الايجار الا بسبب حرفة المستاجر او لاعتبارات اخري تتعلق بشخصه
ثم مات، جاز لورثته او للموجر ان يطلبوا انهاء العقد
.",127
civil_131_1948,القانون المدني,131,1948,603,مادة 603,optional,False,,48,48,"–
)
1
(لا يترتب عل
ي اعسار المستاجر ان تحل اجرة لم تستحق
.
)2
(
ومع ذلك يجوز للموجر ان يطلب فسخ الايجار اذا لم تقدم له في ميعاد مناسب تامينات تكفل
الوفاء بالاجرة التي لم تحل واذلك يجوز للمستاجر اذا لم يرخص له في التنازل عن الايجار او
في الايجار من الباطن ان يطلب الفسخ علي ان
يدفع تعويضاً عادلا
.",296
civil_131_1948,القانون المدني,131,1948,604,مادة 604,optional,False,,48,48,"–
)
1
(
اذا انتقلت ملكية العين الموجرة اختيارا او جبراً الي شخص اخر، فلا يكون
الايجار نافذاً في حق هذا الشخص اذا لم يكن له تاريخ ثابت سابق علي التصرف الذي نقل الملكية

)2
(ومع ذلك يجوز لمن انتقلت اليه الملكية ان يتمسك بعقد الاي
جار ولو اان هذا العقد غير نافذ
في حقه
.",267
civil_131_1948,القانون المدني,131,1948,605,مادة 605,mandatory,False,,48,48,"–
)
1
(
لا يجوز لمن انتقلت اليه ملكية العين الموجرة ولم ان الايجار نافذاً في حقه ان",83
civil_131_1948,القانون المدني,131,1948,563,مادة 563,mandatory,False,,48,49,".

)
2
(فاذا نبه علي المستاجر بالاخلاء قب
ل انقضاء الايجار فان الموجر يلتزم بان يدفع للمستاجر
تعويضاً ما لم يتفق علي غير ذلك، ولا يجبر المستاجر علي الاخلاء الا بعد ان يتقاضي
التعويض من الموجر او ممن انتقلت اليه الملكية نيابة عن الموجر او بعد ان يحصل علي تامين
ااف للوفاء بهذا التعويض
.",285
civil_131_1948,القانون المدني,131,1948,606,مادة 606,optional,False,,49,49,"– لا
يجوز للمستاجر ان يتمسك بما عجله من الاجرة قبل من انتقلت اليه الملكية اذا
اثبت هذا ان المستاجر وقت الدفع اان يعلم بانتقال الملكية او اان من المفروض حتماً ان يعلم
.
فاذا عجز من انتقلت اليه الملكية عن الاثبات فلا يكون له الرجوع علي الموجر
.",242
civil_131_1948,القانون المدني,131,1948,607,مادة 607,optional,False,,49,49,"– اذا ا
تفق علي انه يجوز للموجر ان ينهي العقد اذا وجدت له حاجة شخصية للعين،
وجب عليه في استعمال هذا الحق ان ينبه علي المستاجر بالاخلاء في المواعيد المبينة بالمادة
563
ما لم يقض الاتفاق بغير ذلك
.",195
civil_131_1948,القانون المدني,131,1948,608,مادة 608,general,False,,49,49,"–
)
1
(اذا اان الايجار معين المدة، جاز لكل من المتعاقدين ا
ن يطلب انهاء قبل
انقضاء مدته اذا جدت ظروف خطيرة غير متوقعة من شانها ان تجعل تنفيذ الايجار من مبدا
الامر او في اثناء سريانه مرهقاً، علي ان يراعي من يطلب انهاء العقد مواعيد التنبيه بالاخلاء",246
civil_131_1948,القانون المدني,131,1948,563,مادة 563,general,False,,49,49,"، وعلي ان يعوض الطرف الاخر تعويضاً عادلا
.
)2
(
فاذا اان الموجر هو الذي يطلب انهاء العقد، فلا يجبر المستاجر علي رد العين الموجرة
حتي يستوفي التعويض او يحصل علي تامين ااف
.",171
civil_131_1948,القانون المدني,131,1948,609,مادة 609,optional,False,,49,49,"–
يجوز للموظف او المستخدم اذا اقتضي عمله ان يغير محل اقامته ان يطلب انهاء
ايجار مسكنه اذا اان هذا الايجار معين المدة، علي",121
civil_131_1948,القانون المدني,131,1948,563,مادة 563,general,False,,49,49,"،
ويقع باطلاً ال اتفاق علي غير ذلك
.2

بعض انواع الايجار

ايجار الاراضي الزراعية
:",82
civil_131_1948,القانون المدني,131,1948,610,مادة 610,general,False,,49,49,"–
اذا اانت العين الموجرة ارضاً زراعية، فلا يكون الموجر ملزماً بتسليم المستاجر
المواشي والادوات الزراعية التي توجد في الارض ا
لزراعية الا اذا اان الايجار يشملها
.",161
civil_131_1948,القانون المدني,131,1948,611,مادة 611,general,False,,49,49,"–
اذا تسلم المستاجر مواشي وادوات زراعية مملواة للموجر، وجب عليه ان يرعاها
ويتعهدها بالصيانة بحسب المالوف في استغلالها
.",119
civil_131_1948,القانون المدني,131,1948,612,مادة 612,general,False,,49,49,"–
، اذا ذار في عقد ايجار الارض الزراعية ان الايجار قد عقد لسنة او لعدة سنوات
اان
المقصود من ذلك انه قد عقد لدورة زراعية سنوية او لعدة دورات
.",141
civil_131_1948,القانون المدني,131,1948,613,مادة 613,mandatory,False,,49,49,"–
)
1
(
يجب ان يكون استغلال المستاجر للارض الزراعية موافقاً لمقتضيات
الاستغلال المالوف، وعلي المستاجر بوجه خاص ان يعمل علي ان تبقي الارض صالحة للانتاج
)2
(
ولا يجوز له دون رضاء الموجر ان
يدخل علي الطريقة المتبعة في استغلالها اي تغيير
جوهري يمتد اثره الي ما بعد انقضاء الايجار
.",277
civil_131_1948,القانون المدني,131,1948,614,مادة 614,general,False,,49,49,"–
)
1
(
علي المستاجر ان يقوم باجراء الاصلاحات التي يقتضيها الانتفاع المالوف
بالارض الموجرة، ويلتزم بوجه خاص بتطهير وصيانة الترع والمساقي والمراوي والمصارف
،
واذلك القيام باعمال الصيانة المعتادة للطرق والسور والقناطر والاسوار والابار والمباني
المعدة للسكني او للاستغلال ال هذا ما لم يقضي الاتفاق او العرف بغيره
.
)2
(
اما اقامة المباني والاصلاحات الكبري للمباني القايمة وغيرها من ملحقات العين، فيلتزم بها
الموجر ما
لم يقض الاتفاق او العرف بغير ذلك، واذلك يكون الحكم في الاصلاحات اللازمة
للابار والترع ومجاري المياه والخزانات
.",525
civil_131_1948,القانون المدني,131,1948,615,مادة 615,general,False,,49,49,"–
اذا منع المستاجر من تهيية الارض للزراعة او من بذرها او هلك البذر اله او
ااثره واان ذلك بسبب قوة قاهرة، بريت ذمة المستاجر من الاجرة ا
لها او بعضها بحسب
الاحوال
.
ال هذا ما لم يوجد اتفق يقضي بغيره
.",198
civil_131_1948,القانون المدني,131,1948,616,مادة 616,general,False,,49,50,"–
)
1
(
، اذا بذر المستاجر الارض ثم هلك الزرع اله قبل حصاده بسبب قوة قاهرة
جاز للمستاجر ان يطلب اسقاط الاجرة
.
)2
(اما اذا لم يهلك الا بعض الزرع ولكن ترتب علي الهلاك نقص ابير في ريع الا
رض، اان
للمستاجر ان يطلب انقاص الاجرة
.
)
3
(
وليس للمستاجر ان يطلب اسقاط الاجرة او انقاصها اذا اان عوض عما اصابه من ضرر
بما عاد عليه من ارباح في الاجارة الها او بما حصل عليه من طريق التامين او من اي طريق
اخر
.",396
civil_131_1948,القانون المدني,131,1948,617,مادة 617,optional,False,,50,50,"–
يجوز للمستاجر اذا لم تنضج غلة الارض
عند انتهاء الايجار لا يد له فيه ان يبقي
بالعين الموجرة حتي تنضج الغلة علي ان يودي الاجرة المناسبة
.",137
civil_131_1948,القانون المدني,131,1948,618,مادة 618,mandatory,False,,50,50,"–
لا يجوز للمستاجر ان ياتي عملا يكون من شانه ان ينقص او يوجر انتفاع من يخلفه
.
ويجب عليه بوجه خاص قبيل اخلاء الارض ان يمسح لهذا الخلف بهيية الارض و
بذرها اذا لم
يصبه ضرر من ذلك
.
المزارعة
:",189
civil_131_1948,القانون المدني,131,1948,619,مادة 619,optional,False,,50,50,"–
يجوز ان تعطي الارض الزراعية والارض المغروسة بالاشجار مزارعة للمستاجر
في مقابل اخذ الموجر جزءاً معيناً من المحصول
.",116
civil_131_1948,القانون المدني,131,1948,620,مادة 620,general,False,,50,50,"– تسري احكام الايجار علي المزارعة مع مراعاة الاحكام الاتية اذا لم يوجد اتفاق او

عرف يخالفها
.",94
civil_131_1948,القانون المدني,131,1948,621,مادة 621,general,False,,50,50,"–
اذا لم تعين مدة المزارعة، اانت المدة دورة زراعية سنوية
.",58
civil_131_1948,القانون المدني,131,1948,622,مادة 622,general,False,,50,50,"–
الايجار في المزارعة تدخل فيه الادوات الزراعية والمواشي التي توجد في الارض
وقت التعاقد اذا اانت مملواة للموجر
.",112
civil_131_1948,القانون المدني,131,1948,623,مادة 623,mandatory,False,,50,50,"–
)
1
(
يجب علي المستاجر ان يبذل في الزراعة
وفي المحافظة علي الزرع من
العناية ما يبذله في شوون نفسه
.
)2
(
وهو مسيول عما يصيب الارض من التلف في اثناء الانتفاع الا اذا اثبت انه بذل في
المحافظة عليها وفي صيانتها ما يبذله الشخص المعتاد
.
)3
(ولا يلزم المستاجر ان يعوض ما نفق من المواشي ولا ما يلي من الادو
ات الزراعية بلا خطا
منه
.",328
civil_131_1948,القانون المدني,131,1948,624,مادة 624,general,False,,50,50,"-
)
1
(
، توزع الغلة بين الطرفين بالنسبة المتفق عليها او بالنسبة التي يعينها العرف
فاذا لم يوجد اتفاق او عرف اان لكل منهما نصف الغلة
.
)2
(فاذا هلكت الغلة الها او بعضها بسبب قوة قاهرة، تحمل الطرفان معاً تبعه هذا الهلاك ولا

يرجع احد منهما علي الاخر
.",250
civil_131_1948,القانون المدني,131,1948,625,مادة 625,mandatory,False,,50,50,"–
لا يجوز في المزارعة ان ينزل المستاجر عن الايجار او ان يوجر الارض من
الباطن الا برضاء الموجر
.",95
civil_131_1948,القانون المدني,131,1948,626,مادة 626,general,False,,50,50,"–
لا تنقضي المزارعة بموت الموجر، ولكنها تنقضي بموت المستاجر
.",61
civil_131_1948,القانون المدني,131,1948,627,مادة 627,general,False,,50,50,"–
)
1
(
، اذا انتهت المزارعة قبل انقضاء مدتها
وجب ان يرد للمستاجر او ورثته ما
انفقه المستاجر علي المحصول الذي لم يتم نضجه مع تعويض عادل عما قام به المستاجر من
العمل
.
)2
(
ومع ذلك اذا انتهت المزارعة بموت المستاجر، جاز لورثته عوضاً عن استعمال حقهم في
استرداد النفقات المتقدم ذارها ان يحلوا محل مورثهم ح
تي ينضج المحصول ماداموا يستطيعون
القيام بذلك علي الوجه المرضي
.
ايجار الوقف
:",379
civil_131_1948,القانون المدني,131,1948,628,مادة 628,general,False,,50,50,"–
)
1
(
للناظر ولاية اجارة الوقف
.
)2
(
فلا يملكها الموقوف عليه ولو انحصر فيه الاستحقاق الا اذا اان متولياً من قبل الواقف او
ماذوناً ممن له ولاية الاجارة من ناظر او قاضي
.",171
civil_131_1948,القانون المدني,131,1948,629,مادة 629,general,False,,50,50,"–
ولاية قبض الاجرة للناظر لا للموقوف عليه الا ان اذن له الناظر في قبضها
.",73
civil_131_1948,القانون المدني,131,1948,630,مادة 630,mandatory,False,,50,50,"–
)
1
(
لا يجوز لناظر ان يستاجر الوقف ولو باجر المثل
.
)2
(
ويجوز له ان يوجر الوقف لاصوله وفروعه علي ان يكون ذلك باجر المثل
.",125
civil_131_1948,القانون المدني,131,1948,631,مادة 631,general,False,,50,51,"– لا تصح اجارة الوقف بالغين الفا
حش الا اذا اان الموجر هو المستحق الوحيد الذي
له ولاية التصرف في الوقف، فتجوز اجارته بالغين الفاحش في حق نفسه لا في حق من ليله من
المستحقين
.",173
civil_131_1948,القانون المدني,131,1948,632,مادة 632,general,False,,51,51,"–
)
1
(
في اجارة الوقف تكون العبرة في تقدير اجر المثل بالوقت لاذي ابرم فيه عقد
الايجار، ولا يعتد بالتغيير
الحاصل بعد ذلك
.
)2
(
واذا اجر الناظر الوقف بالغين الفاحش، وجب علي المستاجر تكملة الاجرة الي اجر المثل
والا فسخ العقد
.",225
civil_131_1948,القانون المدني,131,1948,633,مادة 633,mandatory,False,,51,51,"–
)
1
(
لا يجوز للناظر بغير اذن القاضي ان يوجر الوقف مدة تزيد علي ثلاث سنين
ولو اان ذلك بعقود مترادفة، فاذا عقدت الاجارة لمدة اط
ول، انقضت المدة الي ثلاث سنين
.
)2
(
ومع ذلك اذا اان الناظر هو الواقف او المستحق الوحيد، جاز له ان يوجر الوقف مدة تزيد
علي ثلاث سنين بلا حاجة الي اذن القاضي، وهذا دون اخلال بحق الناظر الذي يخلفه في طلب
انقاص المدة الي ثلاث سنين
.",358
civil_131_1948,القانون المدني,131,1948,634,مادة 634,general,False,,51,51,"– تسري احكام عق
د الايجار علي اجارة الوقف الا اذا تعارضت مع النصوص السابقة

الفصل الثاني
–
العارية",98
civil_131_1948,القانون المدني,131,1948,635,مادة 635,mandatory,False,,51,51,"–
العارية عقد يلتزم به المعير ان يسلم المستعير شيياً غير قابل للاستهلاك ليستعمله
بلا عوض لمدة معينة او في غرض معين علي ان يرده بعد الاستعمال
.
1
- التزامات المعير

ما
دة 636
–
يلتزم المعير ان يسلم المستعير الشيء المعار بالحالة التي يكون عليها وقت انعقاد
العارية وان يتراه للمستعير طول مدة العارية
.",298
civil_131_1948,القانون المدني,131,1948,637,مادة 637,optional,False,,51,51,"–
)
1
(
اذا اضطر المستعير الي الاتفاق للمحافظة علي الشيء اثناء العارية التزم
المعير ان يرد اليه ما انفقه من المصروف
.ات
)2
(
اما المصروفات النافعة فتتبع في شانها الاحكام الخاصة بالمصروفات التي ينفقها من يجوز
الشيء وهو سيي النية
.",229
civil_131_1948,القانون المدني,131,1948,638,مادة 638,general,False,,51,51,"–
)
1
(
لا ضمان علي المعير في استحقاق الشيء المعار الا اذا ان يكون هناك اتفاق
علي الضمان او ان يكون المعير قد تعمد اخفاء سبب الاستحقاق
.
)2
(
ولا ضمان عليه اذلك في العيوب الخفية، غير انه اذا تعمد اخفاء العيب او اذا ضمن سلامة
الشيء منه لزمه تعويض المستعير عن ال ضرر يسببه ذلك
.
2
- التزامات المستعير",298
civil_131_1948,القانون المدني,131,1948,639,مادة 639,optional,False,,51,51,"–
)
1
(
ليس للمستعير ان يستعمل الشيء المعار الا علي الوجه المعين وبالقدر المحدد
، وذلك
طبقاً لما بينه العقد او تقبله طبيعة الشيء او يعينه العرف
.
ولا يجوز له دون اذن المعير
ان ينزل عن الاستعمال للغير ولو علي سبيل التبرع
.
)2
(
ولا يكون مسيولا عما يلحق الشيء من تغيير او تلف يسببه الاستعمال الذي تبيحه العارية
.",310
civil_131_1948,القانون المدني,131,1948,640,مادة 640,general,False,,51,51,"–
)
1
(
اذا اقتضي استعمال
الشيء نفقة من المستعير فليس له استردادها، وهو مكلف
بالنفقة الازمة لصيانة الشيء صيانة معتادة
.
)2
(
وله ان ينزع من الشيء المعار ال ما يكون قد اضافه اليه، علي ان يعيد الشيء الي حالته
الاصلية
.",216
civil_131_1948,القانون المدني,131,1948,641,مادة 641,general,False,,51,51,"–
)
1
(
علي المستعير ان يبذل في المحافظة علي الشيء العناية التي يبذلها في
المحافظة علي ماله دون ان ينزل في ذلك عن عناية الرجل المعتاد
.
)2
(
وفي ال حال يكون ضامناً لهلاك الشيء اذا نشا الهلاك عن حادث مفاجي او قوة قاهرة
واان في وسعه ان يتحاشاه باستعمال شي من م
لكه الخاص، او اان بين ان ينقذ شيياً مملوااً له
او الشيء المعار فاختار ان ينقذ ما يملكه
.",347
civil_131_1948,القانون المدني,131,1948,642,مادة 642,general,False,,51,52,"–
)
1
(
متي انتهت العارية وجب علي المستعير ان يرد الشيء الذي تسلمه بالحالة التي
يكون عليها، وذلك دون اخلال بمسيوليته عن الهلاك او التلف
.
)2
(ويجب رد الشيء في
المكان الذي يكون المستعير قد تسلمه فيه ما لك يوجد اتفاق يقضي
بغير ذلك
.
3
- انتهاء العارية",249
civil_131_1948,القانون المدني,131,1948,643,مادة 643,optional,False,,52,52,"–
)
1
(
تنتهي العارية بانقضاء الاجل المتفق عليه، فاذا لم يعين لها اجل انتهت
باستعمال الشيء فيما اعير من اجله
.
)2
(
، فان لم يكن هناك سبيل لتعيين مدة العارية
جاز للمعير ان يطلب انهاءها في اي وقت
.
)3
(
وفي ال حال يجوز للمستعير ان يرد الشيء المعار قبل انتهاء العارية، غير انه اذا اان هذا
الرد يضر المعير فلا يرغم علي قبوله
.",323
civil_131_1948,القانون المدني,131,1948,644,مادة 644,optional,False,,52,52,"–
يجوز للمعير ان يطلب في اي وقت انهاء العارية في الاحوال الاتية
:
( ا )
اذا عرضت
له حاجة عاجلة للشيء لم تكن متوقعة
.
( ب)
اذا اساء المستعير استعمال الشيء او قصر في الاحتياط الواجب للمحافظة عليه
.
( ج )
اذا اعسر المستعير بعد انعقاد العارية او اان معسراً قبل ذلك علم من المعير
.",276
civil_131_1948,القانون المدني,131,1948,645,مادة 645,general,False,,52,52,"–
تنتهي العارية بموت المستعير ما لم يوجد اتفاق يقضي
بغيره
.
الكتاب الثاني -
الباب الثاني- العقود الواردة علي الانتفاع بالشيء

الفصل الاول
–
المقاولة والتزام المرافق العامة

1
- عقد المقاولة",189
civil_131_1948,القانون المدني,131,1948,646,مادة 646,general,False,,52,52,"–
المقاولة عقد يتعهد بمقتضاه احد المتعاقدين ان يصنع شيياً ا وان يودي عملا لقاء
اجر يتعهد به المتعاقد الاخ
.ر
التزامات المقاول
:",127
civil_131_1948,القانون المدني,131,1948,647,مادة 647,optional,False,,52,52,"–
)
1
(
يجوز ان يقتصر المقاول علي التعهد بتقديم عمله علي ان يقدم رب العمل المادة
التي يستخدمها او يستعين بها في القيام بعمله
.
)2
(
ًاما يجوز ان يتعهد المقاول بتقديم العمل والمادة معا
.",185
civil_131_1948,القانون المدني,131,1948,648,مادة 648,general,False,,52,52,"– اذا تعهد المقاول بتقديم مادة ال
عمل الها او بعضها، اان مسيولا عن جودتها وعليه
ضمانها لرب العمل
.",98
civil_131_1948,القانون المدني,131,1948,649,مادة 649,general,False,,52,52,"–
)
1
(
اذا اان رب العمل هو الذي قدم المادة، فعلي المقاول ان يحرص عليها ويراعي
اصول الفن في استخدامه لها وان يودي حساباً لرب العمل عما استعملها فيه ويرد اليه ما بقي
منها
.
فاذا صار شي
ء من هذه المادة غير صالح للاستعمال بسبب اهماله او قصور افايته الفنية،
التزم برد قيمة هذا الشيء لرب العمل
.
)2
(
وعلي المقاول ان ياتي بما يحتاج اليه في انجاز العمل من ادوات ومهمات اضافية ويكون
ذلك علي نفقته
.
هذا ما لم يقض الاتفاق او عرف الحرفة بغيره
.",435
civil_131_1948,القانون المدني,131,1948,650,مادة 650,general,False,,52,52,"–
)
1
(
، اذا ثبت اثناء سير العمل ان المقاول يقوم به علي وجه معيب او مناف لعقد
جاز لرب العمل ان ينذره بان يعدل من طريقة التنفيذ خلال معقول يعينه له
.
فاذا انقضي الاجل
دون ان يرجع المقاول الي الطريقة الصحيحة، جاز لرب العمل ان يطلب اما فسخ العقد واما ان
يع",254
civil_131_1948,القانون المدني,131,1948,209,مادة 209,optional,False,,52,52,".

)
2
(
علي انه يجوز طلب فسخ العقد في الحال دون حاجة الي تعيين اجل اذا اان اصلاح ما في
طريقة التنفيذ من عيب مستحيلا
.",118
civil_131_1948,القانون المدني,131,1948,651,مادة 651,general,False,,52,53,"–
)
1
(يضمن المهندس المعماري والمقاول متضامنين ما يحدث خلا
ل عشر سنوات
من تهدم الي او جزيي فيما شيدوه من مبان او اقاموه من منشات ثابتة اخري وذلك ولو اان
التهدم ناشياً عن عيب في الارض ذاتها، او اان ر العمل قد اجاز اقامة المنشات المعيبة، ما لم
يكن المتعاقدان في هذه الحالة قد ارادا ان تبقي هذه المنشات مدة اقل من عش
ر سنوات
.
)2
(
ويشمل الضمان المنصوص عليه في الفقرة السابقة ما يوجد في المباني والمنشات من عيوب
يترتب عليها تهديد متانة البناء وسلامته
.
)3
(
وتبدا مدة السنوات العشر من وقت تسلم العمل ولا تسري هذه المادة علي ما قد يكون للمقاول
من حق الرجوع علي المقاولين من الب
اطن
.",579
civil_131_1948,القانون المدني,131,1948,652,مادة 652,general,False,,53,53,"–
اذا اقتصر المهندس المعماري علي وضع التصميمات دون ان يكلف الرقابة علي
التنفيذ، لم يكن مسيولا الا عن العيوب التي اتت من التصميم
.",129
civil_131_1948,القانون المدني,131,1948,653,مادة 653,definition,False,,53,53,"–
يكون باطلا ال شرط يقصد به اعفاء المهندس المعماري والمعماري والمقاول من
الضمان او الحد منه
.",93
civil_131_1948,القانون المدني,131,1948,654,مادة 654,general,False,,53,53,"–
تسقط دعاوي الضمان المتقدمة بانقضاء ثلاث سنوات من وقت حصول التهدم او
انكشاف العيب
.
التزامات رب العمل
:",104
civil_131_1948,القانون المدني,131,1948,655,مادة 655,general,False,,53,53,"–
متي اتم المقاول العمل ووضعه تحت تصرف رب العمل، وجب علي هذا ان يبادر
الي تسلمه في اقرب وقت ممكن بحسب الجاري في المعاملات، فاذا امتنع دون سبب
مشروع
عن التسليم رغم دعوته الي ذلك بانذار رسمي، اعتبر ان العمل قد سلم اليه
.",218
civil_131_1948,القانون المدني,131,1948,656,مادة 656,general,False,,53,53,"–
يستحق دفع الاجر تسلم العمل، الا اذا قضي العرف او الاتفاق بغير ذلك
.",69
civil_131_1948,القانون المدني,131,1948,657,مادة 657,general,False,,53,53,"–
)
1
(
اذا ابرم عقد بمقتضي مقايسة علي اساس الوحدة وتبين في اثناء العمل ان من
الضروري لتنفيذ
التصميم المتفق عليه مجاوزة المقايسة المقدرة مجاوزة محسوسة، وجب علي
المقاول ان يخطر في الحال رب العمل بذلك مبيناً مقدار ما يتوقعه من زيادة في الثمن، فان لم
يفعل سقط حقه في استرداد ما جاوز به قيمة المقايسة من نفقات
.
)2
(فاذا اانت المجاوزة التي يقتضيها تنف
يذ التصميم جسيمة جاز لرب العمل ان يتحلل من العقد
ويقف التنفيذ علي ان يكون ذلك دون ابطاء، مع ايفاء المقاول قيمة ما انجزه من الاعمال، مقدرة
وفقاً لشروط العقد، دون ان يعوضه عما اان يستطيع اسبه لو انه اتم العمل
.",556
civil_131_1948,القانون المدني,131,1948,658,مادة 658,general,False,,53,53,"–
)
1
(اذا ابرم العقد باجر اجمالي علي
اساس تصميم اتفق عليه رب العمل، فليس
للمقاول ان يطلب باية زيادة في الاجر ولو حدث في هذا التصميم تعديل او اضافة الا ان يكون
ذلك راجعاً الي خطا من رب العمل او يكون ماذوناً به منه واتفق مع المقول علي اجره
.
)2
(ويجب ان يحصل هذا الاتفاق اتابة، الا اذا اان ال
عقد الاصلي ذاته قد اتفق عليه مشافهة
.
)3
(
ًوليس للمقاول اذا ارتفعت اسعار المواد الاولية واجور الايدي العاملة او غيرها من التكاليف
ان يستند الي ذلك ليطلب زيادة الاجر ولو بلغ هذا الارتفاع حداً يجعل تنفيذ العقد عسيرا
.
)4
(علي انه اذا انهار التوازن الاقتصادي ب
ين التزامات ال من رب العمل والمقاول بسبب
حوادث استثنايية عامة لم تكن في الحسبان وقت التعاقد، وتداعي بذلك الاساس الذي قام عليه
التقدير المالي لعقد المقاولة، جاز للقاضي ان يحكم بزيادة الاجر او بفسخ العقد
.",754
civil_131_1948,القانون المدني,131,1948,659,مادة 659,general,False,,53,53,"– اذا لم يحدد الاجر سلفاً وجب الرجوع في تحد
يده الي قيمة العمل ونفقات المقاول
.",79
civil_131_1948,القانون المدني,131,1948,660,مادة 660,general,False,,53,53,"–
)
1
(
يستحق المهندس المعماري اجراً مستقلا عن وضع التصميم وعمل المقايسة
واخر عن ادارة الاعمال
.
)2
(فان لم يحدد العقد هذه الاجور وجب تقديرها وفقاً للعرف الجاري
.
)3
(غير انه اذا لم يتم العمل بمقتضي التصميم الذي وضع
ه المهندس، وجب تقدير الاجر بحسب
الزمن الذي استغرقه وضع التصميم مع مراعاة طبيعة هذا العمل
.
المقاولة من الباطن
:",327
civil_131_1948,القانون المدني,131,1948,661,مادة 661,optional,False,,53,53,"–
)
1
(
يجوز للمقاول ان بكل تنفيذ العمل في جملته او في جزء منه الي مقاول من
الباطن اذا لم يمنعه من ذلك شرط في العقد او لم تكن طبيعة العم
ل تفترض الاعتماد علي افايته
الشخصية
.
)2
(
ولكنه يبقي في هذه الحالة مسيولا عن المقاول من الباطن قبل رب العمل
.",247
civil_131_1948,القانون المدني,131,1948,662,مادة 662,general,False,,53,54,"–
)
1
(
يكون للمقاولين من الباطن وللعمال الذين يشتغلون لحساب المقاول في تنفيذ
العمل، حق مطالبة رب العمل مباشرة بما لا يجاوز القدر الذي يكون
مديناً به للمقاول الاصلي
وقت رفع الدعوي، ويكون لعمال المقاولين من الباطن مثل هذا الحق قبل ال من المقاول
الاصلي ورب العمل
.
)
2
(
ولهم في حالة توقيع الحجز من احدهم تحت يدرب العمل او المقاول الاصلي امتياز علي
المبالغ المستحقة للمقاول الاصلي او للمقاول من الب
اطن وقت توقيع الحجز، ويكون الامتياز لكل
منهم بنسبة حقه

ويجوز اداء هذه المبالغ اليهم مباشرة
.
)3
(
وحقوق المقاولين من الباطن والعمال المقررة بمقتضي هذه المادة مقدمة علي حقوق من
ينزل له المقاول عن دينه قبل رب العمل
.
انقضاء المقاولة
:",630
civil_131_1948,القانون المدني,131,1948,663,مادة 663,optional,False,,54,54,"–
)
1
(لرب لعمل
ان يتحلل من العقد ويقف التنفيذ في اي وقت قبل اتمامه، علي ان
يعوض المقاول عن جميع ما انفقه من المصروفات، وما انجزه من الاعمال، وما اان يستطيع
اسبه لو انه اتم العمل
.
)2
(
علي انه يجوز للمحكمة ان تخفض التعويض المستحق عما فات المقاول من اسب اذا اانت
الظروف
تجعل هذا التخفيض عادلا، ويتعين عليها بوجه خاص ان تنقص منه ما يكون المقاول
قد اقتصده من جراء تحلل رب العمل من العقد وما يكون قد اسبه باستخدام وقته في امر اخر
.",428
civil_131_1948,القانون المدني,131,1948,664,مادة 664,general,False,,54,54,"– ينقضي عقد المقاولة باستحالة تنفيذ العمل المعقود عليه
.",56
civil_131_1948,القانون المدني,131,1948,665,مادة 665,general,False,,54,54,"–
)
1
(اذا هلك الشيء بسبب
حادث مفاجي قبل تسليمه لرب العمل، فليس للمقاول ان
يطالب لا بثمن عمله ولا برد نفقاته، ويكون هلاك المادة علي من قام بتوريدها من الطرفين
.
)2
(
ًاما اذا اان المقاول قد اعذر ان يسلم الشيء، او اان هلاك الشيء او تلفه قبل التسليم راجعا
الي خطيه، وجب عليه ان يع
وض رب العمل عما يكون هذا قد ورده من مادة للعمل
.
)3
(
فاذا اان رب العمل هو الذي اعذر ان يتسلم الشيء، او اان هلاك الشيء او تلفه راجعاً الي
خطا منه او الي عيب في المادة التي قام بتوريدها، اان هلاك المادة عليه واان للمقاول الحق في
الاجر وفي التعويض عند الاقت
ضاء
.",540
civil_131_1948,القانون المدني,131,1948,666,مادة 666,optional,False,,54,54,"–
ينقضي عقد المقاولة بموت المقاول اذا اانت موهلاته الشخصية محل اعتبار في
التعاقد
.
فان لم تكن محل اعتبار فلا ينتهي العقد من تلقاء نفسه ولا يجوز لرب العمل فسخه في",161
civil_131_1948,القانون المدني,131,1948,663,مادة 663,general,False,,54,54,"الا اذا لم تتوافر في ورثة المقاول الضمانات
الكافية
لحسن تنفيذ العمل
.",69
civil_131_1948,القانون المدني,131,1948,667,مادة 667,general,False,,54,54,"–
)
1
(
اذا انقضي العقد بموت المقاول، وجب علي رب العمل ان يدفع للتراة قيمة ما
تم من العمال وما انفق لتنفيذ ما لم يتم، وذلك بقدر النفع الذي يعود عليه من هذه الاعمال
والنفقات
.
)2
(ويجوز لرب العمل في نظير ذلك ان يطالب بتسل
يم المواد التي تمم اعدادها والرسوم التي
بدي في تنفيذها، علي ان يدفع عنها تعويضاً عادلاً
.
)3
(
وتسري هذه الاحكام ايضاً اذا بدا المقاول في تنفيذ العمل ثم اصبح عاجزاً عن اتمامه لسبب
لا يد له فيه
.
2
- التزام المرافق العامة",441
civil_131_1948,القانون المدني,131,1948,668,مادة 668,general,False,,54,54,"–
التزام المرافق العامة عقد
الغرض منه ادارة مرفق عام ذي صفة اقتصادية، ويكون
هذا العقد بين جهة الادارة المختصة بتنظيم هذا المرفق وبين فرد او شراة يعهد اليها باستغلال
المرفق فترة معينة من الزمن
.",193
civil_131_1948,القانون المدني,131,1948,669,مادة 669,general,False,,54,54,"–
ملتزم المرفق العام يتعهد بمقتضي العقد الذي يبرمه مع عمليه بان يودي لهذا العميل
علي الوجه المالوف، الخدمات المقابلة للاجر الذي يقبضه وفقاً للشروط المنصوص عليها عقد
الالتزام وملحقاته، وللشروط التي تقتضيها طبيعة العمل ويقتضيها ما ينظم هذا العمل من
القوانين
.",257
civil_131_1948,القانون المدني,131,1948,670,مادة 670,general,False,,54,55,"–
)
1
(اذا اان ملتزم المرفق محتكراً له احتكارا قانونياً او فعلياً، وجب
عليه ان يحقق
المساواة التامة بين عملايه سواء في الخدمات العامة او في تقاضي الاجور
.
)2
(
ولا تحول المساواة دون ان تكون هناك معاملة خاصة تنطوي علي تخفيض الاجور او
الاعفاء منها، علي ان ينتفع بهذه المعاملة من يطلب ذلك ممن توافرت فيه شروط يعينها الملتزم
بوجه
عام
.
ولكن المساواة تحرم علي الملتزم ان يمنح احد عملايه ميزات يرفض منحها لاخرين

)3
(
وال تمييز علي خلاف ما تقضي به الفقرة السابقة، يوجب علي الملتزم ان يعوض الضرر
الذي قد يصيب الغير من جراء ما يترتب علي هذا التمييز من اخلال بالتوازن الطبيعي في
المنافسة الم
شروعة
.",590
civil_131_1948,القانون المدني,131,1948,671,مادة 671,optional,False,,55,55,"–
)
1
(
يكون لتعريفات الاسعار قررتها السلطة العامة قوة القانون بالنسبة الي العقود
التي يبرمها الملتزم مع عملايه، فلا يجوز للمتعاقدين ان يتفقا علي ما يخالفها
.
)2
(
ويجوز اعادة النظر في هذه القوايم وتعديلها
.
فاذا عدلت الاسعار المعمول بها وصدق ع
لي
تعديل الاسعار الجديدة دون اثر رجعي من الوقت الذي عينه قرار التصديق لسريانها، وما يكون
جارياً وقت التعديل من اشترااات في المرافق العام يسري عليه هذا التعديل من زيادة او نقص
في الاجور وذلك فيما بقي من المدة بعد التاريخ المعين لسريان الاسعار الجديدة
.
ماد
ة 672
–
)
1
(
ال انحراف او غلط يقع عند تطبيق تعريفة الاسعار علي العقود الفردية يكون
قابلا للتصحيح
.
)2
(
فاذا وقع الانحراف او الغلط ضد مصلحة العميل، اان له الحق في استرداد ما دفعه زيادة
علي الاسعار المقررة
.
واذا وقع ضد مصلحة الملتزم بالمرفق العام، اان له الح
ق في استكمال
ما نقص من الاسعار المقررة
.
ويكون باطلا ال اتفاق يخالف ذلك
.
ويسقط الحق في الحالين
بانقضاء سنة من وقت قبض الاجور التي لا تتفق مع الاسعار المقررة
.",920
civil_131_1948,القانون المدني,131,1948,673,مادة 673,general,False,,55,55,"-
)
1
(
علي عملاء المرافق المتعلقة بتوزيع المياه والغاز والكهرباء والقوي المحراة
وما شابه
ذلك، ان يتحملوا ما يلازم ادوات المرافق عادة من عطل او خلل لمدة قصيرة، اهذا
الذي تقتضيه صيانة الادوات التي يدار بها المرفق
.
)2
(
ولملتزمي هذه المرافق ان يدفعوا مسيوليتهم عما يصيب المرفق من عطل او خلل يزيد علي
المالوف في مدته او في جسامته، اذا اثبتوا ان ذ
لك يرجع الي قوة قاهرة خارجة من ارادة المرفق
، او الي حادث مفاجي وقع في هذه الادارة دون ان يكون في وسع ايه ادارة يقظة غير مقدرة ان
تتوقع حصوله او ان تدرا نتايجه
.
ويعتبر الاضراب حادثاً مفاجياً اذا استطاع الملتزم اقامة الدليل
علي ان وقوع الاضراب اان دون خطا
منه، وانه لم يكن في وسعه ان يستبدل بالعمال
المضربين غيرهم او ان يتلافي نتيجة اضرابهم باية وسيلة اخري
.
الفصل الثاني
–
عقد العمل",728
civil_131_1948,القانون المدني,131,1948,674,مادة 674,general,False,,55,55,"–
لا تسري العمل هو الذي يتعهد فيه احد المتعاقدين بان يعمل في خدمة المتعاقد الاخر
وتحت ادارته او اشرافه مقابل اجر يتعهد
به المتعاقد الاخر
.",138
civil_131_1948,القانون المدني,131,1948,675,مادة 675,mandatory,False,,55,56,"–
)
1
(
لا تسري الاحكام الواردة في هذا الفصل الا بالقدر الذي لا تتعارض فيه
صراحة او ضمناً مع التشريعات الخاصة التي تتعلق بالعمل
.
)2
(
وتبين هذه التشريعات طوايف العمال الذين لا تسري عليهم هذه الاحكام
.
مادة
676
–
)
1
(
تسري احكام عقد
العمل علي العلاوة ما بين ارباب الاعمال وبين الطوافين
والممثلين التجاريين الجوابينة ومندوبي التامين وغيرهم من الوسطاء، ولو اانوا ماجورين
بطريقة العمالة او اانوا يعملون لحساب جملة من ارباب الاعمال، مادام هولاء الاشخاص تابعين
لارباب العمل وخاضعين لرقابتهم
.
)2
(
واذا انتهت خدمات الممثل التجاري او المندوب الجواب ولو اان ذلك بانهاء المدة المعينة في
عقد استخدامه، اان له الحق في ان يتقاضي علي سبيل الاجر العمالة او الخصم المتفق عليه او
الذي يقضي بع العرف عن التوصيات التي لم تبلغ رب العمل الا بعد خروج الممثل التجار
ي او
المندوب الجواب من خدمته، متي اانت هذه التوصيات نتيجة مباشرة لما قام به هولاء
المستخدمون من سعي لدي العملاء اثناء مدة خدمتهم
.
علي انه لا يجوز لهم المطالبة بهذا الحق
الا خلال المدة المعتادة التي يقررها العرف بالنسبة الي ال مهنة
.
1
- اراان العقد",995
civil_131_1948,القانون المدني,131,1948,677,مادة 677,general,False,,56,56,"–
لا يشترط في عقد العمل اي شكل خاص، ما لم تنص القوانين واللوايح الادارية علي
خلاف ذلك
.",87
civil_131_1948,القانون المدني,131,1948,678,مادة 678,optional,False,,56,56,"–
)
1
(
يجوز ان يبرم عقد لخدمة معينة او لمدة معينة، اما يجوز ان يكون غير معين
المدة
.
)2
(فاذا اان عقد العمل لمدة حياة العامل او رب العمل او لااثر ن خمس سنوا
ت، جاز للعامل
بعد انقضاء خمس سنوات ان يفسخ العقد دون تعويض علي ان ينظر رب العمل الي ستة اشهر
.",252
civil_131_1948,القانون المدني,131,1948,679,مادة 679,general,False,,56,56,"-
)
1
(
اذا اان عقد العمل معين المدة انتهي من تلقاء نفسه بانقضاء مدته
.
)2
(فاذا استمر طرفاه في تنفيذ العقد بعد انقضاء مدته، اعتبر ذلك منهما تجديداً للعق
د لمدة غير
معينة
.",172
civil_131_1948,القانون المدني,131,1948,680,مادة 680,general,False,,56,56,"–
)
1
(
اذا ابرم العقد لتنفيذ عمل معين انتهي بانقضاء العمل المتفق عليه
.
)2
(
، فاذا اان العمل قابلا بطبيعته لان يتجدد، واستمر تنفيذ العقد بعد انهاء العمل المتفق عليه
اعتبر العقد قد تجدد تجديداً ضمنياً المدة اللازمة للقيام بالعمل ذ
اته مرة اخري
.",246
civil_131_1948,القانون المدني,131,1948,681,مادة 681,general,False,,56,56,"–
يفترض في اداء الخدمة ان يكون باجر اذا اان قوام هذه الخدمة عملا لم تجر العادة
بالتبرع به او عملا داخلا في مهنة من اداه
.",121
civil_131_1948,القانون المدني,131,1948,682,مادة 682,mandatory,False,,56,56,"–
)
1
(
اذا لم تنص العقود الفردية او العقود الجماعية او لوايح المصنع علي الاجر الذي
يلتزم به صاحب المصنع،
اخذ بالسعر المقدر لعمل من ذات النوع ان وجد، والا قدر الاجر
طبقاً لعرف المهنة وعرف الجهة التي يودي فيها العمل، فان لم يوجد عرف تولي القاضي تقدير
الاجر وفقاً لمقتضيات العدالة
.
)2
(ويتبع ذلك ايضاً في تحديد نوع الخدمة الواجب علي العامل اداوها وفي تحديد مدا
. ها",364
civil_131_1948,القانون المدني,131,1948,683,مادة 683,penalty,False,,56,56,"–
تعتبر المبالغ الاتية جزءاً لا يتجزا من الاجر تحسب في تعين القدر الجايز الحجز
عليه
:
)1
(
العمالة التي تعطي للطوافين والمندوبين الجوابين والممثلين التجاريين
.
)2
(
النسب الميوية التي تدفع الي مستخدمي المحال التجارية عن ثمن ما يبيعونه والعلاوات
التي
تصرف لهم بسبب غلاء المعيشة
.
)3
(
ال منحة تعطي للعامل علاوة علي المرتب وما يصرف له جزاء امانته او في مقابل زيادة
اعبايه العايلية وما شابه ذلك، اذا اانت هذه المبالغ مقررة في عقود العمل الفردية او لوايح
المصنع او جري العرف يمنحها حتي اصبح عمال المصنع يعت
برونها جزءاً من الاجر لا تبرعاً،
علي ان تكون هذه المبالغ معلومة المقدار قبل الحجز
.",586
civil_131_1948,القانون المدني,131,1948,684,مادة 684,general,False,,56,56,"–
)
1
(
لا يلحق بالاجر ما يعطي علي سبيل الوهبة الا في الصناعة او التجارة التي
جري فيها العرف بدفع وهبة وتكون لها قواعد تسمح بضبطها
.
)2
(وتعتبر الوهبة جزءاً من الاجر
، اذا اان ما يدفعه منها العملاء الي مستخدمي المتجر الواحد
يجمع في صندوق مشترك ليقوم رب العمل بعد ذلك بتوزيعه علي هولاء المستخدمين بنفسه او
تحت اشرافه
.
)3
(
ويجوز في بعض الصناعات اصناعة الفنادق والمطاعم والمقاهي والمشارب، الا يكون
للعامل اجر سوي ما يحصل عل
يه من وهبة وما يتناول من طعام
.
2
- احكام العقد

التزامات العامل
:",489
civil_131_1948,القانون المدني,131,1948,685,مادة 685,mandatory,False,,56,57,"–
يجب علي العامل
:
( ا )
ان يودي العمل بنفسه، وان يبذل في تاديته من العناية ما يبذله الشخص المعتاد
.
)
( ب
ان ياتمر باوامر رب العمل الخاصة بتنفيذ العمل المتفق عليه او العمل الذي يدخ
ل في
وظيفة العامل، اذا لم يكن في هذه الاوامر ما يخالف العقد او القانون او الاداب، ولم يكن في
اطاعها ما يعرض للخطر
.
)( ج
ان يحرص علي حفظ الاشياء المسلمة اليه لتادية عمله
.
( د)
ان يحفظ باسرار العمل الصناعية والتجارية حتي بعد انقضاء العقد
.",421
civil_131_1948,القانون المدني,131,1948,686,مادة 686,mandatory,False,,57,57,"–
)
1
(اذا
اان العمل المواول الي العامل يسمح له بمعرفة عملاء رب العمل او
بالاطلاع علي سر اعماله اان للطرفين ان يتفقا علي الا يجوز للعامل بعد انهاء العقد ان ينافس
رب العمل، ولا ان يشترك في اي مشروع يقوم بمنافسته
.
)2
(
غير انه يشترط لصحة هذا الاتفاق ان يتوافر فيه ما
ياتي
:
( ا )
ان يكون العامل بالغاً رشده وقت ابرام العقد
.
)
( ب
ان يكون القيد مقصوراً من حيث الزمان والمكان ونوع العمل، علي القدر الضروري
لحماية مصالح رب العمل المشروعة
.
)3
(
ولا يجوز ان يتمسك رب العمل بهذا الاتفاق اذا فسخ العقد او رفض تجديده دون ان يقع
من
العامل ما يبرر ذلك، اما لا يجوز له التمسك بالاتفاق اذا وقع منه هو ما يبرز فسخ العامل للعقد
.",616
civil_131_1948,القانون المدني,131,1948,687,مادة 687,general,False,,57,57,"–
اذا اتفق علي شرط جزايي في حالة الاخلال بالامتناع عن المنافسة واان في الشرط
مبالغة تجعله وسيلة لاجبار العامل علي البقاء في صناعة رب العمل مدة اطول من
المدة المتفق
عليها، اان هذا الشرط باطلا وينسحب بطلانه ايضاً الي شرط عدم المنافسة في جملته
.",242
civil_131_1948,القانون المدني,131,1948,688,مادة 688,optional,False,,57,57,"–
)
1
(
اذا وفق العامل الي اختراع جديد في اثناء خدمة رب العمل، فلا يكون لهذا اي
حق في ذلك الاختراع ولو اان العامل قد استنبطه بمناسبة ما قام به من اعمال في خ
دمة رب
العمل
.
)2
(
علي ان ما يستنبطه العامل من اختراعات في اثناء عمله يكون من حق رب العمل اذا اان
طبيعة الاعمال التي تعهد بها العامل تقتضي منه افراغ جهده في الابتداء، او اذا اان رب العمل
قد اشترط العقد صراحة ان يكون له الحق فيما يهتدي اليه من المخترعات
.
)3
(
واذا اان الاختراع ذا اهمية اقتصادية جدية، جاز للعامل في الحالات المنصوص عليها في
الفقرة السابقة ان يطالب بمقابل خاص يقدر وفقاً لمقتضيات العدالة
.
ويراعي في تقدير هذا
المقابل مقدار المعونة التي قدمها رب العمل وما استخدم في هذا السبيل من منشاته
.",662
civil_131_1948,القانون المدني,131,1948,689,مادة 689,mandatory,False,,57,57,"–
يجب علي العامل الي جانب الالتزامات المبينة في المواد السابقة، ان يقوم
بالالتزامات التي تفرضها القوانين الخاصة
.
التزامات رب العمل
:",133
civil_131_1948,القانون المدني,131,1948,690,مادة 690,mandatory,False,,57,57,"–
يلتزم رب العمل ان يدفع للعامل اجرته في الزمان والمكان اللذين يحددهما العقد او
العرف مع مراعاة ما تقضي به القوا
نين الخاصة في ذلك
.",132
civil_131_1948,القانون المدني,131,1948,691,مادة 691,general,False,,57,57,"–
)
1
(
اذا نص العقد علي ان يكون للعامل فوق الاجر المتفق عليه او بدلا منه حق في
جزء من ارباح رب العمل، او في نسبة ميوية من جملة الايراد او من مقدار الانتاج او من قيمة
ما يتحقق من وفر او ما شاال ذلك وجب علي رب العمل ان يقدم الي ال
عامل بعد ال جرد بياناً
بما يستحقه من ذلك
.
)2
(
ويجب علي رب العمل فوق هذا ان يقد الي العامل او الي شخص موثوق به ذو الشان او
يعينه القاضي، المعلومات الضرورية للتحقق من صحة هذا البيان، وان ياذن له في ذلك
بالاطلاع علي دفاتره
.",453
civil_131_1948,القانون المدني,131,1948,692,مادة 692,optional,False,,57,57,"– اذا حضر العامل او الم
ستخدم لمزاولة عمله في الفترة اليومية التي يلزمه بها عقد
العمل، او اعلن انه مستعد لمزاولة عمله في هذه الفترة ولم يمنعه من العمل الا سبب راجع الي
رب العمل، اان له الحق في اجر ذلك اليوم
.",208
civil_131_1948,القانون المدني,131,1948,693,مادة 693,mandatory,False,,57,57,"– يجب علي رب العمل الي جانب التزاماته المبينة في المواد الساب
قة ان يقوم
بالالتزامات التي تفرضها القوانين الخاصة
.
3
- انتهاء عقد العمل",135
civil_131_1948,القانون المدني,131,1948,694,مادة 694,general,False,,57,58,"–
)
1
(
ينتهي عقد العمل بانقضاء مدته او بانجاز العمل الذي ابرم من اجله، وذلك مع
عدم الاخلال باحكام المادتين 678
،
679
.
)
2
(فان لم تعين مدة العقد بالاتفاق او بنوع العمل او بال
غرض منه، جاز لكل من المتعاقدين ان
يضع حداً لعلاقته مع المتعاقد الاخر
.
ويجب في استعمال هذا الحق ان يسبقه اخطار، وطريقة
الاخطار ومدته تبينهما القوانين الخاصة
.",335
civil_131_1948,القانون المدني,131,1948,695,مادة 695,optional,False,,58,58,"–
)
1
(
اذا اان العقد قد ابرم لمدة غير معينة، ونقضه احد المتعاقدين دون مراعاة
لميعاد الا
خطار، او قبل انقضاء هذا الميعاد، لزمه ان يعوض المتعاقد الاخر عن مدة هذا الميعاد
او عن المدة الباقية منه
.
ويشمل التعويض فوق الاجر المحدد الذي اان يستحق خلال هذه المدة
جميع ملحقات الاجر التي تكون ثابتة ومعينة، مع مراعاة ما تقضي به القوانين الخاصة
.
)2
(و
اذا فسخ العقد بتعسف من احد المتعاقدين اان للمتعاقد الاخر، الي جانب التعويض الذي
يكون مستحقاً له بسبب عدم مراعاة ميعاد الاخطار، الحق في تعويض ما اصابه من ضرر
بسبب فسخ العقد فسخاً تعسفياً
.
ويعتبر الفصل تعسفياً اذا وقع بسبب حجوز اوقعت تحت يد رب
العمل، او
وقع هذا الفصل بسبب ديون يكون العامل قد التزم بها للغير
.
مادة
696
–
)
1
(
، يجوز الحكم بالتعويض عن الفصل ولو لم بصدر هذا الفصل من رب العمل
اذا اان هذا الاخير قد دفع، وعلي الاخص بمعاملته الجايزة او مخالفته شروط العقد، الي ان
يكون هو في الظاهر الذي انهي العقد
.
)2
(
، ونقل العامل الي مراز اقل ميزة او ملاءمة من المراز الذي اان يشغله لغير ما ذنب جناه
لا يعد عملا تعسفياً بطريق غير مباشر اذا ما اقتضته مصلحة العمل، ولكنه يعد اذلك اذا اان
الغرض منه اساءة العامل
.",1055
civil_131_1948,القانون المدني,131,1948,697,مادة 697,general,False,,58,58,"–
)
1
(
لا ينفسخ عقد العمل بوفاة رب العمل، ما
لم تكن شخصيته قد روعيت في ابرام
العقد، ولكن ينفسخ العقد بوفاة العامل
.
)2
(
ويراعي في فسخ العقد لوفاة العامل او لمرضه مرضاً طويلا او لسبب قاهر اخر من شانه ان
يمنع العامل من الاستمرار في العمل الاحكام التي نصت عليها القوانين الخاصة
.",278
civil_131_1948,القانون المدني,131,1948,698,مادة 698,general,False,,58,58,"–
)
1
(تسقط بالت
قادم الدعاوي الناشية عن عقد العمل بانقضاء سنة تبدا من وقت انهاء
العقد، الا فيما يتعلق بالعمالة والمشاراة في الارباح والنسب الميوية في جملة الايراد، فان المدة
فيها لا تبدا الا من الوقت الذي يسلم فيه رب العمل الي العامل بياناً بما يستحقه بحسب اخر جرد
.
)2
(
ولا يسري هذا التقادم الخاص علي الدعاوي المتعلقة بانتهاك حرمة الاسرار التجارية او
بتنفيذ نصوص عقد العمل التي ترمي الي ضمان احترام هذه الاسرار
.
الفصل الثالث
–
الواالة

1
- اراان الواالة",457
civil_131_1948,القانون المدني,131,1948,699,مادة 699,mandatory,False,,58,58,"– الواالة عقد بمقتضاه يلتزم الوايل بان يقوم بعمل قانوني لحساب ال
موال
.",71
civil_131_1948,القانون المدني,131,1948,700,مادة 700,mandatory,False,,58,58,"–
يجب ان يتوافر في الواالة الشكل الواجب توافره في العمل القانوني الذي يكون محل
الواالة، ما لم يوجد نص يقضي بغير ذلك
.
مادة
701
-
)
1
(
الواالة الواردة في الفاظ عامة لا تخصيص فيها حتي لنوع العمل القانوني
الحاصل فيه التوايل، لا تخول الوايل صفة
الا في اعمال الادارة
.
)2
(
ويعد من اعمال الادارة الابحار اذا لم تزد مدته علي ثلاث سنوات واعمال الحفظ والصيانة
واستيفاء الحقوق ووفاء الديون
.
ويدخل فيها ايضاً ال عمل من اعمال التصرف تقتضيه الادارة
ابيع المحصول وبيع البضاعة او المنقول الذي يسرع غليه التلف وش
راء ما يستلزمه الشيء محل
الواالة من ادوات لحفظه ولاستغلاله
.",560
civil_131_1948,القانون المدني,131,1948,702,مادة 702,general,False,,58,59,"–
)
1
(
لابد من واالة خاصة في ال عمل وليس من اعمال الادارة، وبوجه خاص في
البيع والرهن والتبرعات والصلح والاقرار والتحكيم وتوجيه اليمين والمرافعة امام القضاء
.
)2
(والواالة الخاصة في نوع معي
ن من انواع الاعمال القانونية تصح ولو بم يعين محل هذا
العمل علي وجه التخصيص، الا اذا اان العمل من التبرعات
.
)3
(
والواالة الخاصة لا تجعل للوايل صفة الا في مباشرة الامور المحددة فيها وما تقتضيه هذه
الامور من توابع ضرورية وفقاً لطبيعة ال امر وللعرف الجاري
.
2
- اثار الواالة",462
civil_131_1948,القانون المدني,131,1948,703,مادة 703,general,False,,59,59,"–
)
1
(
الوايل ملزم بتنفيذ الواالة دون ان يجاوز حدودها المرسومة
.
)2
(
ًعلي ان له ان يخرج عن هذه الحدود متي اان من المستحيل عليه اخطار الموال سلفا
واانت الظروف يغلب معها الظن بان الموال ما اان الا ليوافق علي هذا التصرف، وعلي
الوايل
في هذه الحالة ان يبادر بابلاغ الموال خروجه عن حدود الواالة
.",292
civil_131_1948,القانون المدني,131,1948,704,مادة 704,general,False,,59,59,"–
)
1
(
اذا اانت الواالة بلا اجر وجب علي الوايل ان يبذل في تنفيذها العناية التي
يبذلها في اعماله الخاصة، دون ان يكلف في ذلك ازيد من عناية الرجل المعتاد
.
)2
(فان اانت باجر وجب علي الوايل ا
ن يبذل دايماً في تنفيذها عناية الرجل المعتاد
.",235
civil_131_1948,القانون المدني,131,1948,705,مادة 705,general,False,,59,59,"–
علي الوايل ان يوافي الموال بالمعلومات الضرورية عما وصل اليه في تنفيذ
الواالة، وان يقدم له حساباً عنها
.",105
civil_131_1948,القانون المدني,131,1948,706,مادة 706,general,False,,59,59,"–
)
1
(
ليس للوايل ان يستعمل مال الموال لصالح نفسه
.
)2
(وعليه فوايد المبالغ التي استخد
مها لصالحه من وقت استخدامها، وعليه ايضاً فوايد ما تبقي
في ذمته من حساب الواالة من وقت ان يعذر
.",183
civil_131_1948,القانون المدني,131,1948,707,مادة 707,general,False,,59,59,"–
)
1
(
اذا تعدد الوالاء اانوا مسيولين بالتضامن متي اانت الواالة غير قالبة للانقسام
، او اان الضرر الذي اصاب الموال نتيجة خطا مشترك
.
علي او الوالاء ولو ا
انوا متضامنين
لا يسالون عما فعله احدهم مجاوزاً حدود الواالة او متعسفاً في تنفيذها
.
)2
(
واذا عين الوالاء في عقد واحد دون ان يرخص في انفرادهم في العمل، اان عليهم ان
يعملوا مجتمعين الا اذا اان العمل مما لا يحتاج فيه الي تبادل الراي اقبض الدين او وفايه
.
ماد
ة 708
–
)
1
(
، اذا اناب الوايل عنه غيره في تنفيذ الواالة دون ان يكون مرخصاً له في ذلك
اان مسيولا عن عمل النايب اما لو اان هذا العمل قد صدر منه هو، ويكون الوايل ونايبه في
هذه الحالة متضامنين في المسيولية
.
)2
(اما اذا رخص للوايل في اقامة نايب عنه دون ان يعين
شخص النايب، فان الوايل لا يكون
مسيولا الا عن خطيه في اختيار نايبه، او عن خطيه فيما اصدره له من تعليمات
.
)3
(
ويجوز في الحالتين السابقتين للموال ولنايب الوايل ان يرجع ال منها مباشرة علي الاخر
.",864
civil_131_1948,القانون المدني,131,1948,709,مادة 709,general,False,,59,59,"–
)
1
(
الواالة تبرعية، ما لم يتفق علي غير ذلك صراحة
او يستخلص ضمناً من حالة
الوايل
.
)2
(
فاذا اتفق علي اجر للواالة اان هذا الاجر خاضعاً لتقدير القاضي، الا اذا دفع طوعاً بعد
تنفيذ الواالة
.",190
civil_131_1948,القانون المدني,131,1948,710,مادة 710,general,False,,59,59,"-
علي الموال ان يرد للوايل ما انفقه في تنفيذ الواالة التنفيذ المعتاد مع الفوايد من
وقت الانفاق مهما اان حظ الو
ايل من النجاح في تنفيذ الواالة
.
فاذا اقتضي تنفيذ الواالة ان يقدم
الموال للوايل مبالغ للاتفاق منها في شوون الواالة، وجب علي الموال ان يقدم هذه المبالغ اذا
طلب الوايل ذلك
.",282
civil_131_1948,القانون المدني,131,1948,711,مادة 711,general,False,,59,59,"- يكون الموال مسيولا عما اصاب الوايل من ضرر دون خطا منه بسبب تنفيذ الواالة

تنفيذاَ معتاداً
.",93
civil_131_1948,القانون المدني,131,1948,712,مادة 712,general,False,,59,59,"–
اذا وال اشخاص متعددون وايلا واحداً في عمل مشترك اان جميع الموالين
متضامنين قبل الوايل في تنفيذ الواالة ما لم يتفق علي غير ذلك
.",129
civil_131_1948,القانون المدني,131,1948,713,مادة 713,general,False,,59,59,"–
تطبق المواد من104
الي107
الخاصة بالنيابة في علاقة الموال والوايل بالغير
الذي يتعامل مع
الوايل
.
3
- انتهاء الواالة",116
civil_131_1948,القانون المدني,131,1948,714,مادة 714,general,False,,59,59,"–
ً تنتهي الواالة باتمام العمل الموال فيه او بانهاء الاجل المعين للواالة وتنتهي ايضا
بموت الموال او الوايل
.",108
civil_131_1948,القانون المدني,131,1948,715,مادة 715,optional,False,,59,60,"–
)
1
(
بجوز للموال في اي وقت ان ينهي الواالة او يقيدها ولو وجد اتفاق يخالف ذلك
.فاذا اانت الواالة باجر فان
الموال يكون ملزماً بتعويض الوايل عن الضرر الذي لحقه من
جراء في وقت غير مناسب او بغير عذر مقبول
.
)2
(
علي انه اذا اانت الواالة صادرة لصالح الوايل او لصالح اجنبي، فلا يجوز للموال ان
ينهي الواالة او يقيدها دون رضاء من صدرت الواالة لصالحة
.",345
civil_131_1948,القانون المدني,131,1948,716,مادة 716,mandatory,False,,60,60,"–
)
1
(يجو
ز للوايل ان ينزل في اي وقت عن الواالة ولو وجد اتفاق يخالف ذلك،
ويتم التنازل باعلانه للموال
.
فاذا اانت الواالة باجر فان الوايل يكون ملزماً بتعويض الموال
عن الضرر الذي لحقه من جراء التنازل في وقت غير مناسب وبغير عذر مقبول
.
)2
(غير انه لا يجوز للوايل ان ين
زل عن الواالة متي اانت صادرة لصالح اجنبي الا اذا وجدت
اسباب جدية تبرر ذلك علي ان يخطر الاجنبي بهذا التنازل، وان يهمله وقتاً ليتخذ ما يلزم
لصيانة مصالحه
.",420
civil_131_1948,القانون المدني,131,1948,717,مادة 717,mandatory,False,,60,60,"–
)
1
(
علي اي وجه اان انتهاء الواالة، يجب علي الوايل ان يصل بالاعمال التي
بداها الي حالة لا تت
عرض معها للتلف
.
)2
(
وفي حالة انتهاء الواالة بموت الوايل يجب علي ورثته، اذا توافرت فيهم الاهلية واانوا
علي علم بالواالة، ان يبادروا الي اخطار الموال بموت مورثهم وان يتخذوا من التدبيرات ما
تقتضيه الحال لصالح الموال
.
الفصل الرابع
–
الوديعة",335
civil_131_1948,القانون المدني,131,1948,718,مادة 718,mandatory,False,,60,60,"– الوديع
ة عقد يلتزم به شخص ان يتسلم شيياً من اخر علي ان يتولي حفظ هذا الشيء
وعلي ان يرده عيناً
.
1
- التزامات المودع عنده",122
civil_131_1948,القانون المدني,131,1948,719,مادة 719,general,False,,60,60,"–
)
1
(
علي المودع عنده ان يتسلم الوديعة
.
)2
(
ًوليس له ان يستعملها دون ان ياذن له المودع في ذلك صراحة او ضمنا
.",113
civil_131_1948,القانون المدني,131,1948,720,مادة 720,mandatory,False,,60,60,"–
)
1
(
اذا اانت
الوديعة بغير اجر وجب علي المودع عنده ان يبذل من العناية في حفظ
الشيء ما يبذله في حفظ ماله، دون ان يكلف في ذلك ازيد من عناية الرجل المعتاد
.
)2
(
اما اذا اانت الوديعة باجر فيجب ان يبذل في حفظ الوديعة عناية الرجل المعتاد
.
مادة
721
– يجب علي المودع عنده ان يحل
غيره محله في حفظ الوديعة دون اذن صريح من
المودع الا ان يكون مضطراً الي ذلك بسبب ضرورة ملجية عاجلة
.",375
civil_131_1948,القانون المدني,131,1948,722,مادة 722,mandatory,False,,60,60,"–
يجب علي المودع عنده ان يسلم الشيء الي المودع بمجرد طلبه الا اذا ظهر من
العقد ان الاجل عين لمصلحة المودع عنده
.
وللمودع عنده ان يلزم المودع بتسلم
الشيء في اي
وقت، الا اذا ظهر من العقد ان الاجل عين لمصلحة المودع
.",213
civil_131_1948,القانون المدني,131,1948,723,مادة 723,mandatory,False,,60,60,"–
اذا باع وارث المودع عنده الشيء المودع وهو حسن النية، فليس عليه لمالكه الا
رد ما قبضه من الثمن، او التنازل له عن حقوقه علي المشتري
.
واما اذا تصرف فيه تبرعاً فانه
يلتزم بقيمته و
قت التبرع
.
2
- التزامات المودع",210
civil_131_1948,القانون المدني,131,1948,724,مادة 724,general,False,,60,60,"–
الاصل في الوديعة ان تكون بغير اجر، فاذا اتفق علي اجر وجب علي المودع ان
يوديه انهاء الوديعة، ما لم يوجد اتفاق يقضي بغير ذلك
.",126
civil_131_1948,القانون المدني,131,1948,725,مادة 725,general,False,,60,60,"–
علي المودع ان يرد الي المودع عنده ما انفقه في حفظ الشيء، وعليه ان يعوضه
عن
ال ما لحقه من خسارة بسبب الوديعة
.
3
- بعض انواع الوديعة",133
civil_131_1948,القانون المدني,131,1948,726,مادة 726,general,False,,60,60,"–
اذا اانت الوديعة مبلغاً من النقود او اي شيء اخر مما يهلك بالاستعمال، واان
المودع عنده ماذوناً له في استعمال اعتبر العقد قرضاً
.",129
civil_131_1948,القانون المدني,131,1948,727,مادة 727,mandatory,False,,60,61,"–
)
1
(
يكون اصحاب الفنادق والخانات وماثلها فيما يجب
عليهم من عناية يحفظ
الاشياء التي ياتي بها المسافرون والنزلاء مسيولين حتي عن فعل المترددين علي الفندق او الخان

)2
(
غير انهم لا يكونون مسيولين فيما يتعلق بالنقود والاوراق المالية والاشياء الثمينة عن
ًتعويض يجاوز خمسين جنيها
.
ما لم يكونوا قد اخذوا علي عاتقهم
حفظ هذه الاشياء وهم يعرفون
قيمتها، او يكونوا قد رفضوا دون مسوغ ان يتسلموها عهدة في ذمتهم، او يكونوا قد تسببوا في
وقوع الضرر بخطا جسيم منهم او من احد تابعيهم
.",470
civil_131_1948,القانون المدني,131,1948,728,مادة 728,general,False,,61,61,"–
)
1
(
علي المسافر ان يخطر صاحب الفندق او الخان بسرقة الشيء او ضياعه او
تلفه بمجرد علم
ه بوقوع شيء من ذلك
.
فان ابطا في الاخطار دون مسوغ سقطت حقوقه
.
)2
(
وتسقط بالتقادم دعوي المسافر قبل صاحب الفندق او الخان بانقضاء ستة اشهر من اليوم
الذي يغادر فيه الفندق او الخان
.
الفصل الخامس
–
الحراسة",290
civil_131_1948,القانون المدني,131,1948,729,مادة 729,optional,False,,61,61,"– الحراسة عقد يعهد الطرفان بمقتضاه الي شخص اخر
بمنقول او عقار او مجموع
من المال يقوم في شانه نزاع او يكون الحق فيه غير ثابت
.
فيتكفل هذا الشخص بحفظه وبادارته
وبرده مع علته المقبوضة الي من يثبت له الحق فيه
.",206
civil_131_1948,القانون المدني,131,1948,730,مادة 730,optional,False,,61,61,"–
يجوز للقضاء ان يامر بالحراسة
:
) 1
( في الاحوال المشار اليها في المادة السابقة اذا ل
م يتفق ذوي الشان علي الحراسة
.
) 2
(
اذا اان صاحب المصلحة في منقول في منقول او عقار قد تجمع لديه من الاسباب المعقولة
ما يخشي معه خطراً عاجلاً من بقاء المال تحت يد حايزة
.
) 3
(
في الاحوال الاخري المنصوص عليها في القانون
.",308
civil_131_1948,القانون المدني,131,1948,731,مادة 731,general,False,,61,61,"– تجوز الحراسة القضايية ع
لي الاموال الموقوفة في الاحوال الاتية
:
) 1
(
اذا اان الوقف شاغراً او قام بين نظاره او نزاع من اشخاص يدعون حق النظر عليه او
اانت هناك دعوي مرفوعة بعزل الناظر، وال هذا اذا تبين ان الحراسة اجراء لابد منه
للمحافظة علي ما قد يكون لذوي الشان من الحقوق
.
وتنته
ي الحراسة في هذه الاحوال اذا عين
ناظر علي الوقف سواء ااان بصفة موقتة ام اان بصفة نهايية
.
) 2
(
ًاذا اان الوقف مدينا
.
) 3
(
اذا اان احد المستحقين مدنياً معسراً، وتكون الحراسة علي حصته وحدها ان امكن فرزها
ولو بقسمة موقتة، والا فعلي الوقف اله
.
ويشترط ان
تكون الحراسة في الحالين هي الوسيلة
الوحيدة لعدم ضياع حقوق الداينين بسبب سوء ادارة الناظر او سوء نيته
.",637
civil_131_1948,القانون المدني,131,1948,732,مادة 732,general,False,,61,61,"–
يكون تعيين الحارس سواء ااانت الحراسة اتفاقية ام اانت قضايية باتفاق ذوي
الشان جميعاُ، فاذا لم يتفقوا تولي القاضي تعيينه
.",122
civil_131_1948,القانون المدني,131,1948,733,مادة 733,general,False,,61,61,"– يحدد الات
فاق او الحكم القاضي بالحراسة ما علي الحارس من التزامات وما له من
حقوق وسلطة، والا فتطبق احكام الوديعة واحكام الواالة بالقدر الذي لا تتعارض فيه مع الاحكام
الاتية
:",174
civil_131_1948,القانون المدني,131,1948,734,مادة 734,mandatory,False,,61,61,"–
)
1
(
يلتزم الحارس بالمحافظة علي الاموال المعهودة اليه حراستها وبادارة هذه
الاموال
، ويجب ان يبذل في ال ذلك عناية الرجل المعتاد
.
)2
(
ولا يجوز له بطريق مباشر او غير مباشر ان يحل محله في اداء مهمته الها او بعضها احد
ذوي الشان دون رضاء الاخرين
.",246
civil_131_1948,القانون المدني,131,1948,735,مادة 735,mandatory,False,,61,61,"–
ً لا يجوز للحارس في غير اعمال الادارة ان يتصرف الا برضاء ذوي الشان جميعا
او بترخيص من
القضاء
.",96
civil_131_1948,القانون المدني,131,1948,736,مادة 736,general,False,,61,61,"–
للحارس ان يتقاضي اجراً ما لم يكن قد نزل عنه
.",47
civil_131_1948,القانون المدني,131,1948,737,مادة 737,mandatory,False,,61,61,"–
)
1
(
يلتزم الحارس باتخاذ دفاتر حساب منظمة ويجوز للقاضي الزامه باتخاذ دفاتر
موقع عليها من المحكمة
.
) 2
(ويلتزم ان يقدم لذوي الشان ال سنة علي الااثر حساباً بما تسلمه وبما انفقه، مع
ززاً بما
يثبت ذلك من مستندات واذا اان الحارس قد عينته المحكمة وجب عليه فوق ذلك ان يودع صورة
من هذا الحساب قلم اتابها
.",301
civil_131_1948,القانون المدني,131,1948,738,مادة 738,general,False,,61,62,"–
)
1
(
تنتهي الحراسة باتفاق ذوي الشان جميعاً او يحكم القضاء
.
)
2
(وعلي الحارس حينيذ ان يبادر الي رد الشيء المعهود اليه حراسته الي
من يختاره ذوي
الشان او من يعينه القاضي
.
الكتاب الثاني-
الباب الرابع- عقود الغرر

الباب الرابع

عقود الغرر

الفصل الاول
–
المقامرة والرهان",270
civil_131_1948,القانون المدني,131,1948,739,مادة 739,general,False,,62,62,"–
)
1
(يكون باطلا ال اتفاق خاص بمقامرة او رهان
.
)2
(ولمن خسر في مقامرة او رهان ان يسترد ما دفعه خلال ثلا
ث سنوات من الوقت الذي ادي
فيه ما خسره ولو اان هناك اتفاق يقضي بغير ذلك
.
وله ان يثبت ما اداه بجميع الطرق
.",212
civil_131_1948,القانون المدني,131,1948,740,مادة 740,general,False,,62,62,"-
)
1
(
ًيستثني من احكام المادة السابقة الرهان الذي يعقده فيما بينهم المتبارون شخصيا
في الالعاب الرياضية ولكن للقاضي ان يخفض قيمة هذا الرهان ا
ذا اان مبالغاً فيه
.
)2
(
ويستثني ايضاً ما رخص فيه قانوناً من اوراق النصيب
.
الفصل الثاني
–
المرتب مدي الحياة",252
civil_131_1948,القانون المدني,131,1948,741,مادة 741,mandatory,False,,62,62,"–
)
1
(
يجوز للشخص ان يلتزم بان يودي الي شخص اخر مرتباً دورياً مدي الحياة
بعوض او بغير عوض
.
)2
(
ويكون هذا الالتزام بعقد او بوصية
.",132
civil_131_1948,القانون المدني,131,1948,742,مادة 742,optional,False,,62,62,"–
)
1
(
يجوز ان يكون المرتب مقرراً مدي حياة الملتزم له او مدي حياة الملتزم او
مدي حياة شخص اخر
.
)2
(
ويعتبر المرتب مقرراً مدي حياة الملتزم له اذا لم يوجد اتفاق يقضي بغير ذلك
.",176
civil_131_1948,القانون المدني,131,1948,743,مادة 743,general,False,,62,62,"–
العقد الذي يقرر المرتب لا يكون صحيحاً الا اذا اان مكتوباً، وهذا دون
اخلال بما
يتطلبه القانون من شكل خاص لعقود التبرع
.",120
civil_131_1948,القانون المدني,131,1948,744,مادة 744,general,False,,62,62,"–
لا يصح ان يشترط عدم جواز الحجز علي المرتب الا اذا اان قد قرر علي سبيل
التبرع
.",80
civil_131_1948,القانون المدني,131,1948,745,مادة 745,general,False,,62,62,"–
)
1
(
لا يكون للمستحق حق في المرتب الا عن الايام التي عاشها من قرر المرتب
مدي حياته
.
)2
(علي انه اذا اشتر
ط الدفع مقدماً اان للمستحق حق في القسط الذي حل
.",157
civil_131_1948,القانون المدني,131,1948,746,مادة 746,general,False,,62,62,"-
اذا لم يقم المدين بالتزامه اان للمستحق ان يطلب تنفيذ العقد، فان اان العقد بعوض
جاز له ايضاً ان يطلب فسخه مع التعويض ان اان له محل
.
الفصل الثالث
–
عقد التامين

1
- احكام عامة",176
civil_131_1948,القانون المدني,131,1948,747,مادة 747,mandatory,False,,62,62,"–
التامين عقد
يلتزم المومن بمقتضاه ان يودي الي المومن له او الي المستفيد الذي
اشتراط التامين لصالحة مبلغاً من المال او ايراداً مرتباً او اي عوض مالي اخر في حالة وقوع
الحادث او تحقق الخطر المبين بالعقد وذلك في نظير قسط او اية دفعة مالية اخري يوديها المومن
له للمومن
.
ماد
ة 748
–
الاحكام المتعلقة بعقد التامين التي لم يرد ذارها في هذا القانون تنظمها القوانين
الخاصة
.",366
civil_131_1948,القانون المدني,131,1948,749,مادة 749,general,False,,62,62,"–
يكون محلا للتامين ال مصلحة اقتصادية مشروعة تعود علي الشخص من عدم
وقوع خطر معين
.",82
civil_131_1948,القانون المدني,131,1948,750,مادة 750,general,False,,62,63,"–
يقع باطلا ما يرد في وثيقة التامين من الشروط الاتية
:
) 1
(
الشرط الذي يقضي بسقوط الحق في التامين بسبب مخالفة القوانين واللوايح، الا اذا
انطوت هذه المخالفة علي جناية او جنحة عمدية
.
)
2
(
الشرط الذي يقضي بسقوط حق المومن بسبب تاخره في اعلان الحادث المومن منه الي
السلطات او في تقديم المستندات اذا تبين من الظروف ان
التاخر اان لعذر مقبول
.
) 3
(
ال شرط مطبوع لم يبرز بشكل ظاهر واان متعلقاً بحالة من الاحوال التي تودي الي
البطلان او السقوط
.
) 4
(
شرط التحكيم اذا ورد في الوثيقة بين شروطها العمة المطبوعة لا في صورة اتفاق خاص
منفصل عن الشروط العامة
.
) 5
( ال شرط تعسفي اخ
ر يتبين انه لم يكن لمخالفته اثر في وقوع الحادث المومن منه
.",630
civil_131_1948,القانون المدني,131,1948,751,مادة 751,mandatory,False,,63,63,"–
لا يلتزم المومن في تعويض المومن له الا عن الضرر الناتج من وقوع الحظر
المومن منه بشرط الا يجاوز ذلك قيمة التامين
.",115
civil_131_1948,القانون المدني,131,1948,752,مادة 752,general,False,,63,63,"–
)
1
(تسقط بالتقادم الدعاوي الناشية عن عقد التامين بانقضاء ثلا
ث سنوات من وقت
حدوث الواقعة التي تولدت عنها هذه الدعاوي
.
)2
(
ومع ذلك لا تسري هذه المدة
:
. ا
في حالة اخفاء بيانات متعلقة بالخطر المومن منه، او تقديم بيانات غير صحيحة او غير دقيقة
عن هذا الخطر الا من اليوم الذي علم فيه المومن بذلك
.
. ب
في حالة وقوع الحادث
المومن منه الا من اليوم الذي علم فيه ذوي الشان بوقوعه
.",377
civil_131_1948,القانون المدني,131,1948,753,مادة 753,general,False,,63,63,"–
يقع باطلا ال اتفاق يخالف احكام النصوص الواردة في هذه الفصل، الا ان يكون
ذلك لمصلحة المومن له او لمصلحة المستفيد
.
2
- بعض انواع التامين

التامين علي الحياة
:",159
civil_131_1948,القانون المدني,131,1948,754,مادة 754,mandatory,False,,63,63,"– المبالغ التي يلتزم ال
مومن في التامين علي الحياة بدفعها الي المومن له او الي
المستفيد عند وقوع الحادث المومن منه او حلول الاجل المنصوص عليه في وثيقة التامين تصبح
مستحقة من وقت وقوع الحادث او قوت حلول الاجل دون حاجة الي اثبات ضرر اصاب المومن
له او اصاب المستفيد
.",264
civil_131_1948,القانون المدني,131,1948,755,مادة 755,general,False,,63,63,"–
)
1
(
يقع باطلا التامين علي حياة الغير ما لم يوافق الغير عليه اتابة قبل ابرام العقد
.
فاذا اان هذا الغير لا تتوافر فيه الاهلية فلا يكون العقد صحيحاً الا بموافقة من يمثله قانوناً
.
)2
(وتكون هذه الموافقة لازمة لصحة حوالة الحق في الاستفادة من التامين او لصحة رهن ه
ذا
الحق
.",274
civil_131_1948,القانون المدني,131,1948,756,مادة 756,mandatory,False,,63,63,"–
)
1
(
تبرا ذمة المومن من التزامه بدفع مبلغ التامين اذا انتحر الشخص المومن علي
حياته
.
ومع ذلك يلتزم المومن ان يدفع لمن يوول اليهم الحق مبلغاً يساوي قيمة احتياطي التامين

)2
(فاذا اان سبب الانتحار مرضاً افقد المريض ارادته، بقي التزام الم
ومن قايماً باامله
.
وعلي
المومن ان يثبت ان المومن علي حياته مات منتحراً
.
وعلي المستفيد ان يثبت ان المومن علي
حياته اان وقت انتحاره فاقد الارادة
.
) 3
(
واذا اشتملت وثيقة التامين علي شرط يلزم المومن بدفع مبلغ التامين ولو اان انتحار
الشخص عن اختيار وادراك،
فلا يكون هذا الشرط نافذاً الا اذا وقع الانتحار بعد سنتين من
تاريخ العقد
.",568
civil_131_1948,القانون المدني,131,1948,757,مادة 757,optional,False,,63,63,"–
)
1
(
اذا اان التامين علي حياة شخص غير المومن له، برثت ذمة المومن من
التزاماته متي تسبب المومن له عمداً في وفاة ذلك الشخص، او وقعت الوفاة بناء علي تحريض
منه
.
)2
(واذا اا
ن التامين علي الحياة لصالح غير المومن له، فلا يستفيد هذا الشخص من التامين اذا
تسبب عمداً في وفاة الشخص المومن علي حياته، او وقعت الوفاة بناء علي تحريض منه
.
فاذا
اان ما وقع من هذا الشخص مجرد شروع في احداث الوفاة، اان للمومن له الحق في ان يستبدل
بالمستفي
د شخصاً اخر، ولو اان المستفيد قد قبل ما اشتراط لمصلحته من تامين
.",492
civil_131_1948,القانون المدني,131,1948,758,مادة 758,optional,False,,63,64,"–
)
1
(
يجوز في التامين علي الحياة الاتفاق علي ان يدفع مبلغ التامين، اما الي
اشخاص معينين، واما الي اشخاص يعينهم المومن له فيما بعد
.
)2
(ويعتبر التامين معقوداً لمصلحة مستفيدين معي
نين اذا ذار المومن له في الوثيقة ان التامين
معقود لمصلحة زوجه او اولاده او فروعه، من ولد منهم ومن لم يولد، او لورثته دون ذار
اسمايهم
.
فاذا اان التامين لصالح الورثة دون ذار اسمايهم اان لهولاء الحق في مبلغ التامين ال
بنسبة نصيبه في الميراث
.
ويثبت لهم هذا
الحق ولو نزلوا عن الارث
.
)3
(
ويقصد بالزوج الشخص الذي تثبت له هذه الصفة وقت وفاة المومن له، ويقصد بالاولاد
الفروع الذين يثبت لهم في ذلك الوقت حق الارث
.",589
civil_131_1948,القانون المدني,131,1948,759,مادة 759,optional,False,,64,64,"–
يجوز للمومن له الذي التزم بدفع اقساط دورية، ان يتحلل في اي وقت من العقد
باخطار اتابي يرسل
ه الي المومن قبل انتهاء الفترة الجارية، وفي هذه الحالة تبرا ذمته من
الاقساط اللاحقة
.",177
civil_131_1948,القانون المدني,131,1948,760,مادة 760,optional,False,,64,64,"–
)
1
(
في العقود المبرمة مدي الحياة دون اشتراط بقاء المومن علي حياته حياً مدة
معينة، وفي جميع العقود المشترط فيها دفع مبلغ التامين بعد عدد معين من السنين، يجوز
للمومن له متي اان قد دفع ثلاثة اقساط سنوية علي الاقل ان يستبدل بالوثيقة الاصلية وثيقة
مدفوعة في مقابل تخفيض في قيمة مبلغ التامين ولو اتفق علي غير ذلك
.
ال هذا بشرط ان يكون
الحادث المومن منه محقق الوقوع
.
)2
(ولا يكون قابلا للتخفيض التامين علي الحياة اذا اان
موقتاً
.",427
civil_131_1948,القانون المدني,131,1948,761,مادة 761,mandatory,False,,64,64,"–
اذا خفض التامين في يجوز ان ينزل عن الحدود الاتية
:
( ا )
في العقود المبرمة مدي الحياة لا يجوز ان يقل مبلغ التامين المخفض عن القيمة التي اان
يستحقها المومن له لو اان قد دفع ما يعادل احتياطي التامين في تاريخ التخفيض مخصوماً منه
1
%من مبل
غ التامين الاصلي، باعتبار ان هذا المبلغ هو مقابل التامين الذي يجب دفعه مرة
واحدة في تامين من ذات النوع وطبقاً لتعريفة التامين التي اانت مرعية في عقد التامين الاصلي
.
)
( ب
في العقود المتفق فيها علي مبلغ التامين بعد عدد معين من السنين، ولا يجوز ان يقل مبل
غ
التامين المخفض عن جزء من مبلغ التامين الاصلي بنسبة ما دفع من اقساط
.",563
civil_131_1948,القانون المدني,131,1948,762,مادة 762,optional,False,,64,64,"–
)
1
(
يجوز ايضاً للمومن له، متي اان قد دفع ثلاثة اقساط سنوية علي الاقل، ان
يصفي التامين بشرط ان يكون الحادث المومن منه محقق الوقوع
.
)2
(
ًولا يكون قابلا للتصفية، التامين علي
الحياة اذا اان موقتا
.",199
civil_131_1948,القانون المدني,131,1948,763,مادة 763,general,False,,64,64,"–
تعتبر شروط التخفيض والتصفية جزءاً من الشروط العامة للتامين ويجب ان تذار
في وثيقة التامين
.",92
civil_131_1948,القانون المدني,131,1948,764,مادة 764,mandatory,False,,64,64,"–
)
1
(
لا يترتب علي البيانات الخاطية ولا علي الغلط في سن الشخص الذي عقد
التامين علي حياته بطلان التامين، الا اذا اانت السن
الحقيقة للمومن عليه تجاوز الحد المعين
الذي نصت عليه تعريفة التامين
.
)2
(
وفي غير ذلك من الاحوال، اذا ترتب علي البيانات الخاطية او الغلط، ان القسط المتفق
عليه اقل من القسط الذي اان يجب اداوه، وجب تخفيض مبلغ التامين بما يتعادل مع النسبة بين
القسط المتفق
عليه والقسط الواجب اداوه علي اساس السن الحقيقة
.
)3
(
اما اذا اان القسط المتفق علي دفعه اابر مما اان يجب دفعه علي اساس السن الحقيقة للومن
علي حياته، وجب علي المومن ان يرد دون فوايد، الزيادة التي حصل عليها، وان يخفض
الاقساط التالية الي الحد الذي يتناسب مع
السن الحقيقية للمومن عليه
.",659
civil_131_1948,القانون المدني,131,1948,765,مادة 765,general,False,,64,64,"–
في التامين علي الحياة لا يكون للمومن الذي دفع مبلغ التامين حق في الحلول محل
له او المستفيد في حقوقه قبل من تسبب في الحادث المومن منه او قبل المسيول عن هذا الحادث
.
التامين من الحريق
:",185
civil_131_1948,القانون المدني,131,1948,766,مادة 766,optional,False,,64,65,"–
)
1
(في التامين من ال
حريق يكون المومن مسيولا عن اافة الاضرار الناشية عن
حريق، او عن بداية حريق يمكن ان يصبح حريقا ااملا، او عن خطر حريق يمكن ان يتحقق
.
)2
(
ولا يقتصر التزامه علي الاضرار الناشية مباشرة عن الحريق بل يتناول ايضا الاضرار
التي تكون نتيجة حتمية لذلك، وبالاخص ما ي
لحق الاشياء المومن عليها من ضرر بسبب اتخاذ
وسايل الانقاذ او لمنع امتداد الحريق
.
)3
(
ويكون مسيولا عن ضياع الاشياء المومن عليها او اختفايها اثناء الحريق ما لم يثبت ان ذلك
اان نتيجة سرقة، ال هذا ولو اتفق علي غيره
.",492
civil_131_1948,القانون المدني,131,1948,767,مادة 767,general,False,,65,65,"– يضمن المومن تعويض الاضرار الناج
مة عن الحريق ولو نشا هذا الحريق عن
عيب في الشيء المومن عليه
.",95
civil_131_1948,القانون المدني,131,1948,768,مادة 768,general,False,,65,65,"–
)
1
(
يكو المومن مسيولا عن الاضرار الناشية عن خطا المومن له غير المتعمد
.
واذلك يكون مسيولا عن الاضرار الناجمة من حادث مفاجي او قوة قاهرة
.
)2
(اما الخساير والاضرار التي يحدثها المومن له
عمدا او غشا، فلا يكون المومن مسيولا عنها
ولو اتفق علي غير ذلك
.",252
civil_131_1948,القانون المدني,131,1948,769,مادة 769,general,False,,65,65,"–
يسال المومن عن الاضرار التي تسبب فيها الاشخاص الذين يكون المومن له
مسيولا عنهم، مهكن بها نوع خطيهم ومداه
.",108
civil_131_1948,القانون المدني,131,1948,770,مادة 770,optional,False,,65,65,"–
)
1
(
اذا اان الشيء المومن عليه مثقلا برهن حيازي او رهن تاميني
او غير ذلك
من التامينات العينية، انتقلت هذه الحقوق الي التعويض المستحق للمدين بمقتضي عقد التامين
.
)2
(
فاذا شهرت هذه الحقوق او اعلنت الي المومن ولو بكتاب موصي عليه، فلا يجوز له ان
يدفع ما في ذمته للمومن له الا برضاء الداينين
.
)3
(فاذا حجز علي الشيء الموم
ن عليه او وضع هذا الشيء تحت الحراسة، فلا يجوز للمومن
اذا اعلن بذلك علي الوجه المبين في الفقرة السابقة ان يدفع للمومن له شييا مما في ذمته
.",460
civil_131_1948,القانون المدني,131,1948,771,مادة 771,general,False,,65,65,"–
يحل المومن قانونا بما دفعه من تعويض عن الحريق في الدعاوي التي تكون
للمومن له قبل من تسبب بفعله في الضرر ال
ذي نجمت عنه مسيولية المومن، ما لم يكن من
احدث الضرر قريباً او صهرا للمومن له ممن يكونون معه في معيشة واحدة، او شخصا يكون
المومن له مسيولا عن افعاله
.
الكتاب الثاني -
الباب الخامس- الكفالة

الباب الخامس

الكفالة

الفصل الاول
–
اراان الكفالة",348
civil_131_1948,القانون المدني,131,1948,772,مادة 772,general,False,,65,65,"– ا
لكفالة عقد بمقتضاه يكفل شخص تنفيذ التزام بان يتعهد للداين بان يفي بهذا الالتزام
اذا لم يف به المدين نفسه
.",110
civil_131_1948,القانون المدني,131,1948,773,مادة 773,general,False,,65,65,"–
لا تثبت الكفالة الا بالكتابة، ولو اان من الحايز اثبات الالتزام الاصلي بالبينة
.",81
civil_131_1948,القانون المدني,131,1948,774,مادة 774,general,False,,65,65,"– اذا التزم بتقديم افيل، وجب ان يقدم شخصاً موسرا
ومقيما في مصر
.
وله ان يقدم
عوضا عن الكفيل تامينا عينيا اافيا
.",112
civil_131_1948,القانون المدني,131,1948,775,مادة 775,general,False,,65,65,"–
تجوز افالة المدين بغير عمله، وتجوز ايضا رغم معارضته
.",55
civil_131_1948,القانون المدني,131,1948,776,مادة 776,general,False,,65,65,"–
لا تكون الكفالة صحيحة الا اذا اان الالزام المكفول صحيحا
.",59
civil_131_1948,القانون المدني,131,1948,777,مادة 777,general,False,,65,65,"– من افل التزام ناقص الاهلية واانت الكفالة بسبب
نقص الاهلية، اان ملزما بتنفيذ
الالتزام اذا لم ينفذه المدين المكفول
.",116
civil_131_1948,القانون المدني,131,1948,778,مادة 778,general,False,,65,65,"–
)
1
(
تجوز الكفالة في الدين المستقبل اذا حدد مقدما المبلغ المكفول، اما تجوز
الكفالة في الدين الشرطي
.
)2
(علي انه اذا اان الكفيل في الدين المستقبل لم يعين مدة للكفالة، اان له
في اي وقت ان يرجع
فيها مادام الدين المكفول لم ينشا
.",229
civil_131_1948,القانون المدني,131,1948,779,مادة 779,general,False,,65,65,"–
)
1
(
افالة الدين التجاري تعتبر عملا مدنيا ولو اان الكفيل تاجرا
.
)2
(
علي ان الكفالة الناشية عن ضمان الاوراق التجارية ضمانا احتياطيا او عن تظهير هذه
الاوراق، تعتبر دايما عملا تجاريا
.",186
civil_131_1948,القانون المدني,131,1948,780,مادة 780,general,False,,66,66,"–
)
1
(
لا تجوز الكفالة في مبلغ اابر مما هو مستحق علي المدين، ولا بشرط اشد من
شروط الدين المكفول
.
)2
(
ولكن تجوز الكفالة في مبلغ اقل وبشروط اهون
.",147
civil_131_1948,القانون المدني,131,1948,781,مادة 781,general,False,,66,66,"–
اذا لم يكن هناك انفاق خاص، فان الكفالة تشمل ملحقات الدين، ومصروفات
المطالبة الاولي، وما يستجد م
ن المصروفات بعد اخطار الكفيل
.
الفصل الثاني
–
اثار الكفالة

1
- العلاقة ما بين الكفيل والداين",191
civil_131_1948,القانون المدني,131,1948,782,مادة 782,general,False,,66,66,"–
)
1
(
يبرا الكفيل بمجرد براءة المدين، وله ان يتمسك بجميع الاوجه التي يحتج بها
المدين
.
)2
(علي انه اذا اان الوجه الذي يحتج به المدين هو نقض اهليته واان ال
كفيل عالما بذلك وقت
التعاقد، فليس له ان يحتج بهذا الوجه
.",214
civil_131_1948,القانون المدني,131,1948,783,مادة 783,general,False,,66,66,"–
اذا قبل الداين ان يستوفي في مقابل الدين شييا اخر بريت ذمة الكفيل ولو استحق هذا
الشيء
.",88
civil_131_1948,القانون المدني,131,1948,784,مادة 784,general,False,,66,66,"–
)
1
(
تبرا ذمة الكفيل بقدر ما اضاعه الداين بخطيه من الضمانات
.
)2
(ويقصد بالضمانات في هذه
المادة ال تامين يخصص لضمان الدين ولو تقرر بعد الكفالة،
وال تامين مقرر بحكم القانون
.",176
civil_131_1948,القانون المدني,131,1948,785,مادة 785,general,False,,66,66,"–
)
1
(
لا تبرا ذمة الكفيل لمجرد ان الداين تاخر في اتخاذ الاجراءات او لمجرد انه لم
يتخذها
.
)2
(علي ان ذمة الكفيل تبرا اذا لم يقم الداين باتخاذ الاجراءات ضد المدي
ن خلال ستة اشهر نم
انذار الكفيل للداين ؟، ما لم يقدم المدين للكفيل ضمانا اافيا
.",243
civil_131_1948,القانون المدني,131,1948,786,مادة 786,general,False,,66,66,"–
اذا افلس المدين وجب علي الداين ان يتقدم في التفليسة بالدين
.
والا سقط حقه في
الجوع علي الكفيل بقدر ما اصاب هذا الاخير من ضرر بسبب اهمل الداين
.",145
civil_131_1948,القانون المدني,131,1948,787,مادة 787,mandatory,False,,66,66,"–
)
1
(يلتزم
الداين بان يسلم الكفيل وقت وفايه الدين المستندات اللازمة لاستعمال حقه
في الرجوع
.
)2
(
فاذا اان الدين مضمونا بمنقول مرهون او محبوس، وجب علي الداين ان يتخلي عنه للكفيل

)3
(اما اذا اان الدين مضمونا بتامين عقاري، فان الداين يلتزم ان يقوم بالاجراءات اللازمة
لنقل
هذا التامين، ويتحمل الكفيل مصروفات النقل علي ان يرجع بها علي المدين
.",342
civil_131_1948,القانون المدني,131,1948,788,مادة 788,mandatory,False,,66,66,"–
)
1
(
لا يجوز للداين ان يرجع علي الكفيل وحده الا بعد رجوعه علي المدين
.
)2
(
ولا يجوز له ان ينفذ علي اموال الكفيل الا بعد تجريده المدين من امواله، ويجب علي الكفيل
في هذه
الحالة ان يتمسك بهذا الحق
.",199
civil_131_1948,القانون المدني,131,1948,789,مادة 789,general,False,,66,66,"–
)
1
(
اذا طلب الكفيل التجريد، وجب عليه ان يقوم علي نفقته بارشاد الداين الي
اموال للمدين تفي بالدين اله
.
)2
(
ولا عبره بالاموال التي يدل عليها الكفيل، اذا اانت هذه الاموال تقع خارج الاراضي
المصرية، او اانت اموالا متنا
زع فيها
.",229
civil_131_1948,القانون المدني,131,1948,790,مادة 790,general,False,,66,66,"–
في ال الاحوال التي يدل فيها الكفيل علي اموال المدين، يكون الداين مسيولا قبل
الكفيل عن اعسار المدين الذي يترتب علي عدم اتخاذه الاجراءات اللازمة في الوقت المناسب
.",163
civil_131_1948,القانون المدني,131,1948,791,مادة 791,optional,False,,66,66,"– اذا اان هناك تامين عيني خصص قانونا او اتفاقا لضمان الذين وقدم
ت افالة بعد
هذا التامين او معه ولم يكن الكفيل متضامنا مع المدين، فلا يجوز التنفيذ علي اموال الكفيل الا
بعد التنفيذ علي الاموال التي خصصت لهذا التامين
.",215
civil_131_1948,القانون المدني,131,1948,792,مادة 792,optional,False,,66,66,"–
)
1
(
اذا تعدد الكفلاء لدين واحد وبعقد واحد واانوا غير متضامنين فيما بينهم، قسم
الدين عليهم،
ولا يجوز للداين ان يطالب ال افيل الا بقدر نصيبه في الكفالة
.
)2
(
اما اذا اان الكفلاء قد التزموا بعقود متوالية، فان ال واحد منهم يكون مسيولا عن الدين اله
، الا اذا اان قد احتفظ لنفسه بحق التقسيم
.",291
civil_131_1948,القانون المدني,131,1948,793,مادة 793,mandatory,False,,67,67,"– لا يجوز للكفيل المتضامن مع المدين ان يطلب التجري
.د",53
civil_131_1948,القانون المدني,131,1948,794,مادة 794,optional,False,,67,67,"–
يجوز للكفيل المتضامن ان يتمسك بما يتمسك به الكفيل غير المتضامن من دفوع
متعلقة بالدين
.",88
civil_131_1948,القانون المدني,131,1948,795,مادة 795,general,False,,67,67,"–
في الكفالة القضايية او القانونية يكون الكفلاء دايما متضامنين
.",64
civil_131_1948,القانون المدني,131,1948,796,مادة 796,general,False,,67,67,"– اذا اان الكفلاء متضامنين فيما بينهم وفي احدهم الدين عند حلوله، اان ل
ه ان يرجع
علي ال من الباقين بحصته في الدين وبنصيبه في حصة المعسر منهم
.",142
civil_131_1948,القانون المدني,131,1948,797,مادة 797,mandatory,False,,67,67,"–
تجوز افالة الكفيل، وفي هذه الحالة لا يجوز للداين ان يردع علي افيل الكفيل قبل
رجوعه علي الكفيل الا اذا اان افيل الكفيل متضامنا مع الكفيل
.
2
- العلاقة ما بين الكفيل والمدين

م
ادة 798
–
)
1
(
يجب علي الكفيل ان يخطر المدين قبل ان يقوم بوفايه الدين، والا سقط حقه في
الرجوع علي المدين اذا اان هذا قد وفي الدين او اانت عنده وقت الاستحقاق اسباب تقضي
ببطلان الدين او بانقضايه
.
)2
(فاذا لم يعارض المدين في الوفاء، بقي للكفيل حقه في الرجوع
عليه ولو اان المدين قد دفع
الدين او اانت لديه اسباب تقضي ببطلانه او بانقضايه
.",512
civil_131_1948,القانون المدني,131,1948,799,مادة 799,general,False,,67,67,"–
اذا وفي الكفيل الدين، اان له ان يحل محل الداين في جميع ماله من حقوق قبل
المدين
.
ولكن اذا لم يوف الا بعض الدين، فلا يرجع بما وفاه الا بعد ان يستوفي الداين ال حقه
م
ن المدين
.",176
civil_131_1948,القانون المدني,131,1948,800,مادة 800,general,False,,67,67,"–
)
1
(
للكفيل الذي وفي الدين ان يرجع علي المدين سواء اانت الكفالة قد عقدت بعمله
او بغير علمه
.
)2
(
ويرجع باصل الدين وبالفوايد والمصروفات، علي انه في المصروفات لا يرجع الا بالذي
دفعه من وقت اخباره المدين الاصلي بالاجراءات التي اتخذت ضده
.
)3
(
ويكون للكفيل الحق في الفوايد القانونية عن ال ما قام بدفعة ابتداء من يوم الدفع
.",324
civil_131_1948,القانون المدني,131,1948,801,مادة 801,general,False,,67,67,"–
اذا تعدد المدينون في دين واحد واانوا متضامنين، فللكفيل الذي ضمنهم جميعا ان
يرجع علي اي منهم بجميع ما وفاه من الدين
.
القسم الثان
ي - الحقوق العينية

الكتاب الثالث- الحقوق العينية الاصلية

الكتاب الثالث-
الباب الاول-
حق الملكية

القسم الثاني

الحقوق العينية

الكتاب الثالث

الحقوق العينية الاصلية

الباب الاول

حق الملكية

الفصل الاول حق الملكية بوجه العام

1.نطاقه ووسايل حمايت
ه",381
civil_131_1948,القانون المدني,131,1948,802,مادة 802,general,False,,67,67,"–
لمالك الشيء وحده، في حدود القانون، حق استعماله واستغلاله والتصرف فيه
.",72
civil_131_1948,القانون المدني,131,1948,803,مادة 803,optional,False,,67,68,"–
)
1
(
مالك الشيء يملك ال ما يعد من عناصره الجوهرية بحيث لا يمكن فصله عنه
دون ان يهلك او يتلف او يتغير
.
)2
(
وملكية الارض تشمل ما فوقها وما تحتها الي الحد المفيد
في التمتع بها، علوا او عمقا
.
)3
(
ويجوز بمقتضي القانون او الاتفاق ان تكون ملكية سطح الارض منفصلة عن ملكية ما فوقها
او ما تحتها
.",293
civil_131_1948,القانون المدني,131,1948,804,مادة 804,general,False,,68,68,"–
لمالك الشيء الحق في ال ثماره ومنتجاته وملحقاته ما لم يوجد نص او اتفاق
يخالف ذلك
.",83
civil_131_1948,القانون المدني,131,1948,805,مادة 805,mandatory,False,,68,68,"–
لا يجوز ان يحرم احد من
ملكه الا في الاحوال التي يقررها القانون، وبالطريقة
التي يرسمها، يكون ذلك في مقابل تعويض عادل
.
2
- القيود التي ترد علي حق الملكية",154
civil_131_1948,القانون المدني,131,1948,806,مادة 806,general,False,,68,68,"–
ان يراعي في استعمال حقه ما تقضي به القوانين والمراسيم واللوايح المتعلقة
بالمصلحة العامة او بالمصلحة الخاصة
.
وعليه
ايضا مراعاة الاحكام الاتية
:",145
civil_131_1948,القانون المدني,131,1948,807,مادة 807,optional,False,,68,68,"–
)
1
(
علي المالك الا يغلو في استعمال حقه الي حد يضر بملك الجار
.
)2
(
وليس للجار ان يرجع علي جاره في مضار الجوار المالوفة التي لا يمكن تجنبها، وانما له
ان يطلب ازالة هذه المضار اذا تجاوزت الحد المالوف، علي ان يراعي ف
ي ذلك العرف،
وطبيعة العقارات وموقع ال منها بالنسبة الي الاخر، والغرض الذي خصصت له
.
ولا يحول
الترخيص الصادر من الجهات المختصة دون استعمال هذا الحق
.",367
civil_131_1948,القانون المدني,131,1948,808,مادة 808,optional,False,,68,68,"–
)
1
(
من انشا مسقاة او مصرفا خصوصيا طبقاً للوايح الخاصة بذلك اان له وحده
حق استعمالها
.
)2
(ومع ذ
لك يجوز للملاك المحاورين ان يستعملوا المسقاة او المصرف فيما تحتاجه اراضيهم
من ري او صرف، بعد ان يكون مالك المسقاة او المصرف قد استوفي حاجته منها
.
وعلي
الملاك المجاورين في هذه الحالة ان يشتراوا في نفقات انشاء المقساة او المصرف وصيانتهما
بنسبة مساحة اراضيه
م التي تنتفع منها
.",375
civil_131_1948,القانون المدني,131,1948,809,مادة 809,mandatory,False,,68,68,"–
يجب علي مالك الارض ان يسمح بان تمر بارضه المياه الكافية لري الاراضي
البعيدة عن مورد المياه، واذلك مياه الصرف الاتية من الاراضي المجاورة لتصب في اقرب
مصرف عمومي، بشرط ان يعوض عن ذلك تعويضا عادلا
.",197
civil_131_1948,القانون المدني,131,1948,810,مادة 810,general,False,,68,68,"– اذا اصاب الارض ضرر
من مسقاة او مصرف يمر بها، سواء اان ذلك ناشيا عن
عدم التطهير ام عن سوء حالة الجسور، فان لمالك الارض ان يطلب تعويضا اافيا عما اصابه
من ضرر
.",159
civil_131_1948,القانون المدني,131,1948,811,مادة 811,general,False,,68,68,"–
اذا لم يتفق المنتفعون بمسقاة او مصرف علي القيام بالاصلاحات الضرورية، جاز
الزامهم بالاشتراك فيها بناء ع
لي طلب اي واحد منهم
.",126
civil_131_1948,القانون المدني,131,1948,812,مادة 812,penalty,False,,68,68,"–
)
1
(
مالك الارض المحبوسة عن الطريق العام، او التي لا يصلها بهذا الطريق ممر
ااف اذا اان لا يتيسر له الوصول الي ذلك الطريق الا بنفقة باهظة او مشقة ابيرة، له حق
المرور في الاراضي المجاورة بالقدر اللازم لاستغلال ارضه واستعماله
ا علي الوجه المالوف،
مادامت هذه الارض محبوسة عن الطريق العام، وذلك في نظير تعويض فيه اخف ضررا وفي
موضع منه يتحقق فيه ذلك
.
)2
(
علي انه اذا اان الحبس عن الطريق العام ناشيا عن تجزية عقار تمت بناء علي تصرف
قانوني، واان من المستطاع ايجاد ممر ااف في اجزاء هذ
ا العقار، فلا تجوز المطالبة بحق
المرور الا في هذه الاجزاء
.",540
civil_131_1948,القانون المدني,131,1948,813,مادة 813,general,False,,68,68,"–
لكل مالك ان يجبر جاره علي وضع حدود لاملااهما المتلاصقة، وتكون نفقات
التجديد شراة بينهما،",90
civil_131_1948,القانون المدني,131,1948,814,مادة 814,general,False,,68,68,"–
)
1
(
لمالك الحايط المشترك ان يستعمله بحسب الغرض الذي اعد له، وان يضع
فوقه عوارض لي
سند عليها السقف دون ان يحمل الحايط فوق طاقته
.
)2
(
فاذا لم يعد الحايط المشترك صالحا للغرض الذي خصص له عادة، فنفقة اصلاحه او تجديده
علي الشرااء، ال بنسبة حصته فيه
.",250
civil_131_1948,القانون المدني,131,1948,815,مادة 815,mandatory,False,,68,69,"–
)
1
(
للمالك اذا اانت له مصلحة جدية في تعلية الحايط المشترك ان يعليه، بشرط
الا ي
لحق بشريكه ضررا بليغا، وعليه وحده ان ينفق علي التعلية وصيانة الجزء المعلي، وعمل
ما يلزم لجعل الحايط يتحمل زيادة العبء الناشي عن التعلية دون ان يفقد شييا من متانته
.
)2
(
فاذا لم يكن الحايط المشترك صالحا لتحمل التعلية، فعلي من يرغب فيها من الشرااء ان
يعيد
بناء الحايط اله علي نفقته، بحيث يقع ما زاد من سمكه في ناحيته هو بقدر الاستطاعة،
ويظل الحايط المجدد في غير الجزء المعلي مشتراا، دون ان يكون للجار الذي احدث التعلية
حق في التعويض
.",516
civil_131_1948,القانون المدني,131,1948,816,مادة 816,general,False,,69,69,"– للجار الذي لم يساهم في نفقات التعلية ان يصبح شريكا في الجزء ا
لمعلي اذا هو دفع
نصف ما اتفق عليه وقيمة نصف الارض التي تقوم عليها زيادة السمك ان اانت هناك زيادة
.",162
civil_131_1948,القانون المدني,131,1948,817,مادة 817,general,False,,69,69,"–
الحايط الذي يكون في وقت انشايه فاصلا بين بنايين يعد مشتراا حتي مفرقهما، ما
لم يقم دليل علي العكس
.",100
civil_131_1948,القانون المدني,131,1948,818,مادة 818,general,False,,69,69,"–
)
1
(ليس لجار ان يجبر جاره علي تحوي
ط ملكه ولا علي النزول عن جزء من حايط",74
civil_131_1948,القانون المدني,131,1948,816,مادة 816,general,False,,69,69,".

)
2
(
ومع ذلك فليس لمالك الحايط ان يهدمه مختارا دون عذر قوي ان اان هذا يضر الجار الذي
يستر ملكه بالحايط
.",108
civil_131_1948,القانون المدني,131,1948,819,مادة 819,mandatory,False,,69,69,"–
)
1
(لا يجوز للجار ان يكون له علي جا
ره مطل مواجه علي مسافة تقل عن متر،
وتقاس المسافة من ظهر الحايط الذي فيه المطل، او من حافة المشربة او الخارجة
.
)2
(
واذا اسب احد بالتقادم الحق في مطل مواجه لملك الجار علي مسافة تقل عن متر، فلا يحق
لهذا الجار ان يبني علي اقل من متر يقاس بالطريقة السابق بي
انها، وذلك علي طول البناء الذي
فتح فيه المطل",338
civil_131_1948,القانون المدني,131,1948,820,مادة 820,mandatory,False,,69,69,"–
لا يجوز ان يكون للجار علي جاره مطل منحرف علي مسافة تقل عن خمسين
سنتيمترا من حرف المطل
.
ولكن يرتفع هذا الحظر اذا اان المطل المنحرف علي العقار
المجاور هو في الوقت ذاته مطل مواجه للطريق العام
.",193
civil_131_1948,القانون المدني,131,1948,821,مادة 821,definition,False,,69,69,"–
لا تشترط اية مسافة لفتح المناور، وهي التي تعلو قاعدتها عن قامة الانسان
المعتادة، ولا يقصد بها الا مرور الهواء ونفاذ النور، دون ان يستطاع الاطلال منها علي العقار
المجاور
.",172
civil_131_1948,القانون المدني,131,1948,822,مادة 822,mandatory,False,,69,69,"–
المصانع والابار والالات البخارية وجميع المحال المضرة بالجيران يجب
ان تنشا
علي المسافات المبينة في اللوايح وبالشروط التي تفرضها
.",130
civil_131_1948,القانون المدني,131,1948,823,مادة 823,optional,False,,69,69,"–
)
1
(
اذا تضمن العقد او الوصية شرطا يقضي بمنع التصرف في مال، فلا يصح
هذا الشرط ما لم يكن مبينا علي باعث مشروع، ومقصورا علي مدة معقولة
.
)2
(
ويكون الباعث مشروعا متي اان المراد بالمنع
من التصرف حماية مصلحة مشروعة
للمتصرف او للمتصرف اليه او الغير
.
)3
(
والمدة المعقولة يجوز ان تستغرق مدي حياة المتصرف او المتصرف اليه او الغير
.",328
civil_131_1948,القانون المدني,131,1948,824,مادة 824,general,False,,69,69,"-
اذا اان شرط المنع من التصرف الوارد في العقد او الوصية صحيحا طبقا لاحكام
المادة السابقة، فكل تصرف مخالف
له يقع باطلا
.
3
- الملكية الشايعة

احكام الشيوع
:",155
civil_131_1948,القانون المدني,131,1948,825,مادة 825,general,False,,69,69,"–
اذا ملك اثنان او ااثر شييا غير مفرزة حصة ال منهم فيه، فهم شرااء علي الشيوع
، وتحسب الحصص متساوية اذا لم يقم دليل علي غير ذلك
.",128
civil_131_1948,القانون المدني,131,1948,826,مادة 826,general,False,,69,69,"–
)
1
(ال شريك في الشيوع يملك حصته ملكا تاما، وله ان يتصرف
فيها وان
يستولي علي ثمارها وان يستعملها بحيث لا يلحق الضرر بحقوق ساير الشرااء
.
)2
(
واذا اان التصرف منصبا علي جزء مفرز من المال الشايع ولم يقع هذا الجزء عند القسمة
في نصيب المتصرف، انتقل حق المتصرف اليه من وقت التصرف الي الجزء الذي الي
المتصرف بطريق القس
مة وللمتصرف اليه، اذا اان يجهل ان المتصرف لا يملك العين
المتصرف فيها مفرزة، الحق في ابطال التصرف
.",413
civil_131_1948,القانون المدني,131,1948,827,مادة 827,general,False,,70,70,"–
تكون اداره المال الشايع من حق الشرااء مجتمعين ما لم يوجد اتفاق يخالف ذلك
.",76
civil_131_1948,القانون المدني,131,1948,828,مادة 828,general,False,,70,70,"–
)
1
(ما يستقر عليه راي اغلبية الشرااء في اعمال الادارة المع
تادة يكون ملزما
للجميع
.
وتحسب الاغلبية علي اساس قيمة الانصباء فان لم يكن ثمة اغلبية فللمحكمة بناء علي
طلب احد الشرااء، ان تتخذ من التدابير ما تقتضيه الضرورة، ولها ان تعين عند الحاجة من
يدير المال الشايع
.
)2
(وللاغلبية ايضا ان تختار مديرا، اما ان لها ا
ن تضع للادارة ولحسن الانتفاع بالمال الشايع
نظاما يسري حتي علي خلفاء الشرااء جميعا سواء ااان الخلف عاما ام اان خاصا
.
)3
(
واذا تولي احد الشرااء الادارة دون اعتراض من الباقين عد وايلا عنهم
.",505
civil_131_1948,القانون المدني,131,1948,829,مادة 829,general,False,,70,70,"–
)
1
(للشرااء الذين يملكون علي الاقل ثلاثة ارباع المال الش
ايع، ان يقرروا، في
سبيل تحسين الانتفاع بهذا المال من التغييرات الاساسية والتعديل في الغرض الذي اعد له ما
يخرج عن حدود الادارة المعتادة، علي ان يعلنوا قراراتهم الي باقي الشرااء
.
ولمن خالف من
هولاء حق الرجوع الي المحكمة خلال شهرين من وقت الاعلان
.
)2
(ول
لمحكمة عند الرجوع اليها اذا وافقت علي قرار تلك الاغلبية، ان تقرر مع هذا ما تراه
مناسبا من التدابير
.
ولها بوجه خاص ان تامر باعطاء المخالف من الشرااء افالة تضمن الوفاء
بما قد يستحق من التعويضات
.",508
civil_131_1948,القانون المدني,131,1948,830,مادة 830,mandatory,False,,70,70,"–
لكل شريك في الشيوع الحق في ان يتخذ من الوسايل ما
يلزم لحفظ الشيء، ولو
اان ذلك بغير موافقة باقي الشرااء
.",106
civil_131_1948,القانون المدني,131,1948,831,مادة 831,general,False,,70,70,"–
نفقات ادارة المال الشايع وحفظه والضرايب المفروضة عليه وساير التكاليف
الناتجة عن الشيوع او المقررة علي المال، يتحملها جميع الشرااء، ال بقدر حصته، ما لم
يوجد نص يقضي بغير ذلك
.",176
civil_131_1948,القانون المدني,131,1948,832,مادة 832,general,False,,70,70,"–
للشرااء الذين يملكون علي الاقل ثلاثة ارباع المال الشايع، ان يقرروا التصرف
فيه اذا استندوا في ذلك الي اسباب قوية علي ان يعلنوا قراراتهم الي باقي الشرااء
.
ولمن خالف
من هولاء حق الرجوع الي المحكمة خلال شهرين من وقت الاعلان
.
وللمحكمة عندما تكون
قسمة المال
الشايع ضارة بمصالح الشرااء، ان تقدر تبعا للظروف ما اذا اان التصرف واجبا
.",329
civil_131_1948,القانون المدني,131,1948,833,مادة 833,general,False,,70,70,"–
)
1
(
للشريك في المنقول الشايع او في المجموع من المال ان يسترد قبل القسمة
الحصة الشايعة التي باعها شريك غيره لاجنبي بطريق الممارسة، وذلك خلال ثلاثين يوما من
تاريخ علمه بال
بيع او من تاريخ اعلانه به، ويتم الاسترداد باعلان يوجه الي ال من البايع
والمشتري ويحل المسترد محل المشتري في جميع حقوقه والتزاماته اذا هو عوضه عن ال ما
انفقه
.
)2
(
واذا تعدد المستردون فلكل منهم ان يسترد بنسبة حصته
.
انقضاء الشيوع بالقسمة
:",413
civil_131_1948,القانون المدني,131,1948,834,مادة 834,optional,False,,70,70,"– لكل ش
ريك ان يطالب بقسمة المال الشايع ما لم يكن مجبرا علي البقاء في الشيوع
بمقتضي نص او اتفاق، ولا يجوز بمقتضي الاتفاق ان تمنع القسمة الي اجل يجاوز خمس سنين
، فاذا اان الاجل لا يجاوز هذه المدة نفذ الاتفاق في حق الشريك وفي حق من يخلفه
.",237
civil_131_1948,القانون المدني,131,1948,835,مادة 835,general,False,,70,70,"– للشرااء اذا انع
قد اجماعهم، ان يقتسموا المال الشايع بالطريقة التي يرونها
.
فاذا
اان بينهم من هو ناقص الاهلية وجبت مراعاة الاجراءات التي يفرضها القانون
.",154
civil_131_1948,القانون المدني,131,1948,836,مادة 836,general,False,,70,70,"–
)
1
(
اذا اختلف الشرااء في اقسام المال الشايع فعلي من يريد الخروج من الشيوع
ان يكلف باقي الشرااء الحضور امام
المحكمة الجزيية
.
)2
(
وتندب المحكمة ان رات وجها لذلك خبيرا او ااثر لتقويم المال الشايع وقسمته حصصا ان
اان المال يقبل القسمة عينا دون ان يلحقه نقص ابير في قسمته
.",273
civil_131_1948,القانون المدني,131,1948,837,مادة 837,general,False,,70,70,"–
)
1
(
يكون الخبير الحصص علي اساس اصغر نصيب حتي لو اانت القسمة جزيية
، فان تعذرت القسم
ة علي هذا الاساس جاز للخبير ان يجنب لكل شريك حصته
.
)2
(
واذا تعذر ان يختص احد الشرااء بكامل نصيبه عينا، عوض بمعدل عما نقص من نصيبه
.",221
civil_131_1948,القانون المدني,131,1948,838,مادة 838,general,False,,71,71,"–
)
1
(
تفصل المحكمة الجزيية في المنازعات التي تتعلق بتكوين الحصص وفي ال
المنازعات الاخري التي تدخل في اختصاصها
.
)2
(
فاذا قامت منازعات لا تدخل في اختصاص تلك المحكمة اان عليها ان تحيل الخصوم الي
المحكمة الابتدايية، وان تعيين لهم الجلسة التي يحضرون فيها، وتقف دعوي القسمة الي ان
يفصل نهاييا في تلك المنازعات
.",309
civil_131_1948,القانون المدني,131,1948,839,مادة 839,general,False,,71,71,"–
)
1
(
متي انتهي الفصل في المنازعات واانت الحصص قد
عينت بطريق التجنيب،
اصدرت المحكمة الجزيية حكما باعطاء ال شريك النصيب المفرز الذي اليه
.
)2
(
فان اانت الحصص لم تعين بطريق التجنيب، تجري القسمة بطريق الاقتراع، وتثبت
المحكمة ذلك في محضرها وتصدر حكما باعطاء ال شريك نصيبه المفرز
.",279
civil_131_1948,القانون المدني,131,1948,840,مادة 840,general,False,,71,71,"– اذا اان بين ال
شرااء غايب او اان بينهم من لم تتوافر فيه الاهلية، وجب تصديق
المحكمة علي حكم القسمة بعد ان يصبح نهاييا، وذلك وفقا لما يقرره القانون
.",149
civil_131_1948,القانون المدني,131,1948,841,مادة 841,general,False,,71,71,"–
اذا لم تكن القسمة عينا، او اان من شانها احداث نقص ابير في قيمة المال المراد
قسمته، بيع هذا المال بالطريق الم
بينة في قانون المرافعات، وتقتصر المزايدة علي الشرااء اذا
طلبوا هذا بالاجماع
.",188
civil_131_1948,القانون المدني,131,1948,842,مادة 842,general,False,,71,71,"–
)
1
(
لدايني ال شريك ان يعارضوا في ان تتم القسمة عينا او ان يباع المال بالمزاد
تدخلهم، وتوجه المعارضة الي ال الشرااء، ويترتب عليها الزامهم ان يدخلوا من عارض من
الدايني
ن في جميع الاجراءات، والا اانت القسمة غير نافذة في حقهم ويجب علي ال حال ادخال
الداينين المقيدة حقوقهم قبل رفع دعوي القسمة
.
)2
(
اما اذا تمت القسمة، فليس للداينين الذين لم يتدخلوا فيها ان يطعنوا عليها الا في حالة الغش
.",389
civil_131_1948,القانون المدني,131,1948,843,مادة 843,general,False,,71,71,"– يعتبر المتقاسم مالكا للح
صة التي الت اليه منذ ان تملك في الشيوع وانه لم يملك
غيرها شييا في بقية الحصص
.",105
civil_131_1948,القانون المدني,131,1948,844,مادة 844,general,False,,71,71,"–
)
1
(
يضمن المتقاسمون بعضهم لبعض ما قد يقع من تعوض او استحقاق لسبب
سابق علي القسمة، ويكون ال منهم بنسبة حصته ان يعوض مستحق الضمان، علي ان تكون
العبرة في تقدير الشيء بق
يمته وقت القسمة
.
فاذا اان احد المتقاسمين معسرا، وزع القدر الذي
يلزمه علي مستحق الضمان وجميع المتقاسمين غير المعسرين
.
)2
(
غير انه لا مح للضمان اذا اان هناك اتفاق صريح يقضي بالاعفاء منه في الحالة الخاصة
التي نشا عنها، ويمتنع الضمان ايضا اذا اان الاستحقاق
راجعا الي خطا المتقاسم نفسه
.",455
civil_131_1948,القانون المدني,131,1948,845,مادة 845,optional,False,,71,71,"–
)
1
(
يجوز نقض القسمة الحاصلة بالتراضي اذا اثبت احد المتقاسمين انه قد لحقه
منها غبن يزيد علي الخمس، علي ان تكون الغبرة في التقدير بقيمة الشيء وقت القسمة
.
)2
(
ويجب ان ترفع الدعوي خلال السنة التالية للقسمة
.
وللمدعي
عليه ان يقف سيرها ويمنع
القسمة من جديد اذا اامل للمدعي نقدا او عينا ما نقص من حصته
.",302
civil_131_1948,القانون المدني,131,1948,846,مادة 846,general,False,,71,71,"–
)
1
(
في قسمة المهياة يتفق الشرااء علي ان يختص ال منهم بمنفعة جزء مفرز
يوازي حصته في المال الشايع، متنازلا لشراايه في مقابل ذلك عن الانتفاع بباقي الاجزاء
.
ولا
ي
صح هذا الاتفاق لمدة تزيد علي خمس سنين
.
فاذا لم تشترط لها مدة او انتهت المدة المتفق عليها
ولم يحصل اتفاق جديد، اانت مدتها سنة واحدة تتجدد اذا لم يعلن الشريك الي شراايه قبل انتهاء
السنة الجارية بثلاثة اشهر انه لا يرغب في التجديد
.
)2
(
واذا دامت هذه القسمة
خمس عشرة سنة، انقلبت قسمة نهايية، ما بم يتفق الشرااء علي
غير ذلك
.
واذا حاز الشريك علي الشيوع جزءا مفرزا من المال الشايع مدة خمس عشرة سنة،
افترض ان حيازته لهذا الجزء تستند الي قسمة مهياة
.",608
civil_131_1948,القانون المدني,131,1948,847,مادة 847,general,False,,71,71,"– تكون قسمة المهاياة ايضا بان يتفق الشرااء علي ان يتناو
بوا الانتفاع بجميع المال
المشترك، ال منهم لمدة تتناسب مع حصته
.",119
civil_131_1948,القانون المدني,131,1948,848,مادة 848,general,False,,71,72,"–
تخضع قسمة المهاياة من حيث جواز الاحتجاج بها علي الغير ومن حيث اهلية
المتقاسمين وحقوقهم والتزاماتهم وطرق الاثبات لاحكام عقد الايجار، مادامت هذه الاحكام لا
تتعارض مع طبيعة هذه القسم
.ة",184
civil_131_1948,القانون المدني,131,1948,849,مادة 849,general,False,,72,72,"–
)
1
(
للشرااء ان يتفقوا اثناء اجراءات القسمة النهايية علي ان يقسم المال الشايع
مهاياة بينهم وتظل هذه القسمة نافذة حتي تتم القسمة النهايية
.
)2
(
اذا تعذر اتفاق الشرااء علي قسمة المهاياة، جاز للقاضي الجزيي اذا طلب منه ذلك احد
الشرااء ان يامر به
ا، بد الاستعانة بخبير اقتضي الامر ذلك
.
الشيوع الاجباري
:",303
civil_131_1948,القانون المدني,131,1948,850,مادة 850,mandatory,False,,72,72,"–
ليس للشرااء في مال شايع ان يطلبوا قسمته اذا تبين من الغرض الذي اعد له هذا
المال، انه يجب ان يبقي دايما علي الشيوع
.
ملكية الاسرة
:",132
civil_131_1948,القانون المدني,131,1948,851,مادة 851,general,False,,72,72,"– لاعضاء الاسرة الواحدة الذين تجمعهم وحدة العم
ل او المصلحة، ان يتفقوا اتابة
علي انشاء ملكية للاسر تكون هذه الملكية اما من تراة ورثوها واتفقوا علي جعلها الها او
بعضها ملكا للاسرة، واما من اي مال اخر مملوك لهم اتفقوا علي ادخاله في هذه الملكية
.",243
civil_131_1948,القانون المدني,131,1948,852,مادة 852,optional,False,,72,72,"–
)
1
(يجوز الاتفاق علي انشاء ملكية الاسرة لمدة لا
تزيد علي خمس عشرة سنة،
علي انه يجوز لكل شريك ان طلب من المحكمة الاذن له في اخراج نصيبه من هذه الملكية قبل
القضاء الاجل المتفق عليه اذا وجد مبرر قوي لذلك
.
)2
(
واذا لم يكن للملكية المذاورة اجل معين، اان لكل شريك ان يخرج نصيبه منها بعد ستة
اشهر من يوم ان
يعلن الي الشرااء رغبته في اخراج نصيبه
.",344
civil_131_1948,القانون المدني,131,1948,853,مادة 853,optional,False,,72,72,"–
)
1
(
ليس للشرااء ان يطلبوا القسمة ما دامت ملكية الاسرة قايمة، ولا يجوز لاي
شريك ان يتصرف في نصيبه الاجنبي عن الاسرة الا بموافقة الشرااء جميعا
.
)2
(واذا تملك اجنبي عن الاسرة حصة احد الشرااء برضاء هذا الشر
يك او جبرا عليه، فلا
يكون الاجنبي شريكا في ملكية الاسرة الا برضايه ورضاء باقي الشرااء
.",295
civil_131_1948,القانون المدني,131,1948,854,مادة 854,optional,False,,72,72,"–
)
1
(
للشرااء اصحاب القدر الاابر من قيمة الحصص ان يعينوا من بينهم للادارة
واحدا او ااثر، وللمدير ان يدخل علي ملكية الاسرة من التغيير في الغرض الذي اعد له الم
ال
المشترك ما يحسن به طرق الانتفاع بهذا المال، مال لم يكن هناك اتفاق علي غير ذلك
.
)2
(
ويجوز عزل المدير بالطريقة التي عين بها ولو اتفق علي غير ذلك، اما يجوز للمحكمة ان
تعزله بناء علي طب اي شريك اذا وجد سبب قوي يبرر هذا العزل
.",387
civil_131_1948,القانون المدني,131,1948,855,مادة 855,general,False,,72,72,"– فيما عدا الاحكام
السابقة تنطبق قواعد الملكية الشايعة وقواعد الواالة علي ملكية
الاسرة
.
ملكيات الطبقات
:",105
civil_131_1948,القانون المدني,131,1948,856,مادة 856,general,False,,72,72,"–
)
1
(
اذا تعدد ملاك طبقات الدار او شققها المختلفة فانهم يعدون شرااء في ملكي
الارض وملكية اجزاء البناء المعدة للاستعمال المشترك بين الجميع، وبوجه خاص الاساس
وا
لجدران الرييسية والمداخل والافنية والاسطح والصاعد والممرات والدهاليز وقواعد
الارضيات وال انواع الانابيب الا ما اان منها داخل الطبقة او الشقة، ال هذا ما لم يوجد في
سندات الملك ما يخالفه
.
)2
(وهذه الاجزاء المشتراة من الدار لا تقبل القسمة، ويكون نصيب ال ما
لك فيها بنسبة قيمة
الجزء الذي له في الدار، وليس لمالك ان يتصرف في نصيبه هذا مستقلا عن الجزء الذي يملكه
.
)3
(
والحواجز الفاصلة بين شقتين تكون ملكيتها مشتراة بين اصحاب هاتين الشقتين
.",598
civil_131_1948,القانون المدني,131,1948,857,مادة 857,optional,False,,72,72,"–
)
1
(ال مالك في سبيل الانتفاع بالجزء الذي يملكه في الدار حر في
ان يستعمل
الاجزاء المشتراة فيما اعدت له، علي الا يحول دون استعمال باقي الشرااء لحقوقهم
.
)2
(
ولا يجوز احداث اي تعديل في الاجزاء المشتراة بغير موافقة جميع الملاك حتي تجديد
البناء، الا اذا اان التعديل الذي يقوم به احد الملاك علي نفقته الخاصة، من شانه ان
يسهل
استعمال تلك الجزاء، دون ان يغير من تخصيصها او يلحق الضرر بالملاك الاخرين
.",397
civil_131_1948,القانون المدني,131,1948,858,مادة 858,general,False,,72,73,"–
)
1
(
علي ال مالك ان يشترك في تكاليف حفظ الاجزاء المشتراة وصيانتها
وادارتها وتجديدها، ويكون نصيبه في هذه التكاليف بنسبة قيمة الجزء الذي له في الدار ما لم
يوجد اتفاق
علي غير ذلك
.
)2
(
ولا يحق لمالك ان يتخلي عن نصيبه في الاجزاء المشتراة للتخلص من الاشتراك في
التكاليف المتقدمة الذار
.",285
civil_131_1948,القانون المدني,131,1948,859,مادة 859,general,False,,73,73,"–
)
1
(علي صاحب السفل ان يقوم بالاعمال والترميمات اللازمة لمنع سقوط العلو
.
)2
(فاذا امتنع عن القيام بهذه الترميمات، جاز للقاضي ان
يامر يبيع السفل
.
ويجوز في ال حال
لقاضي الامر المتعجلة ان يامر باجراء الترميمات العاجلة
.",220
civil_131_1948,القانون المدني,131,1948,860,مادة 860,optional,False,,73,73,"–
)
1
(
اذا انهدم البناء وجب علي صاحب السفل ان يعيد بناء سفله فاذا امتنع جاز
للقاضي ان يامر ببيع السفل الا اذا طلب صاحب العلو ان يعيد هو بناء السفل علي نفقة ص
احبه
.
)2
(
وفي الحالة الاخيرة يجوز لصاحب العلو ان يمنع احب السفل من السكني والانتفاع حتي
يودي ما في ذمته، ويجوز له ايضا ان يحصل علي اذن في ايجار السفل او سكناه استيفاء لحقه
.",334
civil_131_1948,القانون المدني,131,1948,861,مادة 861,mandatory,False,,73,73,"–
لا يجوز لصاحب العلو ان يزيد في ارتفاع بنايه بحيث يضر بالسفل
.
اتحاد م
لاك طبقات البناء الواحد
:",97
civil_131_1948,القانون المدني,131,1948,862,مادة 862,general,False,,73,73,"–
)
1
(
حيثما وجدت ملكية مشتراة لعقار مقسم الي طبقات او شقق جاز للملاك ان
يكونوا اتحادا فيما بينهم
.
)2
(
ويجوز ان يكون الغرض من تكوين الاتحاد بناء العقارات او مشتراها لتوزيع ملكية اجزايها
علي اعضايها
.",202
civil_131_1948,القانون المدني,131,1948,863,مادة 863,general,False,,73,73,"– للاتحاد ان
يضع بموافقة جميع الاعضاء نظاما لضمان حسن الانتفاع بالعقار
المشترك وحسن ادارته
.",92
civil_131_1948,القانون المدني,131,1948,864,مادة 864,general,False,,73,73,"–
اذا لم يوجد نظام للادارة او اذا خلا النظام من النص علي بعض الامر، تكون اداره
الاجزاء المشتراة من حق الاتحاد، وتكون قراراته في ذلك ملزمة، بشرط ان يدعي جميع ذوي
ال
شان بكتاب موصي عليه الي الاجتماع، وان تصدر القرارات من اغلبية الملاك محسوبة علي
اساس قيمة الانصباء
.",264
civil_131_1948,القانون المدني,131,1948,865,مادة 865,general,False,,73,73,"–
للاتحاد باغلبية الاصوات المنصوص عليها في المادة السابقة، ان بفرض اي تامين
مشترك من الاخطار التي تهدد العقار او الشرااء في جملتهم، وله ان ياذن
في اجراء اية اعمال
او ترايبات مما يترتب عليها زيادة في قيمة العقار اله او شروط وما يفرضه من تعويضات
والتزامات اخري لمصلحة الشرااء
.",275
civil_131_1948,القانون المدني,131,1948,866,مادة 866,general,False,,73,73,"–
)
1
(
يكون للاتحاد مامور يتولي تنفيذ قراراته، ويعين بالاغلبية المشار اليها في",79
civil_131_1948,القانون المدني,131,1948,864,مادة 864,mandatory,False,,73,73,"، فان لم تتحقق الاغلبية
عين بامر يصدر من رييس المحكمة الابتدايية الكاين في
دايرتها العقار بناء علي طلب احد الشرااء بعد اعلان الملاك الاخرين لسماع اقوالهم
.
وعلي
المامور اذا اقتضي الحال ان يقوم من تلقاء نفسه بما يلزم لحف جميع الاجزاء المشتراة
وحراستها وصيانتها، وله ان يطالب ال ذي
شان بتنفيذ هذه الالتزامات
.
ال هذا ما لم يوجد
نص في نظام الاتحاد يخالفه
.
)2
(
ويمثل المامور الاتحاد امام القضاء حتي في مخاصمة الملاك اذا اقتضي الامر
.",431
civil_131_1948,القانون المدني,131,1948,867,مادة 867,general,False,,73,73,"–
)
1
(
اجر المامور يحدده القرار او الامر الصادر بتعيينه
.
)2
(ويجوز عزله بقرار تتوافر فيه الاغلب",97
civil_131_1948,القانون المدني,131,1948,864,مادة 864,general,False,,73,73,"يامر يصدر من رييس
المحكمة الابتدايية الكاين في دايرتها العقار بعد اعلان الشرااء لسماع اقوالهم في هذا العزل
.",108
civil_131_1948,القانون المدني,131,1948,868,مادة 868,general,False,,73,73,"–
)
1
(
اذا هلك البناء بحريق او بسبب اخر، فعلي الشرااء ان يلتزموا من حيث
تجديده بما يقرره الاتحاد بالاغلبية ا",109
civil_131_1948,القانون المدني,131,1948,864,مادة 864,general,False,,73,73,"ما لم اتفاق يخالف ذلك
.
)2
(
فاذا قرر الاتحاد البناء خصص ما قد يستحق من تعويض بسبب هلاك لاعمال التجديد، دون
اخلال بحقوق اصحاب الديون المقيدة
.",142
civil_131_1948,القانون المدني,131,1948,869,مادة 869,general,False,,73,74,"–
)
1
(
ال قرض يمنحه الاتحاد احد الشرااء لتمكينه من القيام بالتزاماته يكون
مضمو
نا بامتياز علي الجزء المفرز الذي يملكه وعلي حصته الشايعة في الاجزاء المشتراة من
العقار
.
)2
(
وتحسب مرتبة هذا الامتياز من يوم قيده
.
الفصل الثاني
–
اسباب اسب الملكية

1
- الاستيلاء

الاستيلاء علي منقول ليس له مالك
:",295
civil_131_1948,القانون المدني,131,1948,870,مادة 870,general,False,,74,74,"– من وضع يده علي منقولات لا مالك له
ينبه تملكه، ملكه
.",54
civil_131_1948,القانون المدني,131,1948,871,مادة 871,general,False,,74,74,"–
)
1
(
يصبح المنقول لا مالك له اذا خلي عنه مالكه بقصد النزول عن ملكيته
.
)2
(
وتعتبر الحيوانات غير الالفية لا مالك لها مادامت طليقة
.
واذا اعتقل حيوان منها ثم اطلق
عاد لا مالك له اذا لم يتبعه المالك فورا واذا اف عن تتبعه
.
وما رو
ض من الحيوانات والف
الرجوع الي المكان المخصص له ثم فقد هذه العادة يرجع لا مالك له
.",314
civil_131_1948,القانون المدني,131,1948,872,مادة 872,general,False,,74,74,"–
)
1
(
الكنز المدفون او المخبوء الذي لا يستطيع احد ان يثبت ملكيته له، يكون لمالك
العقار الذي وجد فيه الكنز او لمالك رقبته
.
)2
(والكنز الذي يعثر عليه في عين موقوفة
يكون ملكا خاصا للواقف ولورثته
.",196
civil_131_1948,القانون المدني,131,1948,873,مادة 873,general,False,,74,74,"–
الحق في صيد البحر والبر واللقطة والاشياء الاثرية تنظمه لوايح خاصة
.

الاستيلاء علي عقار ليس له مالك
:",103
civil_131_1948,القانون المدني,131,1948,874,مادة 874,optional,False,,74,74,"-
)
1
(
الاراضي غير المزروعة التي لا مالك لها تكون ملكا للدولة
.
)2
(ولا يجوز تملك هذه الاراضي او وضع ا
ليد عليها الا بترخيص من الدولة وفقا للوايح
.
)3
(
الا انه زرع مصرع ارضا غير مزروعة او غرسها او بني عليها، تملك في الحال الجزء
المزروع او المغروس او المبني ولو بغير ترخيص من الدولة
.
ولكنه يفقد ملكيته بعدم الاستعمال
مدة خمس سنوات خلال الخمس العشرة السنة الت
الية للتمليك
.
2
- الميراث وتصفية التراة",401
civil_131_1948,القانون المدني,131,1948,875,مادة 875,general,False,,74,74,"-
)
1
(
تعيين الورثة وتحديد انصبايهم في الارث وانتقال اموالهم التراة اليهم تسري في
شانها احكام الشريعة الاسلامية والقوانين الصادرة في شانها
.
)2
(
وتتبع في تصفية التراة الاحكام الاتية
:
تعيين مصف للتراة
:",204
civil_131_1948,القانون المدني,131,1948,876,مادة 876,general,False,,74,74,"–
اذا لم يعين المورث وصيا لتراته وطلب احد ذوي الشان تعيين مصف لها، عينت
المحكمة، اذا رات موجبا لذلك، من تجميع الورثة علي اختياره فان لم تجمع الورثة علي احد
تولي القاضي اختيار المصفي علي ان يكون بقدر المستطاع من بين الورثة، وذلك سماع اقوال
هولاء
.
ما
دة 877
–
)
1
(
لمن عين مصفيا ان برفض تولي هذه المهمة او يتنحي عنها بعد توليها وذلك
طبقا لاحكام الواالة
.
)2
(
وللقاضي ايضا، اذا طلب اليه احد ذوي الشان او النيابة العامة او دون طلب، عزل
المصفي واستبدال غيره به، متي وجدت اسباب تبرر ذلك
.",485
civil_131_1948,القانون المدني,131,1948,878,مادة 878,general,False,,74,74,"–
)
1
(اذا ع
ين المورث وصيا للتراة وجب ان يقر القاضي هذا التعيين
.
)2
(
ويسري علي وصي التراة ما يسري علي المصفي من احكام
.",122
civil_131_1948,القانون المدني,131,1948,879,مادة 879,general,False,,74,74,"–
)
1
(
علي ااتب المحكمة ان يقيد يوما فيوما الاوامر الصادرة بتعين المصفين
وبتثبت اوصياء التراة، في سجل عام تدون فيه اسماء المورثين بحسب الا
وضاع المقررة
للفهارس الابجدية ويجب ان يوشر في هامش السجل بكل امر يصدر بالعزل وبكل ما يقع من
تنازل
.
)2
(
ويكون لقيد الامر الصادر بتعيين المصفي من الاثر في حق الغير الذي يتعامل مع الورثة في",328
civil_131_1948,القانون المدني,131,1948,914,مادة 914,general,False,,74,74,".

)
2
(
ويكون
لقيد الامر الصادر بتعيين المصفي من الاثر في حق الغير الذي يتعامل مع الورثة في",92
civil_131_1948,القانون المدني,131,1948,914,مادة 914,general,False,,75,75,.,1
civil_131_1948,القانون المدني,131,1948,880,مادة 880,general,False,,75,75,"–
)
1
(
يتسلم المصفي اموال التراة بمجرد تعيينه، ويتولي تصفيتها برقابة المحكمة
.
وله ان يطلب منها اجرا عادلا علي
قيامه بمهمته
.
)2
(
ونفقات التصفية تتحملها التراة، ويكون لهذه النفقات حق امتياز في مرتبه امتياز
المصروفات القضايية
.",228
civil_131_1948,القانون المدني,131,1948,881,مادة 881,mandatory,False,,75,75,"–
علي المحكمة ان تتخذ عند الاقتصاد جميع ما يجب من الاحتياطات المستعجلة
للمحافظة علي التراة، وذلك بناء علي طلب احد ذوي الشان او بن
اء علي طلب النيابة العامة او
دون طلب ما، ولها يوجه خاص ان تامر بوضع الاختام وايداع النقود والاوراق المالية والاشياء
ذات القيمة
.",258
civil_131_1948,القانون المدني,131,1948,882,مادة 882,general,False,,75,75,"–
)
1
(
علي المصفي ان يقوم في الحال بالصرف من مال التراة لتسديد نفقات تجهيز
الميت ونفقات ماتمه بما يناسب حالته، وعليه
ايضا ان يستصدر امرا من قاضي الامور الوقتية
بصرف نفقة اافية بالقدر المقبول من هذا المال الي من اان المورث يعولهم من ورثته حتي
تنتهي التصفية، علي ان تخصم النفقة التي يستولي عليها ال وارث من نصيبه في الارث
.
)2
(وال منازعة تتعلق بهذه النفقة يفصل فيها قاضي الا
مور الوقتية
.
جرد التراة
:",401
civil_131_1948,القانون المدني,131,1948,883,مادة 883,mandatory,False,,75,75,"–
)
1
(
لا يجوز من وقت قيد الامر الصادر بتعيين المصفي ان يتخذ الداينون اي
اجراء علي التراة، اما لا يجوز لهم ان يستمروا في اي اجراء اتخذوه الا في مواجهة المصفي
.
)2
(وال توزيع فتح ضد المورث ولم تقفل قايمته النهايية، يجب و
قفه حتي تتم تسوية جميع
ديون التراة متي طلب ذلك احد ذوي الشان
.",283
civil_131_1948,القانون المدني,131,1948,884,مادة 884,general,False,,75,75,–,1
civil_131_1948,القانون المدني,131,1948,901,مادة 901,mandatory,False,,75,75,"ان
يتصرف في مال التراة، اما لا يجوز له ان يستوفي ما للتراة من ديون او ان يجعل دينا عليه
قصاصا يدين التراة
.
م
ادة 885
–
)
1
(
علي المصفي في اثناء التصفية ان يتخذ ما تتطلبه اموال التراة من الوسايل
التحفظية، وان يقوم بما يلزم من الادارة، ولعيه ايضا ان ينوب عن التراة في الدعاوي وان
يستوفي ما لها من ديون قد حلت
.
)2
(ويكون المصفي، ولو لم يكن ماجورا، مسيولا مسيولية ا
لوايل الماجور
.
وللقاضي ان
يطالبه بتقديم حساب عن ادارته في مواعيد دورية
.",438
civil_131_1948,القانون المدني,131,1948,886,مادة 886,general,False,,75,75,"–
)
1
(
علي المصفي ان يوجه تكليفا علينا لدايني التراة ومدينيها يدعوهم فيه لان
قدموا بيانا بما لهم من حقوق وما عليهم من ديون، وذلك خلال ثلاثة اشهر من التاريخ الذي
ينشر فيه الت
كليف اخر مرة
.
)2
(
ويجب ان يلصق التكليف علي الباب الرييسي لمقر العمدة في المدينة او القرية التي توجد بها
اعيان التراة، او علي الباب الرييسي لمراز البوليس في المدن التي تقع في دايرتها هذه الاعيان
،وفي لوحة المحكمة الجزيية التي يقع في دايرتها اخر موطن للمور
ث وفي صحيفة من الصحف
اليومية الواسعة الانتشار
.",479
civil_131_1948,القانون المدني,131,1948,887,مادة 887,general,False,,75,75,"–
)
1
(
، علي المصفي ان يودع قلم اتاب المحكمة، خلال اربعة اشهر من تعيينه
قايمة تبين ما للتراة وما عليها وتشتمل علي تقدير لقيمة هذه الاموال، وعليه ايضا ان يخطر
بكتاب موصي عليه في الميعاد المتقدم ال ذ
ي شان بحصول هذا الايداع
.
)2
(
ويجوز ان يطلب الي القاضي مد هذا الميعاد اذا وجدت ظروف تبرر ذلك
.",294
civil_131_1948,القانون المدني,131,1948,888,مادة 888,general,False,,75,75,"–
)
1
(
للمصفي ان يستعين في الجرد وفي تقدير قيمة اموال التراة بخبير او بمن
يكون له في ذلك دراية خاصة
.
)2
(ويجب علي المصفي ان يثبت ما تكشف عنه اوراق المو
رث وما هو ثابت في السجلات
العامة من حقوق وديون وما يصل الي علمه عنها من اي طريق اان وعلي الورثة ان يبلغوا
المصفي عما يعلمونه من ديون علي التراة وحقوق لها
.",309
civil_131_1948,القانون المدني,131,1948,889,مادة 889,penalty,False,,76,76,"–
يعاقب بعقوبة التبديد ال من استولي غشا علي شيء من مال التراة ولو اان وارثا
.",77
civil_131_1948,القانون المدني,131,1948,890,مادة 890,general,False,,76,76,"–
)
1
(
ال منازعة في صحة الجرد، وبخاصة ما اان متعلقا باغفال اعيان او حقوق
للتراة او عليها او باثباتها، وترفع بعريضة للمحكمة بناء علي طلب ال ذي شان خلال الثلاثين
يوما التالية للاخطار بايداع قايمة الجرد
.
)2
(
وتجري المحكمة تحقيقا، فاذا رات ان الشكوي جدية اصدرت
امرا بقبولها ويصح من هذا
الامر وفقا لاحكام قانون المرافعات
.
)3
(
وان لم يكن النزاع قد سبق رفعه الي القضاء عينت المحكمة اجلا يرفع ذو الشان دعواه امام
المحكمة المختصة، وتقضي فيها هذه المحكمة علي وجه الاستعجال
.
تسوية ديون التراة
:",489
civil_131_1948,القانون المدني,131,1948,891,مادة 891,general,False,,76,76,"– بعد انقضاء المي
عاد لرفع المنازعات المتعلقة بالجرد يقوم المصفي بعد استيذان
المحكمة بوفاء ديون التراة التي لم يقم في شانها نزاع اما الديون التي توزع فيها فتسوي بعد
الفصل في النزاع نهاييا
.",189
civil_131_1948,القانون المدني,131,1948,892,مادة 892,general,False,,76,76,"–
علي المصفي في حالة اعسار التراي او في حالة احتمال اعسارها، ان يقف تسوية
اي دين، ولو لم يقم في شانه نزاع حتي يفصل نهاييا في جميع المنازعات المتعلقة بديون التراة",161
civil_131_1948,القانون المدني,131,1948,893,مادة 893,general,False,,76,76,"–
)
1
(
يقوم المصفي وبوفاء ديون التراة مما يحصله من حقوقها، ومما تشتمل عليه
من نقود ومن ثمن ما يكون قد باعه بسعر السوق من اوراق مالية ومن ثمن ما في التراة من
منقول فان لم يكن ذلك اافيا فمن ثمن ما في التراة من عقار
.
)2
(
وتباع منقولات التراة وعقاراتها بالمزاد العلني وفقا للاوضاع وفي المواعيد المنصوص
عليها في البيوع الجبرية، الا اذا اتفق جميع الورثة علي ان يتم البيع بطريقة اخري او علي ان
يتم ممارسة
.
فاذا اانت ا
لتراة معسرة لزمت ايضا موافقة جميع الداينين
.
وللورثة في جم يع
الاحوال الحق في ان يدخلوا في المزاد
.",514
civil_131_1948,القانون المدني,131,1948,894,مادة 894,general,False,,76,76,"–
للمحكمة بناء علي طلب جميع الورثة ان تحكم محلول الدين الموجل وبتعيين المبلغ",76
civil_131_1948,القانون المدني,131,1948,554,مادة 554,general,False,,76,76,.,1
civil_131_1948,القانون المدني,131,1948,895,مادة 895,general,False,,76,76,"–
)
1
(
اذا
لم يجمع الورثة علي طلب حلول الدين الموجل، تولت المحكمة توزيع
الديون الموجلة وتوزيع اموال الدين الموجل، بحيث يختص ال وارث من جملة ديون التراة
ومن جملة اموالها بما يكون في نتيجته معادلا لصافي حصته في الارث
.
)2
(وترتب المحكمة لكل داين من دايني التراة تامين
ا اافيا علي عقار او منقول، علي ان تحتفظ
لمن اان له تامين خاص بنفس هذا التامين
.
فان استحال تحقيق ذلك، ولو باضافة ضمان تكميلي
، يقدمه الورثة من مالهم الخاص او بالاتفاق علي اية تسوية اخري، رتبت المحكمة التامين علي
اموال التراة جميعها
.
)3
(وفي جميع هذه الا
حوال اذا ورد تامين علي عقار ولم يكن قد سبق شهره ن وجب ان يشهر
هذا التامين وفقا للاحكام المقررة في شهر حق الاختصاص
.",637
civil_131_1948,القانون المدني,131,1948,896,مادة 896,optional,False,,76,76,"–
يجوز لكل وارث بعد توزيع الديون الموجلة ان يدفع القدر الذي اختص به قبل ان",74
civil_131_1948,القانون المدني,131,1948,894,مادة 894,general,False,,76,76,.,1
civil_131_1948,القانون المدني,131,1948,897,مادة 897,mandatory,False,,76,76,"– داينو التراة الذ
ين لم يستوفوا حقوقهم لعدم ظهورها في قايمة الرد ولم تكن لهم
تامينات علي اموال التراة، لا يجوز لهم ان يرجعوا علي من اسب بحسن نية حقا عينيا علي
تلك الاموال وانما لهم الرجوع علي الورثة بسبب اثرايهم
.",214
civil_131_1948,القانون المدني,131,1948,898,مادة 898,general,False,,76,76,"– يتولي المصفي بعد تسوية ديون التراة تنفيذ الوصايا
وغيرها من التكاليف
.
تسليم اموال التراة وقسمة هذه الاموال
:",110
civil_131_1948,القانون المدني,131,1948,899,مادة 899,general,False,,76,76,"–
بعد تنفيذ التزامات التراة يوول ما بقي من اموالهم الي الورثة ال بحسب نصيبه
الشرعي
.",84
civil_131_1948,القانون المدني,131,1948,900,مادة 900,general,False,,76,77,"–
)
1
(
يسلم المصفي الي الورثة ما ال اليهم من اقوال التراة
.
)2
(ويجوز للورثة، بمجرد انقضاء ا
لميعاد المقرر للمنازعات المتعلقة بالجرد، المطالبة بان
يتسلموا، بصفة موقتة، الاشياء او النقود التي لا يحتاج لها في تصفية التراة، او ان يتسلموا
بعضا منها وذلك مقابل تقديم افالة او بدون تقديمها
.",286
civil_131_1948,القانون المدني,131,1948,901,مادة 901,general,False,,77,77,"– تسلم المحكمة الي ال وارث يقدم اعلاما شرعيا بالور
اثة او ما يقوم مقام هذا
الاعلام، شهادة تقرر حقه في الارث وتبين ما ال من اموال التراة
.",137
civil_131_1948,القانون المدني,131,1948,902,مادة 902,general,False,,77,77,"–
لكل وارث ان يطلب من المصفي ان يسلمه نصيبه في الارث مفرزا، الا اذا اان
هذا الوارث ملزما بالبقاء في الشيوع بناء علي اتفاق او نص في القانون
.",140
civil_131_1948,القانون المدني,131,1948,903,مادة 903,general,False,,77,77,"–
)
1
(اذ
ا اان طلب القسمة واجب القبول، تولي المصفي اجراء القسمة بطريقة ودية
علي الا تصبح هذه القسمة نهايية الا بعد ان يقرها الورثة بالاجماع
.
)2
(
فاذا لم ينعقد اجماعهم علي ذلك، فعلي المصفي ان يرفع علي نفقة التراة دعوي بالقسمة
وفقا لاحكام القانون، وتستنزل نفقات ا
لدعوي من انصباء المتقاسمين
.",293
civil_131_1948,القانون المدني,131,1948,904,مادة 904,general,False,,77,77,"–
تسري علي قسمة التراة القواعد المقررة في القسمة، وبوجه خاص ما يتعلق منها
بضمان التعرض والاستحقاق وبالغين وبامتياز المتقاسم، وتسري عليها ايضا الاحكام الاتية
.",158
civil_131_1948,القانون المدني,131,1948,905,مادة 905,general,False,,77,77,"– اذا لم يتفق الورثة علي قسمة الاوراق العايلية ا
و الاشياء التي تتصل بعاطفة الورثة
نحو المورث، امرت المحكمة اما ببيع هذه الاشياء او باعطايها لحد الورثة مع استنزال قيمتها
من نصيبه في الميراث او دون استنزال
.
ويراعي في ذلك ما جري عليه العرف وما يحيط
بالورثة من ظروف شخصية
.",271
civil_131_1948,القانون المدني,131,1948,906,مادة 906,general,False,,77,77,"– اذا اان بين اموال الت
راة مستغل زراعي او صناعي او تجاري مما يعتبر وحدة
اقتصادية قايمة بذاتها، وجب تخصيصه برمته لمن يطلبه من الورثة اذا اان اقدرهم علي
الاضطلاع به
.
وثمن هذا المستغل يقوم بحسب قيمته ويستنزل من نصيب الوارث في التراة
.
فاذا تساوت قدرة الورثة علي الاضطلاع بالمستغل
خصص لمن يعطي من بينهم اعلي قيمة
بحيث لا تقل عن ثمن المثل
.",337
civil_131_1948,القانون المدني,131,1948,907,مادة 907,general,False,,77,77,"–
اذا اختص احد الورثة عند القسمة بدين للتراة، فان باقي الورثة لا يضمنون له
المدين اذا هو اعسر بعد القسمة ما لم يوجد اتفاق يقضي بغير ذلك
.",137
civil_131_1948,القانون المدني,131,1948,908,مادة 908,general,False,,77,77,"– تصح الوصية بقسمة اعيان التراة علي الور
ثة الموصي، بحيث يعين لكل وارث
او لبعض الورثة قدر نصيبه فان زادت قيمة ما عين لاحدهم علي استحقاقه في التراة اانت،
الزيادة وصية
.",167
civil_131_1948,القانون المدني,131,1948,909,مادة 909,optional,False,,77,77,"–
القسمة المضافة الي ما بعد الموت يجوز الرجوع فيها دايما
.
وتصبح لازمة بوفاة
الموصي
.",85
civil_131_1948,القانون المدني,131,1948,910,مادة 910,general,False,,77,77,"– اذا لم تشمل القسمة جم
يع اموال المورث وقت وفاته، فان الامور التي لم تدخل في
القسمة توول شايعة الي الورثة طبقا لقواعد الميراث
.",128
civil_131_1948,القانون المدني,131,1948,911,مادة 911,general,False,,77,77,"–
اذا مات قبل وفاة المورث واحد او ااثر من الورثة المحتملين الذين دخلوا في
القسمة، فان الحصة المفرزة التي وقعت في نصيب من مات توول شايعة الي
الورثة طبقا لقواعد
الميراث
.",168
civil_131_1948,القانون المدني,131,1948,912,مادة 912,general,False,,77,77,"–
تسري في القسمة المضافة الي ما بعد الموت احكام القسمة عامة عدا احكام الغين
.",77
civil_131_1948,القانون المدني,131,1948,913,مادة 913,general,False,,77,77,"–
اذا لم تشمل القسمة ديون التراة، او شملتها ولكن لم يوافق الداينون علي هذه
القسمة، جاز عند عدم تسوية الديون بالاتفاق مع الداينين
ان يطلب اي وارث قسمة التراة طبقا",161
civil_131_1948,القانون المدني,131,1948,895,مادة 895,general,False,,77,77,"، ان تراعي بقدر الامكان القسمة التي اوصي بها المورث والاعتبارات التي بنيت
عليها
.
احكام التراات التي لم تصف
:",109
civil_131_1948,القانون المدني,131,1948,914,مادة 914,general,False,,77,78,"–
اذا لم تكن التراة قد صفيت وفقا لاحكام النصوص السابقة، جاز لدايني التراة
العاديين ان ينفذوا
بحقوقهم او بما اوصي به لهم علي عقارات التراة التي حصل التصرف فيها،
او التي رتبت عليها حقوق عينية لصالح الغير، اذا اشروا بديونهم وفقا لاحكام القانون
.
3
- الوصية",253
civil_131_1948,القانون المدني,131,1948,915,مادة 915,general,False,,78,78,"–
تسري علي الوصية احكام الشريعة الاسلامية والقوانين الصادرة في شانها
.",70
civil_131_1948,القانون المدني,131,1948,916,مادة 916,general,False,,78,78,"–
)
1
(
ال عمل قانوني يصدر من شخص في مرض الموت ويكون مقصودا به
التبرع، يعتبر مضافا الي ما بعد الموت، وتسري عليه احكام الوصية ايا اانت التسمية التي
تعطي لهذا التصرف
.
)2
(
وعلي ورثة من تصرف ان يثبتوا ان العمل القانوني قد صدر من مورثهم وهو في مرض
الموت، ولهم اثب
ات بجميع الطرق، ولا يحتج علي الورثة بتاريخ السند اذا لم يكن هذا التاريخ
ثابتا
.
)3
(
واذا اثبت الورثة ان التصرف صدر من مورثهم في مرض الموت، اعتبر التصرف صادرا
علي سبيل التبرع، ما لم يثبت من صدر له التصرف عكس ذلك
.
ال هذا ما لم توجد احكام
خاصة تخالفه
.
ما
دة 917
–
اذا تصرف شخص لاحد ورثته واحتفظ باية طريقة اانت بجيارة العين التي تصرف
فيها، وبحقه الانتفاع بها مدي حياته، اعتبر التصرف مضافا الي ما بعد الموت وتسري عليه
احكام الوصية ما لم يقم دليل يخالف ذلك
.
4
- الالتصاق

الالتصاق بالعقار
:",750
civil_131_1948,القانون المدني,131,1948,918,مادة 918,general,False,,78,78,"– الارض التي
تتكون من طمي يجلبه النهر بطريقة تدريجية محسوسة تكون ملكا
للملاك المجاورين
.",88
civil_131_1948,القانون المدني,131,1948,919,مادة 919,optional,False,,78,78,"–
)
1
(
الارض التي ينكشف عنها البحر تكون ملكا للدولة
.
)2
(
ولا يجوز التعدي علي ارض البحر الا اذا اان ذلك لاعادة جدود الملك الذي طغي عليه
البحر
.",145
civil_131_1948,القانون المدني,131,1948,920,مادة 920,general,False,,78,78,"– ملاك الاراضي الم
لاصقة للمياه الراادة امياه البحيرات والبرك، لا يملكون ما
تنكشف عنه هذه المياه من ارض
.",105
civil_131_1948,القانون المدني,131,1948,921,مادة 921,general,False,,78,78,"–
الاراضي التي يحولها النهر من مكانها او ينكشف عنها، والجزاير التي تتكون في
مجراه، تكون ملكيتها خاضعة لحكام القوانين الخاصة بها
.",129
civil_131_1948,القانون المدني,131,1948,922,مادة 922,optional,False,,78,78,"–
)
1
(ال ما علي الا
رض او تحتها من بناء او غراس او منشات اخري، يعتبر من
عمل صاحب الارض اقامه علي نفقته ويكون مملواا له
.
)2
(
ويجوز مع ذلك ان يقام الدليل علي ان اجنبيا قد اقام هذه المنشات علي نفقته، اما يجوز ان
يقام الدليل علي ان مالك الارض قد خول اجنبيا ملكية منشات اانت قا
يمة من قبل او خوله الحق
في اقامه هذه المنشات وتملكها
.",330
civil_131_1948,القانون المدني,131,1948,923,مادة 923,general,False,,78,78,"–
)
1
(
يكون ملكا خالصا لصاحب الارض ما يحدثه فيها من بناء او غراس او منشات
اخري يقيمها بمواد مملواة لغيرة، اذا لم يكن ممكنا نزع هذه المواد دون ان يلحق هذه المنشات
ضرر جسيم، او اان ممكنا نزعها
ولكن لم ترفع الدعوي باستردادها خلال سنة من اليوم الذي
يعلم فيه مالك المواد انها اندمجت في هذه المنشات
.
)2
(
فاذا تملك صاحب الارض المواد، اان عليه ان يدفع قيمتها مع التعويض ان اان له وجه
.
اما اذا استرد المواد صاحبها فان نزعها يكون علي نفقة صاحب الارض
.
ما
دة 924
–
)
1
(
اذا اقام شخص من عنده منشات علي ارض يعلم انها مملواة لغيره دون رضاء
صاحب الارض، اان لهذا ان يطلب ازالة المنشات علي نفقة من اقامها مع التعويض ان اان له
وجه، وذلك في ميعاد سنة من اليوم الذي يعلم فيه باقامة المنشات او ان يطلب استبقاء المنشات
مقا
بل دفع قيمتها مستحقة الازالة، او دفع مبلغ يساوي ما زاد في ثمن الارض بسبب هذه
المنشات
.
)2
(
ويجوز لمن اقام المنشات ان يطلب نزعها ان اان ذلك لا يلحق بالارض ضررا، الا اذا
اختار صاحب الارض ان يستبقي المنشات طبقا لاحكام الفقرة السابقة
.",938
civil_131_1948,القانون المدني,131,1948,925,مادة 925,general,False,,79,79,"–
)
1
(اذا اان
من اقام المنشات المشار اليها في المادة السابقة يعتقد بحسن نية ان له
الحق في اقامتها، فلا يكون لصاحب الارض ان يطلب الازالة، وانما يخير بين ان يدفع قيمة
المواد واجرة العمل او ان يدفع مبلغا يساوي ما زاد في ثمن الارض بسبب هذه المنشات، هذا ما
لم يطلب صاحب ا
لمنشات نزعها
.
)2
(
الا انه اذا اانت المنشات قد بلغت حدا من الجسامة يرهق صاحب الارض ان يودي ما هو
مستحق عنها، اان له ان يطلب تملك الارض لمن اقام المنشات نظير تعويض عادل
.",438
civil_131_1948,القانون المدني,131,1948,926,مادة 926,optional,False,,79,79,"–
، اذا اقام اجنبي منشات بمواد من عنده بعد الحصول عل ترخيص من مالك الارض
فلا
يجوز لهذا يجوز لهذا المالك اذا لم يوجد اتفاق في شان هذه المنشات ان يطلب ازالتها،
ويجب عليه اذا لم يطلب صاحب المنشات نزعها ان يودي اليه احدي القيمتين المنصوص عليهما
في الفقرة الاولي من المادة السابقة
.",277
civil_131_1948,القانون المدني,131,1948,927,مادة 927,general,False,,79,79,–,1
civil_131_1948,القانون المدني,131,1948,982,مادة 982,general,False,,79,79,"في اداء التعويض المنصو
ص عليه في المواد الثلاث
السابقة
.",56
civil_131_1948,القانون المدني,131,1948,928,مادة 928,general,False,,79,79,"–
اذا اان مالك الارض وهو يقيم عليها بناء قد جار بحسن نية علي جزء من الارض
الملاصقة، جاز للمحكمة اذا رات محلا لذلك ان تجبر صاحب هذه الارض علي ان ينزل لجاره
عن ملكية الجزء المشغول بالبناء، وذلك في نظير تعويض عادل
.",212
civil_131_1948,القانون المدني,131,1948,929,مادة 929,general,False,,79,79,"–
المنشات الصغيرة االااشاك والحوانيت والماوي التي تقام علي ارض الغير دون
ان يكون مقصودا بقاوها علي الدوام تكون ملكا لمن اقامها
.",128
civil_131_1948,القانون المدني,131,1948,930,مادة 930,general,False,,79,79,"–
اذا اقام اجنبي منشات بمواد مملواة لغيره، فليس لمالك المواد ان يطلب استردادها
.
وانما يكون له ان يرجع با
لتعويض علي هذا الاجنبي اما له ان يرجع علي مالك الارض بما لا
يزيد علي ما هو باق في ذمته من قيمة تلك المنشات
.
الالتصاق بالمنقول
:",234
civil_131_1948,القانون المدني,131,1948,931,مادة 931,optional,False,,79,79,"–
اذا التصق منقولات لمالكين مختلفين بحيث لا يمكن فصلهما دون تلف ولم يكن
هناك اتفاق بين المالكين، قضت المحكمة في الامر
مسترشدة بقواعد العدالة ومراعية في ذلك
الضرر الذي حدث وحالة الطرفين وحسن نية ال منهما
.
5
- العقد",214
civil_131_1948,القانون المدني,131,1948,932,مادة 932,general,False,,79,79,"–
تنتقل الملكية وغيرها من الحقوق العينية في المنقول والعقار بالعقد، متي رد علي",78
civil_131_1948,القانون المدني,131,1948,204,مادة 204,general,False,,79,79,"وذلك مع مراعاة النصوص الاتية
.
م
ادة 933
–",42
civil_131_1948,القانون المدني,131,1948,205,مادة 205,general,False,,79,79,.,1
civil_131_1948,القانون المدني,131,1948,934,مادة 934,mandatory,False,,79,79,"–
)
1
(
في المواد العقارية لا تنتقل المكية ولا الحقوق العينية الاخري سواء ااان ذلك
فيما بين المتعاقدين ام اان في حق الغير، الا اذا روعيت الاحكام المبينة في قانو
ن تنظيم الشهر
العقاري
.
)2
(
ويبين قانون الشهر المتقدم الذار التصرفات والاحكام والسندات التي يجب شهرها سواء
ااانت ناقلة للملكية او غير ناقلة، ويقرر الاحكام المتعلقة بهذا الشهر
.
6
- الشفعة

شروط الاخذ بالشفعة
:",371
civil_131_1948,القانون المدني,131,1948,935,مادة 935,general,False,,79,79,"– الشفعة رخصة تجيز في بيع العقار الحلول
محل المشتري في الاحوال وبالشروط
المنصوص عليها في المواد التالية
.",105
civil_131_1948,القانون المدني,131,1948,936,مادة 936,general,False,,79,80,"–
يثبت الحق في الشفعة
:
( ا)
لمالك الرقبة اذا بيع ال حق الانتفاع الملابس لها او بعضه
.
( ب)
للشريك في الشيوع اذا بيع شيء من العقار الشايع الي اجنبي
.
( ج )
لصاحب حق الانتفاع اذا بيعت
ال الرقبة الملابسة لهذا الحق او بعضها
.
( د)
لمالك الرقبة في الحكر اذا بيع حق الحكر، وللمستحكر اذا بيعت الرقبة
.
( ه )
للجار المالك في الاحوال الاتية
:
اذا اانت العقارات من المباني او من الاراضي المعدة للبناء سواء ااانت في المدن ام في القري
.
اذا اان للارض
المبيعة حق ارتفاق علي ارض الجار، او اان حق الارتفاق لارض الجار علي
الارض المبيعة
.
اذا اانت ارض الجار ملاصقة للارض المبيعة من جهتين وتساوي من القيمة نصف ثمن الارض
المبيعة علي الاقل",620
civil_131_1948,القانون المدني,131,1948,937,مادة 937,general,False,,80,80,"–
)
1
(اذا تزاحم الشفعاء يكون استعمال حق الشفعة علي حسب الترتيب ال
منصوص
عليه في المادة السابقة
.
)2
(
واذا تزاحم الشفعاء من طبقة واحدة، فاستحقاق ال منهم للشفعة يكون علي قدر نصيبه
.
)3
(
فاذا اان المشتري قد توافرت فيه الشروط التي اانت تجعله شفيعا بمقتضي نص المادة
السابقة، فانه يفضل علي الشفعاء الذين هم من بقته او من طبقة
ادني، ولكن يتقدمه الذين هم من
طبقة اعلي
.",364
civil_131_1948,القانون المدني,131,1948,938,مادة 938,general,False,,80,80,"–
اذا اشتري شخص عينا تجوز الشفعة فيها ثم باعها قبل ان تعلن اية رغبة في الاخذ",76
civil_131_1948,القانون المدني,131,1948,942,مادة 942,optional,False,,80,80,"، فلا يجوز الاخذ بالشفعة الا من
المشتري الثاني وبالشروط التي اشتري بها
.",72
civil_131_1948,القانون المدني,131,1948,939,مادة 939,mandatory,False,,80,80,"–
)
1
(
لا يجوز الاخذ بالشفعة
:
( ا )
اذا حصل البيع بالمزاد العلني وفقا لاجراءات رسمها القانون
.
)
( ب
اذا وقع البيع بين الاصول والفروع او بين الزوجين او بين القارب لغاية الدرجة الرابعة او
بين الاصهار لغاية الدرجة الثانية
.
)
( ج
اذا اان العقار قد
بيع ليجعل محل عبادة او ليلحق

بمحل عبادة
.
)2
(
ولا يجوز للوقوف ان ياخذ بالشفعة
.
اجراءات الشفعة
:",346
civil_131_1948,القانون المدني,131,1948,940,مادة 940,general,False,,80,80,"–
علي من يريد الاخذ بالشفعةان يعلن رغبته فيها الي ال من البايع والمشتري خلال
خمسة عشر يوما من تاريخ الانذار الرسمي الذي يوجهه اليه البايع او المشتر
ي والا سقط حقه
.
ويزاد علي تلك المدة ميعاد المسافة اذا اقتضي الامر ذلك
.",220
civil_131_1948,القانون المدني,131,1948,941,مادة 941,general,False,,80,80,"–
يشتمل الانذار الرسمي المنصوص عليه في المادة السابقة علي البيانات الاتية والا
اان باطلا

( ا )
بيان العقار الجايز اخذه بالشفعة بيانا اافيا
.
( ب)
بيان الثمن والمصروفات الرسمي
ة وشروط البيع واسم ال من البايع والمشتري ولقبه
وصناعته وموطنه
.",239
civil_131_1948,القانون المدني,131,1948,942,مادة 942,mandatory,False,,80,80,"–
)
1
(
اعلان الرغبة بالاخذ بالشفعة يجب ان يكون رسميا والا اان باطلا
.
ولا يكون
هذا الاعلان حجة علي الغير الا اذا سجل
.
)2
(وخلال ثلاثين يوما علي الااثر من تاريخ هذا الاعلان يجب ان يود
ع خزانة المحكمة الكاين
في دايرتها العقار ال الثمن الحقيقي الذي حصل بع البيع، مع مراعاة ان يكون هذا الايداع قبل
رفع الدعوي بالشفعة، فان لم يتم الايداع في هذا الميعاد علي الوجه المتقدم سقط حق الاخذ
بالشفعة
.",390
civil_131_1948,القانون المدني,131,1948,943,مادة 943,general,False,,80,80,"– ترفع دعوي الشفعة علي البايع والمشتري ا
مام المحكمة الكاين في دايرتها العقار
وتقيد بالجدول
.
ويكون ال ذلك في ميعاد ثلاثين يوما من تاريخ الاعلان المنصوص عليه في
المادة السابقة والا سقط الحق فيها ويحكم في الدعوي علي وجه السرعة
.",227
civil_131_1948,القانون المدني,131,1948,944,مادة 944,general,False,,80,80,"–
الحكم الذي يصدر نهاييا الشفعة يعتبر سندا لملكية الشفيع
و.
ذلك دون اخلال
بالقواعد المتعلقة بالتسجيل
.
اثار الشفعة
:",116
civil_131_1948,القانون المدني,131,1948,945,مادة 945,optional,False,,80,81,"–
)
1
(
يحل الشفيع قبل البايع محل المشتري في جميع حقوقه والتزاماته
.
)
2
(
وانما لا يحق له الانتفاع بالاجل الممنوح للمشتري في دفع الثمن الا برضاء البايع
.
)3
(واذا استحق العقار للغير بعد اخذه ب
الشفعة، فليس للشفيع ان يرجع الا علي البايع
.",238
civil_131_1948,القانون المدني,131,1948,946,مادة 946,mandatory,False,,81,81,"–
)
1
(
اذا بني المشتري في العقار المشفوع او غرس فيه اشجارا قبل اعلان الرغبة
في الشفعة، اان الشفيع ملزما تبعا لما يختاره المشتري ان يدفع له اما المبلغ الذي انفقه او مقدار
ما زاد في قيمة العقار بسبب الب
ناء او الغراس
.
)2
(
واما اذا حصل البناء او الغراس بعد اعلان الرغبة في الشفعة، اان للشفيع ان يطلب الازالة
.
فاذا اختار ان يستبقي البناء او الغراس فلا يلتزم الا بدفع قيمة ادوات البناء واجرة العمل او
نفقات الغراس
.",414
civil_131_1948,القانون المدني,131,1948,947,مادة 947,general,False,,81,81,"- لا يسري في حق الشفيع اي رهن رسمي ا
و اي حق اختصاص اخذ ضد المشتري
ولا اي بيع صدر من المشتري ولا اي حق عيني رتبه او ترتب ضده اذا اان ال ذلك قد تم بعد
التاريخ الذي سجل فيه اعلان الرغبة في الشفعة
.
ويبقي مع ذلك للداينين المقيدين ما اان لهم من
حقوق الاولوية فيما ال للمشتري من ثمن العقار
.
سقوط ا
لشفعة
:",301
civil_131_1948,القانون المدني,131,1948,948,مادة 948,general,False,,81,81,"– يسقط الحق في الاخذ بالشفعة في الاحوال الاتية
:
( ا )
اذا نول الشفيع عن حقه في الاخذ بالشفعة ولو قبل البيع
.
( ب)
اذا انقضت اربعة اشهر من يوم تسجيل عقد البيع
.
( ج )
في الاحوال الاخري التي نص عليها القانون
.
7
- الحيازة اسب الحيازة وزوالها

ماد
ة 949
-
)
1
(
لا تقوم الحيازة علي عمل ياتيه شخص علي انه مجرد رخصة من المباحات او
عمل يتحمله الغير علي سبيل التسامح
.
)2
(
واذا اقترنت بااراه او حصلت خفية او اان فيها لبس لا يكون لها اثر قبل من وقع عليه
الااراه او اخفيت عنه الحيازة او التبس عليه امرها، الا من
الوقت الذي تزول فيه هذه العيوب
.",537
civil_131_1948,القانون المدني,131,1948,950,مادة 950,optional,False,,81,81,"–
يجوز لغير المميز ان يكسب الحيازة عن طريق من ينوب عنه نيابة قانونية
.",70
civil_131_1948,القانون المدني,131,1948,951,مادة 951,optional,False,,81,81,"–
)
1
(
تصح الحيازة بالوساطة متي اان الوسيط يباشرها باسم الحايز واان متصلا به
اتصالا يلزمه الايتمار باوامره فيما يتعلق بهذه الحيازة
.
)2
(
وعند لشك يفترض ان مباشر الحيازة انما يجوز لنفسه، فان اانت استمرارا لحيازة سابقة
افترض ان هذا الاستمرار هو لحساب البادي بها
.",263
civil_131_1948,القانون المدني,131,1948,952,مادة 952,general,False,,81,81,"–
تنتقل الحيازة من الحايز الي غيره اذا اتفقا علي ذلك واان في استطاعة من انتقلت
اليه الحيازة ان يسيطر علي الحق الواردة عل
يه الحيازة، ولو لم يكن هناك تسلم مادي للشيء
موضوع هذا الحق
.",181
civil_131_1948,القانون المدني,131,1948,953,مادة 953,optional,False,,81,81,"–
يجوز ان يتم نقل الحيازة دون تسليم مادي اذا استمر الحايز واضعا يده لحساب من
يخلفه في الحيازة، او استمر الخلف واضعا يده ولكن لحساب نفسه
.",137
civil_131_1948,القانون المدني,131,1948,954,مادة 954,general,False,,81,81,"–
)
1
(تسليم السندات المعطاة عن البضاي
ع المعهود بها الي امين النقل او المودعة في
المخازن يقوم مقام تسليم البضايع ذاتها
.
)2
(
علي انه اذا تسلم شخص هذه المستندات وتسلم اخر البضاعة ذاتها واان الاهما حسن النية
فان الافضلية تكون لمن تسلم البضاعة
.",244
civil_131_1948,القانون المدني,131,1948,955,مادة 955,general,False,,81,81,"-
)
1
(تنتقل الحيازة للخلف العام بصفاتها، عل
ي انه اذا اان السلف سيي النية واثبت
الخلف انه اان في حيازته حسن النية جاز له ان يتمسك بحسن نيته
.
)2
(
ويجوز للخلف الخاص ان يضم الي حيازته سلفه في ال ما يرتب القانون علي الحيازةمن
اثر
.",230
civil_131_1948,القانون المدني,131,1948,956,مادة 956,general,False,,81,81,"– تزول الحيازة اذا تخلي الحايز عن سيطرته الفعلية علي الحق او ا
ذا فقد هذه
السيطرة باية طريقة اخري
.",99
civil_131_1948,القانون المدني,131,1948,957,مادة 957,general,False,,81,82,"–
)
1
(
لا تنقضي الحيازة اذا حال دون مباشرة السيطرة الفعلية علي الحق مانع وقتي
)
2
(
ولكن الحيازة تنقضي اذا استمر هذا المانع سنة ااملة، واان ناشيا من حيازة جديدة وقعت
رغم ارادة الحايز او دون علمه
.
وتحسب ابتداء م
ن الوقت الذي بات فيه الحيازة الجديدة، اذا
بدات علنا، او من وقت علم الحايز الاول بها اذا بدات خفية
.
حماية الحيازة
)
دعاوي الحيازة الثلاث
(",351
civil_131_1948,القانون المدني,131,1948,958,مادة 958,general,False,,82,82,"–
)
1
(
لحايز العقار ان يطلب خلال السنة التالية لفقدتها ردها اليه
.
فاذا اان فقد
الحيازة خفية بدا سريان ال
سنة من وقت ان ينكشف ذلك
.
)2
(
ويجوز ايضا ان يسترد الحيازة من ال حايزا بالنيابة عن غيره
.",196
civil_131_1948,القانون المدني,131,1948,959,مادة 959,optional,False,,82,82,"–
)
1
(
اذا لم يكن من فقد الحيازة قد انقضت علي حيازته سنة وقت فقده فلا يجوز ان
يسترد الحيازة الا من شخص لا يستند الي حيازة احق بالتفضيل
.
والحيازة الاحق بالتفضي
ل هي
الحيازة التي تقوم علي سند قانوني
.
فاذا لم يكن لدي اي من الحايزين سند او تعادلت سنداتهم
اانت الحيازة الاحق هي الاسبق في التاريخ
.
)2
(
اما اذا اان فقد الحيازة بالقوة فللحايز في جميع الاحوال ان يسترد خلال السنة التالية حيازته
من المتعدي
.",403
civil_131_1948,القانون المدني,131,1948,960,مادة 960,general,False,,82,82,"– للح
ايز ان يرفع في الميعاد القانوني دعوي استرداد الحيازة علي من انتقلت اليه
حيازة الشيء المغتصب منه ولو اان هذا الاخير حسن النية
.",132
civil_131_1948,القانون المدني,131,1948,961,مادة 961,optional,False,,82,82,"–
من حاز عقارا واستمر حايزا ل سنة ااملة ثم وقع له تعرض في حيازته جاز ان
يرفع خلال السنة التالية دعوي بمنع هذا التعرض
.
م
ادة 962
–
)
1
(
من حاز عقارا واستمر حايزا له سنة ااملة وخشي لاسباب معقولة التعرض له
من جراء اعمال جديدة تهدد حيازته، اان له ان يرفع الامر الي القاضي طالبا وقف هذه الاعمال
بشرط الا تكون قد تمت ولم ينقض عام علي البدء في العمل الذي يكون من شانه ان يحدث
الضرر
.
) 2
(
وللقاضي ان يمنع استمرار الاعمال او ان ياذن في استمرارها، وفي التا الحالتين يجوز
للقاضي ان يامر بتقديم افالة مناسبة تكون في حالة الحكم بوقوف الاعمال ضمانا لصلاح الضرر
الناشي من هذا الوقف، متي تبين بحكم نهايي ان الاعتراض علي استمرارها اان علي غير
اس
اس، وتكون في حالة الحكم باستمرار الاعمال ضمانا لازالة هذه الاعمال الها او بعضها
اصلاحا للضرر الذي يصيب الحايز اذا حصل علي حكم نهايي في مصلحته
.",776
civil_131_1948,القانون المدني,131,1948,963,مادة 963,general,False,,82,82,"–
اذا تنازع اشخاص متعددون علي حيازة حق واحد اعتبر بصفة موقتة ان الحايز هو
من له الحيازة المادية، الا
اذا ظهر ان عقد حصل علي هذه الحيازة بطريقة معيبة
.",150
civil_131_1948,القانون المدني,131,1948,964,مادة 964,general,False,,82,82,"–
من اان حايز للحق اعتبر صاحبه حتي يقوم الدليل علي العكس
.",58
civil_131_1948,القانون المدني,131,1948,965,مادة 965,optional,False,,82,82,"–
)
1
(
يعد حسن النية من يجوز الحق وهو يجهل انه يعتدي علي حق الغير، الا اذا
اان هذا الحق ناشيا عن خطا جسيم
.
)2
(فاذا اان الحايز
شخصا معنويا فالعبرة بنية من يمثله
.
)3
(
وحسن النية يفترض دايما ما لم يقم الدليل علي العكس
.",221
civil_131_1948,القانون المدني,131,1948,966,مادة 966,general,False,,82,82,"–
)
1
(
لا تزول صفة حسن النية لدي الحايز الا من الوقت الذي يصبح فيه عالما ان
حيازته اعتداء علي حق الغير
.
)2
(ويزول حسن النية من وقت اعلان الحايز بعيوب حيازت
ه في صحيفة الدعوي، ويعد سيي
النية من اغتصب بالااراه الحيازة من غيره
.",227
civil_131_1948,القانون المدني,131,1948,967,مادة 967,general,False,,82,82,"–
تبقي الحيازة محتفظة بالصفة التي بدات بها وقت اسبها، ما لم يقم الدليل علي
عكس ذلك
.
اثار الحيازة - التقادم المكسب",114
civil_131_1948,القانون المدني,131,1948,968,مادة 968,general,False,,82,82,"–
من حاز منقولا او عقارا دون ان يكون مالكا له، او
حاز حقا عينيا علي منقول او
عقار دون ان يكون هذا الحق خاصا به، اان له ان يكسب ملكية الشيء او الحق العيني اذا
استمرت حيازته دون انقطاع خمس عشرة سنة
.",197
civil_131_1948,القانون المدني,131,1948,969,مادة 969,general,False,,83,83,"–
)
1
(
اذا وقعت الحيازة علي عقار او علي حق عيني عقاري واانت مقترنة بحسن
النية ومستندة في الوقت ذاته
الي سبب صحيح، فان مدة التقادم المكسب تكون خمس سنوات
.
)2
(
ولا يشترط توافر حسن النية الا وقت تلقي الحق
.
)3
(
والسبب الصحيح سند يصدر من شخص لا يكون مالكا للشيء او صاحبا للحق الذي يراد
اسبه بالتقادم، ويجب ان يكون مسجلا طبقا للقانون
.",333
civil_131_1948,القانون المدني,131,1948,970,مادة 970,optional,False,,83,83,"– في جميع الاح
وال لا تكسب حقوق الارث بالتقادم الا اذا دامت الحيازة مدة ثلاث
وثلاثين سنة
.
ولا يجوز تملك الاموال الخاصة المملواة للدولة او للاشخاص الاعتبارية العامة واذلك اموال
الوحدات الاقتصادية التابعة للموسسات العامة او للهييات العامة وشراات القطاع العام غير
التابعة لا
يهما والاوقاف الخيرية او اسب اي حق عيني علي هذه الاموال بالتقادم
.
ولا يجوز التعدي علي الاموال المشار اليها بالفقرة السابقة وفي حالة حصول التعدي يكون
للوزير المختص حق ازالته اداريا
)1
.(",459
civil_131_1948,القانون المدني,131,1948,971,مادة 971,general,False,,83,83,"– اذا ثبت قيام الحيازة في وقت سابق معين واانت قايمة حالا، فا
ن ذلك يكون قرينة
علي قيامها في المدة ما بين الزمنين ما لم يقم الدليل علي العكس
.",141
civil_131_1948,القانون المدني,131,1948,972,مادة 972,general,False,,83,83,"–
)
1
(
ليس لاحد ان يكسب بالتقادم علي خلاف سنده
.
فلا يستطيع احد ان يغير بنفسه
لنفسه سبب حيازته ولا الاصل الذي تقوم عليه هذه الحيازة
.
)2
(
ولكن يستطيع ان يكسب بالتقادم
اذا تغيرت صفة حيازته اما بفعل الغير واما بفعل منه يعتبر
معارضة لحق المالك ولكن في هذه الحالة لا يبدا سريان التقادم الا ن تاريخ هذا التغيير
.",309
civil_131_1948,القانون المدني,131,1948,973,مادة 973,general,False,,83,83,"–
تسري قواعد التقادم المسقط علي التقادم المكسب فيما يتعلق بحساب المدة ووقوف
التقادم المسقط علي التقادم الم
كسب فيما يتعلق بحساب المدة ووقف التقادم وانقطاعه والتمسك به
امام القضاء والتنازل عنه والاتفاق علي تعديل المدة، وذلك بالقدر الذي لا تتعارض فيه هذه
القواعد مع طبيعة التقادم المكسب، ومع مراعاة الاحكام الاتية
:",313
civil_131_1948,القانون المدني,131,1948,974,مادة 974,general,False,,83,83,"- ايا اانت مدة التقادم المكسب فانه يقف
متي وجد سبب الوقف
.",58
civil_131_1948,القانون المدني,131,1948,975,مادة 975,general,False,,83,83,"–
)
1
(
ينقطع التقادم المكسب اذا تخلي الحايز عن الحيازة او فقدها ولو بفعل الغير
.
)2
(
غير ان التقادم لا ينقطع بفقد الحيازة اذا استردها الحايز خلال سنة او رفع دعوي باستردادها
في هذا الميعاد
.
تملك المنقول بالحيازة
:",215
civil_131_1948,القانون المدني,131,1948,976,مادة 976,general,False,,83,83,"–
)
1
(
من حاز بسبب صحيح منقولا او حقا عينيا علي منقول او سندا لحامله فانه
يصبح مالكا له اذا اان حسن النية وقت حيازته
.
)2
(
فاذا اان حسن النية والسبب الصحيح قد توقر الذي الحايز في اعتباره الشيء خاليا من
التكاليف والقيود العينية، فانه بكسب الملكية خالصة منها
.
)3
(
الحيازة في ذاتها قرينة علي وجود السبب الصحيح وحسن النية ما لم الدليل علي عكس ذلك",346
civil_131_1948,القانون المدني,131,1948,977,مادة 977,optional,False,,83,83,"–
)
1
(
يجوز لمالك المنقول او السند الصحيح وحسن النية ما لم يقم الدليل علي عكس
ذلك
.
)2
(فاذا اان من يوجد الشيء المسروق او الضايع في حيازته قد اشتراه بحسن نية في سوق
او
مزاد علي او اشتراه ممن يتجر في مثله، فان له ان يطلب ممن يسترد هذا الشيء ان يجعل له
الثمن الذي دفعه

تملك الثمار بالحيازة
:",291
civil_131_1948,القانون المدني,131,1948,978,مادة 978,general,False,,83,83,"–
)
1
(يكسب الحايز ما يقبضه من ثمار ما دام حسن النية
.
)2
(والثمار الطبيعية او المستحدثة تعتبر مقبوضة من يوم فصلها اما ال
ثمار المدنية فتعتبر
مقبوضة يوما فيوما
.",161
civil_131_1948,القانون المدني,131,1948,979,مادة 979,optional,False,,83,84,"–
يكون الحايز سيي النية مسيولا من وقت ان يصبح سيي النية عن جميع الثمار
يقبضها والتي قصر في قبضها
.
غير انه يجوز ان يسترد ما انفقه في انتاج هذه الثمار
.
استرداد المصروفات
:",171
civil_131_1948,القانون المدني,131,1948,980,مادة 980,optional,False,,84,84,"–
)
1
(علي المالك الذي يرد
اليه ملكه ان يودي الي الحايز جميع ما انفقه من
المصروفات الضرورية
.
)2
(
اما المصروفات النافعة فيسري في شانها احكام المادتين924
،
925
.

)
3
(
فاذا اانت المصروفات امالية فليس للحايز ان يطالب بشيء منها، ومع ذلك يجوز له ان
ينزع ما استحدثه من منشات علي ان يعيد
الشيء الي حالته الاولي الا اذا اختار المالك ان
يستبقيها مقابل دفع قيمتها مستحقة الازالة
.",373
civil_131_1948,القانون المدني,131,1948,981,مادة 981,general,False,,84,84,"–
اذا تلقي شخص الحيازة من مالك او حايز سابق واثبت انه ادي الي سلفه ما انفق من
مصروفات فان له ان يطالبهما المسترد
.",114
civil_131_1948,القانون المدني,131,1948,982,مادة 982,optional,False,,84,84,"– يجوز للقاضي بناء علي طلب المالك
ان يقرر ما يراه مناسبا للوفاء بالمصروفات
المنصوص عليها في المادتين السابقتين وله ان يقضي بان يكون الوفاء علي اقساط دورية بشرط
تقديم الضمانات اللازمة
.
وللمالك ان يتحلل من هذا الالتزام اذا هو عجل مبلغا يوازي قيمة هذه
الاقساط مخصوما منها فوايدها بالسعر القا
نوني لغاية مواعيد استحقاقها
.
المسيولية عن الهلاك
:",341
civil_131_1948,القانون المدني,131,1948,983,مادة 983,general,False,,84,84,"–
)
1
(
اذا اان الحايز حسن النية وانتفع بالشيء وفقا لما يحسبه من حقه، فلا يكون
مسيولا قبل من هو ملزم برد الشيء اليه عن اي تعويض بسبب هذا الانتفاع
.
)2
(ولا يكون الحايز مسيولا عما يصيب الشيء ن هلاك
او تلف الا بقدر ما عاد اليه من فايدة
ترتبت علي هذا الهلاك ازو التلف
.",266
civil_131_1948,القانون المدني,131,1948,984,مادة 984,general,False,,84,84,"–
اذا اان الحايز سيي النية فانه يكون مسيولا عن هلاك الشيء او تلفه ولو اان ذلك
ناشيا عن حادث مفاجي، الا اذا اثبت ان الشيء اان يهلك او يتلف ولو اان باقيا في يد من
يستحقه
.
الكت
اب الثالث -
الباب الثاني- الحقوق المتفرعة عن حق الملكية

الباب الثاني

الحقوق المتفرعة عن حق الملكية

الفصل الاول
–
حق الانتفاع وحق الاستعمال وحق السكني

1
- حق الانتفاع",344
civil_131_1948,القانون المدني,131,1948,985,مادة 985,optional,False,,84,84,"–
)
1
(حق الانتفاع بكسب بعمل قانوني او بالتقادم
.
)2
(ويجوز ان يوصي بحق الانتف
اع لاشخاص متعاقبين اذا اانوا موجودين علي قيد الحياة وقت
الوصية، اما يجوز للحمل المستكن
.",167
civil_131_1948,القانون المدني,131,1948,986,مادة 986,general,False,,84,84,"–
يراعي في حقوق المنتفع والتزاماته السند الذي انشا حق الانتفاع واذلك الاحكام
المقررة في المواد الاتية
:",103
civil_131_1948,القانون المدني,131,1948,987,مادة 987,general,False,,84,84,"– تكون ثمار الشيء المنتفع به من حق المنتفع ب
نسبة مدة انتفاعه مع مراعاة احكام",77
civil_131_1948,القانون المدني,131,1948,993,مادة 993,general,False,,84,84,.,1
civil_131_1948,القانون المدني,131,1948,988,مادة 988,general,False,,84,84,"–
)
1
(
علي المنتفع ان يستعمل الشيء بحالته التي تسلمه بها ويحسب ما اعد له وان
يديره ادارة حسنه
.
)2
(
للمالك ان يعترض علي اي استعمال غير مشروع او غير متفق مع طبيعة الشيء، فاذا اثبت
ان حق
وقه في خطر جاز له ان يطالب بتقديم تامينات، فان لم يقدمها المنتفع او ظل علي الرغم
من اعتراض المالك يستعمل العين استعمالا غير مشروع او غير متفق مع طبيعتها
.
فللقاضي ان
ينزع هذه العين من تحت يده وان يسلمها الي اخر يتولي ادارتها، بل له تبعا لخطورة الحال ان
ي
حكم بانتهاء حق الانتفاع دون اخلال بحقوق الغير
.",489
civil_131_1948,القانون المدني,131,1948,989,مادة 989,general,False,,84,85,"–
)
1
(
المنتفع ملزم اثناء انتفاعه بكل ما يفرض علي العين المنتفع بها من التكاليف
المعتادة، وبكل النفقات التي تقتضيها اعمال الصيانة
.
)2
(اما التكاليف غير المعتادة والاصلاحات الجسيمة التي لم تنشا عن خط
ا المنتفع فانها تكون
علي المالك، ويلتزم المنتفع بان يودي لمالك فوايد ما انفقه في ذلك
.
فان اان المنتفع هو الذي قام
بانفاق اان له استرداد راس المال عند انتهاء حق الانتفاع
.",372
civil_131_1948,القانون المدني,131,1948,990,مادة 990,general,False,,85,85,"–
)
1
(
علي المنتفع ان يبذل من العناية في حفظ الشيء ما يبذله الشخص المعتاد
.
)2
(
وهو مسيول عن هلاك الشيء ولو بسبب اجنبي اذا اان قد تاخر عن رده الي صاحبة بعد
انتهاء حق الانتفاع
.",178
civil_131_1948,القانون المدني,131,1948,991,مادة 991,mandatory,False,,85,85,"–
اذا هلك الشيء او تلف او احتاج الي اصلاحات جسيمة مما يجب علي المالك ان
يتحمل نفقاته، او الي اتخاذ اجراء يقيه من خطر لما يكن منظورا، فعلي المنت
فع ان يبادر
باخطار المالك وعليه اخطاره ايضا اذا استمسك اجنبي بحق يدعيه علي الشيء نفسه
.",231
civil_131_1948,القانون المدني,131,1948,992,مادة 992,general,False,,85,85,"-
)
1
(
اذا اان المال المقرر عليه حق الانتفاع منقولا، وجب جرده ولزم المنتفع تقديم
افالة به
.
فان لم يقدمها بيع المال المذاور ووظف ثمنه في شراء سندات عامة يستولي
المنتفع
علي ارباحها
.
)2
(
وللمنتفع الذي قدم الكفالة ان يستعمل الاشياء القابلة للاستهلاك، وانما عليه ان يرد بدلها عند
انتهاء حقه في الانتفاع، وله نتاج المواشي بعد ان يعوض منها ما نفق من الاصل بحادث مفاجي",364
civil_131_1948,القانون المدني,131,1948,993,مادة 993,general,False,,85,85,"–
)
1
(ينتهي حق الانتفاع بانقضاء الاجل ال
معين، فان لم يعين له اجل عد مقررا لحياة
المنتفع، وهو ينتهي علي اي حال بموت المنتفع حتي قبل انقضاء الاجل المعين
.
)2
(
، واذا اانت الارض المنتفع بها مشغولة عند انقضاء الاجل او موت المنتفع بزرع قايم
ترات الارض للمنتفع او لورثته الي حين ادراك الزرع، علي ان
يدفعوا اجرة الارض عن هذه
الفترة من الزمن
.",338
civil_131_1948,القانون المدني,131,1948,994,مادة 994,general,False,,85,85,"–
)
1
(
ينتهي حق الانتفاع بهلاك الشيء، الا انه ينتقل من هذا الشيء الي ما قد يقوم
مقامه من عوض
.
)2
(
واذا لم يكن الهلاك راجعا الي خطا المالك، فلا يجبر علي اعادة الشيء لاصله ولكنه اذا
اعاده رجع للمنتفع حق ا",205
civil_131_1948,القانون المدني,131,1948,989,مادة 989,general,False,,85,85,"الفقرة الثانية
.",16
civil_131_1948,القانون المدني,131,1948,995,مادة 995,general,False,,85,85,"– ينتهي حق الانتفاع بعدم الاستعمال مدة خمس عشرة سنة
.
2
- حق الاستعمال وحق السكني",81
civil_131_1948,القانون المدني,131,1948,996,مادة 996,general,False,,85,85,"–
نطاق حق الاستعمال وحق السكني يتحدد بمقدار ما تحتاج اليه صاحب الحق هو
واسرت
ه لخاصة انفسهم، وذلك دون اخلال بما يقرره السند المنشي للحق من احكام
.",146
civil_131_1948,القانون المدني,131,1948,997,مادة 997,mandatory,False,,85,85,"–
لا يجوز النزول للغير عن حق الاستعمال او عن حق السكني الا بناء علي شرط
صريح او مبرر قوي
.",90
civil_131_1948,القانون المدني,131,1948,998,مادة 998,general,False,,85,85,"– قيما عدا الاحكام المتقدمة تسري الاحكام الخاصة بحق الانتفاع علي حق الاستعما
ل
وحق السكني متي اانت لا تتعارض مع طبيعة هذين الحقين
.
الفصل الثاني
–
حق الحكر",155
civil_131_1948,القانون المدني,131,1948,999,مادة 999,mandatory,False,,85,85,"–
لا يجوز التحكير لمدة تزيد علي ستين سنة فاذا عينت مدة اطول او اغفل تعيين
المدة اعتبر الحكر معقوداًُ لمدة ستين سنة
.",116
civil_131_1948,القانون المدني,131,1948,1000,مادة 1000,mandatory,False,,85,85,"– لا يجوز النحكير الا لضرورة او مصلحة وبا
ذن من المحكمة الابتدايية الشرعية
التي تقع في دايرتها الارض الها او ااثرها قيمة، ويجب ان يصدر به عقد علي يد رييس
المحكمة او من يحليه عليه من القضاء او الموثقين، ويجب شهره وفقاً لاحكام قانون تنظيم الشهر
العقاري
.",252
civil_131_1948,القانون المدني,131,1948,1001,مادة 1001,general,False,,85,85,"–
للمحتكر ان يتصرف في حقه وينتقل
هذا الحق بالميراث
.",52
civil_131_1948,القانون المدني,131,1948,1002,مادة 1002,general,False,,85,85,"–
ً يملك المحتكر ما احدثه من بناء او غراس او غيره ملكاً تاما
.
وله يتصرف فيه
وحده مقترناً بحق الحكر
.",101
civil_131_1948,القانون المدني,131,1948,1003,مادة 1003,general,False,,86,86,"–
)
1
(
علي المحتكر ان يودي الاجرة المتفق عليها الي المحكر
.
)2
(وتكون الاجرة مستحقة الدفع في نهاية ال سنة ما لم ينص ع
قد التحكير علي غير ذلك
.",143
civil_131_1948,القانون المدني,131,1948,1004,مادة 1004,mandatory,False,,86,86,"–
)
1
(
لا يجوز التحكير باقل من اجرة المثل
.
)2
(
ًوتزيد هذه الاجرة او تنقص الما بلغ التغيير في اجرة المثل حدا يجوز الخمس زيادة او نقصا
، علي ان يكون قد مضي ثماني سنوات علي اخر تقدير
.",184
civil_131_1948,القانون المدني,131,1948,1005,مادة 1005,general,False,,86,86,"– يرجع في تقدير الزيادة او ا
لنقص الي ما للارض من قيمة ايجاريه وقت التقدير،
ويراعي في ذلك صقع الارض ورغبات الناس فيها بغض النظر عما يوجد فيها من بناء او
غرس، ودون اعتبار لما احدثه المحتكر فيها من تحسين او اتلاف في ذات الارض او في صقع
الجهة، ودون تاثر بما للمحتكر علي الارض من حق الق
رار
.",288
civil_131_1948,القانون المدني,131,1948,1006,مادة 1006,general,False,,86,86,"–
لا يسري التقدير الجديد الا من الوقت الذي يتفق الطرفان عليه، والا فمن يوم
رفع الدعوي
.",87
civil_131_1948,القانون المدني,131,1948,1007,مادة 1007,mandatory,False,,86,86,"–
علي المحتكر ان يتخذ من الوسايل ما يلزم لجعل الارض صالحة للاستغلال
مراعياً في ذلك الشروط المتفق عليها، وطبيعة الارض، والغرض الذي اعدت له،
وما يقضي
به عرف الجهة
.",162
civil_131_1948,القانون المدني,131,1948,1008,مادة 1008,general,False,,86,86,"–
)
1
(
ينتهي حق الحكر بحلول الاجل المعين
.
)2
(
ومع ذلك ينتهي هذا الحق قبل حلول الاجل اذا مات المحتكر قبل ان يبني او يغرس اذا طلب
جميع الورثة بقاء الحكر
.
)3
(
وينتهي حق الكر ايضاً قبل حلول الاجل اذا زالت صفة الوقف عن الارض
المحكرة، الا اذا
اان زوال هذه الصفة بسبب رجوع الواقف في وقفه او انقاصه لمدته، ففي هذه الحالة يبقي
الحكر الي انتهاء مدته
.",346
civil_131_1948,القانون المدني,131,1948,1009,مادة 1009,optional,False,,86,86,"–
يجوز للمحتكر اذا لم تدفع له الاجرة ثلاث سنين متوالية ان يطلب فسخ العقد
.",74
civil_131_1948,القانون المدني,131,1948,1010,مادة 1010,general,False,,86,86,"–
)
1
(عند فسخ العقد او انتهايه يكون ل
لمحكر ان يطلب اما ازالة البناء والغراس او
اسبقاءهما مقابل دفع اقل قيمتيهما مستحقي الازالة او البقاء، وهذا اله ما لم يوجد اتفاق يقضي
بغيره
.
)2
(
وللمحكمة ان تمهل المحكر في الدفع اذا اانت هناك ظروف استثنايية تبرر الامهال، وفي
هذه الحالة يقدم المحكر افالة ل
ضمان الوفاء بما يستحق في ذمته
.",326
civil_131_1948,القانون المدني,131,1948,1011,مادة 1011,general,False,,86,86,"–
ينتهي حق الحكر بعدم استعماله مدة خمس عشر سنة، الا اذا اان حق الحكر
موقوفاً فينتهي بعدم استعماله مدة ثلاث ثلاثين سنة
.",119
civil_131_1948,القانون المدني,131,1948,1012,مادة 1012,mandatory,False,,86,86,"–
)
1
(
من وقت العمل بهذا القانون لا يجوز ترتيب حق حكر علي ارض غير
موقوفة، وذلك مع ع",84
civil_131_1948,القانون المدني,131,1948,1008,مادة 1008,general,False,,86,86,"الفقرة الثالثة
.
)2
(
والاحكار القايمة علي ارض غير موقوفة وقت العمل بهذا القانون تسري في شانها الاحكام
المبينة في المواد السابقة

بعض انواع الحكر
:",147
civil_131_1948,القانون المدني,131,1948,1013,مادة 1013,general,False,,86,86,"–
)
1
(عقد الايجاريتين هو ان يحكر الوقف ارضاً عليها بناء في حالة الاصلاح

مقابل مبلغ من المال مساوي القيمة هذا البناء، واجرة سنوية للارض مساوية لاجرالمثل
.
)2
(
وتسري عليه احكام الحكر الا فيما نصت عليه الفقرة السابقة
.",218
civil_131_1948,القانون المدني,131,1948,1014,مادة 1014,mandatory,False,,86,86,"–
)
1
(
خلو الانتفاع عقد يوجر به الوقف عينا ولو بغير اذن القاضي مقابل اجرة
ثابتة لزمن غير معين
.
)2
(و
يلتزم المستاجر بمقتضي هذا العقد ان يجعل العين صالحة للاستعمال
.
وبحق للوقف ان
يفسخ العقد في اي وقت بعد التنبيه في الميعاد القانوني طبقاً للقواعد الخاصة بعقد الاجارة علي",271
civil_131_1948,القانون المدني,131,1948,179,مادة 179,general,False,,86,87,".

)
3
(وتسري عليه الاحكام ا
لخاصة بايجار العقارات الموقوفة دون اخلال بما نصت عليه الفقرتان
السابقتان
.
الفصل الثالث
–
حق الاتفاق",129
civil_131_1948,القانون المدني,131,1948,1015,مادة 1015,general,False,,87,87,"–
الارتفاق حق يحد من منفعة عقار لفايدة عقار غيره يملكه شخص اخر ويجوز ان
يترتب الاتفاق علي مال عام ان اان لا يتعارض مع الاستعمال الذي خصص له هذا
المال
.",151
civil_131_1948,القانون المدني,131,1948,1016,مادة 1016,general,False,,87,87,"–
)
1
(
حق الارتفاق يكسب بعمل قانوني او بالميراث
.
)2
(
ولا يكسب بالتقادم الا الارتفاقات الظاهرة بما فيها حق المرور
.",117
civil_131_1948,القانون المدني,131,1948,1017,مادة 1017,optional,False,,87,87,"–
)
1
(
يجوز في الارتفاقات الظاهرة ان ترتب ايضاً بتخصيص من المالك الاصلي
)2
(ويكون هناك تخصيص من المالك الاصلي اذا ت
بين باي طريق من طرق الاثبات ان مالك
عقارين منفصلين قد اقام بينهما علامة ظاهرة، فانشا بذلك علاقة تبعية بينهما من شانها ان تدل
علي وجود ارتفاق لو ان العقارين اانا مملواين لملاك مختلفين
.
ففي هذه الحالة اذا انتقل
العقاران الي ايدي ملاك مختلفين دون تغيير في ح
التهما، عد الارتفاق مرتباً بين العقارين لهما
وعليهما ما لم يكن ثمة شرط صريح يخالف ذلك
.",460
civil_131_1948,القانون المدني,131,1948,1018,مادة 1018,optional,False,,87,87,"–
)
1
(
اذا فرضت قيود معينه تحد من حق مالك العقار في البناء عليه ايف شاء اان
يمنع من تجاوز معين في الارتفاق بالبناء ا وفي مساحة رقعته، فان هذه القيود تكون حقوق

ارتفاق علي هذا العقار لفايدة العقارات التي فرضت لمصلحتها هذه القيود
.
هذا ما لم يكن هناك
اتفاق يقضي بغيره
.
)2
(
وال مخالفة لهذه القيود تجوز المطالبة باصلاحها عينا، ومع ذلك يجوز الاقتصار علي
الحكم بالتعويض اذا رات المحكمة ما يبرر ذلك
.",396
civil_131_1948,القانون المدني,131,1948,1019,مادة 1019,general,False,,87,87,"– تخضع حقو
ق الارتفاق للقواعد المقررة في سند انشايها ولما جري به عرف الجهة
وللاحكام الاتية
:",92
civil_131_1948,القانون المدني,131,1948,1020,مادة 1020,mandatory,False,,87,87,"–
لمالك العقار المرتفق ان يجري من الاعمال ما هو ضروري لاستعمال حقه في
الارتفاق، وما يلزم للمحافظة عليه، وان يستعمل هذا الحق علي الوجه الذي لا ينشا عنه الا اقل
ضر
ر ممكن
.
)2
(
ولا يجوز ان يترتب علي ما يجد من حاجات العقار المرتفق اي زيادة في عبء الارتفاق
.",255
civil_131_1948,القانون المدني,131,1948,1021,مادة 1021,mandatory,False,,87,87,"–
لا يلزم مالك العقار المرتفق به ان يقوم باي عمل لمصلحة العاقر المرتفق الا ان
يكون عملا اضافياً يقتضيه استعمال الارتفاق علي الوجه المالوف ما لم يشترط غير
ذلك
.
)2
(
ًفاذا اان مالك العاقر المرتفق به هو المكلف بان يقوم بتلك الاعمال علي نفقته، اان له دايما
ان يتخلص من هذا التكليف بالتخلي عن العقار المرتفق به اله او بعضه لمالك العقار المرتفق
.
)3
(واذا اانت الاعمال نافعة ايضاً لمالك العاقر المرتفق به، اانت نف
قة الصيانة علي الطرفين
ال بنسبة ما يعود عليه من الفايدة
.",466
civil_131_1948,القانون المدني,131,1948,1023,مادة 1023,mandatory,False,,87,87,"–
)
1
(
لا يجوز لمالك العاقر المرتفق به ان يعمل شيياً يودي الي الانتقاص من
استعمال حق الاتفاق او جعله ااثر مشقة ولا يجوز له بوجه خاص ان يغير من الوضع القايم او
ان يبذل بالموضع المعين اصلا لا
ستعمال حق الارتفاق موضعاً اخر
.
)2
(
، ومع ذلك اذا اان الموضع الذي عين اصلا قد اصبح من شانه ان يزيد في عبء الارتفاق
او اصبح الارتفاق مانعاً من احداث تحسينات في العقار المرتفق به، فلمالك هذا العقار ان يطلب
نقل الاتفاق الي موضع اخر من العقار، او الي عقار اخ
ر يملكه هو او يملكه اجنبي اذا قبل
الاجنبي ذلك
.
ال هذا متي اان استعمال الارتفاق في وضعه الجديد ميسوراً لمالك العاقر
المرتفق بالقدر الذي اان ميسوراً به في وضعه السابق
.",614
civil_131_1948,القانون المدني,131,1948,1024,مادة 1024,general,False,,87,87,"–
)
1
(
اذا جزي العقار المرتفق بقي الارتفاق لكل جزء منه، علي الا يزيد ذلك في
ال
عبء الواقع علي العقار المرتفق به
.
)2
(
غير انه اذا اان حق الارتفاق لا يفيد في الواقع الا جزء من هذه الاجزاء، فلمالك العقار
المرتفق به ان يطلب زوال هذا الحق عن الاجزاء الاخري
.",256
civil_131_1948,القانون المدني,131,1948,1025,مادة 1025,optional,False,,87,88,"–
)
1
(اذا جزي العقار المرتفق به بقي حق الارتفاق واقعاً علي ال جزء منه
.
)
2
(
غير انه اذا اان حق الارتفاق لا يستعمل في الواقع علي بعض هذه الاجزاء ولا يمكن ان
يستعمل عليها، فلمالك ال جزء منها ان يطلب زوال هذا الحق عن الجزء الذي يملكه
.",235
civil_131_1948,القانون المدني,131,1948,1026,مادة 1026,general,False,,88,88,"–
تنتهي حقوق الارتفاق بانقضاء الاجل المعين وبهلاك العقر المرتفق به او العقار
المر
تفق به او العقار المرتفة هلاااً تاماً وباجتماع العاقرين في يد مالك واحد، الا انه اذا زالت
حالة الاجتماع هذه زوالا يرجع اثره الي الماضي فان حق الارتفاق يعود
.",239
civil_131_1948,القانون المدني,131,1948,1027,مادة 1027,optional,False,,88,88,"–
)
1
(
تنتهي حقوق الارتفاق بعدم استعمالها مدة خمس عشرة سنة، فان اان
الارتفاق مقرراً لمص
لحة عين موقوفة اانت المدة ثلاثا وثلاثين سنة
.
واما يسقط التقادم حق
الارتفاق يجوز اذلك بالطريقة ذاتها ان يعدل من الكيفية التي يستعمل بها
.
)2
(
واذا ملك العقار المرتفق عدة شرااء علي الشيوع فانتفاع احدهم بالارتفاق يقطع التقادم
لمصلحة الباقين، اما ان وقف التق
ادم لمصلحة احد هولاء الشرااء يجعله موقوفاً لمصلحة
سايرهم
.",404
civil_131_1948,القانون المدني,131,1948,1028,مادة 1028,optional,False,,88,88,"–
)
1
(
ينتهي حق الارتفاق اذا تغير وضع الاشياء بحيث تصبح في حالة لا يمكن
فيها استعمال هذا الحق
.
)2
(
ويعدو اذا عادت الاشياء الي وضع يمكن معه استعمال الحق، الا ان يكون قد انتهي بعدم
الاستعم
.ال",193
civil_131_1948,القانون المدني,131,1948,1029,مادة 1029,general,False,,88,88,"–
لمالك العاقر المرتفق به ان يتحرر من الارتفاق اله او بعضه اذا فقد الارتفاق ال
منفعة للعقار، او لم تبق له غير فايدة محدودة لا تناسب البتة مع الاعباء الواقعة علي العقار
المرتفق به
.
الكتاب الرابع - الحقوق العينية التبعية او التامينات ا
لعينية

الكتاب الرابع-
الباب الاول- الرهن الرسمي

الكتاب الرابع

الحقوق العينية التبعية او التامينات العينية

الباب الاول

الرهن الرسمي",370
civil_131_1948,القانون المدني,131,1948,1030,مادة 1030,general,False,,88,88,"–
، ً الرهن الرسمي عقد به يكسب الداين علي عقار مخصص لوفاء دينه حقاً عينيا
يكون له بمقتضاه ان يتقدم علي الداي
نين العاديين والداينين التالين له في المرتبة في استيفاء حقه
من ثمن ذلك العاقر في اي يد يكون
.
الفصل الاول
–
انشاء الرهن",228
civil_131_1948,القانون المدني,131,1948,1031,مادة 1031,general,False,,88,88,"–
)
1
(
لا ينعقد الرهن الا اذا اان بورقة رسمية
.
)2
(
ونفقات العقد علي الراهن الا اذا اتفق علي غير ذلك
.",104
civil_131_1948,القانون المدني,131,1948,1032,مادة 1032,mandatory,False,,88,88,"–
)
1
(
يجوز ان
يكون الراهن هو نفس المدين اما يجوز ان يكون شخصاً اخر يقدم
رهناً لمصلحة المدين
.
)2
(
وفي التا الحالتين يجب ان يكون الراهن مالكاً للعقار المرهون واهلا للتصرف فيه
.",178
civil_131_1948,القانون المدني,131,1948,1033,مادة 1033,general,False,,88,88,"–
)
1
(
اذا اان الراهن غير مالك للعقار المرهون فان عقد الرهن يصبح صحيحاً اذا
اقره الما
لك الحقيقي بورقة رسمية واذا لم يصدر هذا القرار فان حق الرهن لا يترتب علي العقار
الا من الوقت الذي يصبح فيه هذا العقار مملوااً للراهن
.
)2
(
ويقع باطلا رهن المال المستقبل
.",258
civil_131_1948,القانون المدني,131,1948,1034,مادة 1034,general,False,,88,88,"–
يبقي قايماً لمصلحة الداين المرتهن الرهن الصادر من المالك الذي تقرر ابطال
سند ملكيته او فسخه او الغايه او زواله لاي سبب اخر، اذا اان هذا الداين حسن النية في الوقت
الذي ابرم فيه الرهن
.",185
civil_131_1948,القانون المدني,131,1948,1035,مادة 1035,mandatory,False,,88,89,"–
)
1
(
لا يجوز ان يرد الرهن الرسمي الا علي عقار ما لم يوجد نص يقضي بغير
ذلك
.
)2
(ويجب ان يكون العاقر المرهون مما يصح التعامل فيه وبيعه
بالمزاد العلني، وان يكون
معينا بالذات تعييناً دقيقاً من حيث طبيعته وموقعه، وان يرد هذا التعيين اما في عقد الرهن ذاته
او في عقد رسمي لاحق، والا وقع الرهن باطلا
.",297
civil_131_1948,القانون المدني,131,1948,1036,مادة 1036,general,False,,89,89,"–
يشمل الرهن ملحقات العقار المرهون التي تعتبر عقاراً ويشمل بوجه خاص حقوق
الارتفاق
والعقارات بالتخصيص والتحسينات والانشاءات التي تعود بمنفعة علي المالك، ما لم
يتفق علي غير ذلك، مع عدم الاخلال بامتياز المبالغ المستحقة للمقاولين او المهندسين",238
civil_131_1948,القانون المدني,131,1948,1148,مادة 1148,general,False,,89,89,.,1
civil_131_1948,القانون المدني,131,1948,1037,مادة 1037,general,False,,89,89,"– يترتب علي تسجيل تنبيه نزع الملكية ان يلحق با
لعقار ما يغله من ثمار وايراد عن
المدة التي اعقبت التسجيل ويجري في توزيع هذه الغلة ما يجري في توزيع ثمن العقار
.",158
civil_131_1948,القانون المدني,131,1948,1038,مادة 1038,optional,False,,89,89,"–
يجوز لمالك المباني القايمة علي ارض الغير ان يرهنها وفي هذه الحالة يكون
للداين المرتهن حق التقدم في استيفاء الدين من ثمن الانقاض اذا ه
دمت المباني، ومن التعويض
الذي يدفعه مالك الارض اذا استبقي المباني وفقاً للاحكام الخاصة بالالتصاق
.",234
civil_131_1948,القانون المدني,131,1948,1039,مادة 1039,general,False,,89,89,"–
)
1
(
يبقي نافذاً الرهن الصادر من جميع الملاك لعقار شايع، ايا اانت النتيجة التي
تترتب علي قسمة العقار فيما بعد او علي بيعه لعدم امكان قسمته
.
)2
(
واذا رهن احد الشرااء حصته الشايعة في العقار او جزءاً مفرزاً من هذا العقار، ثم وقع في
نصيبه عند القسمة اعيان غير التي رهنها، انتقل الرهن بمرتبته الي قدر من هذه الاعيان يعادل
قيمة العقار الذي اان مرهوناً في الاصل، ويعين هذا القدر بامر علي عريضة
.
ويقوم ال
داين
المرتهن باجراء قيد جديد يبين فيه القدر الذي انتقل اليه الرهن خلال تسعين يوماً من الوقت الذي
يخطره فيه اي ذي شان بستجيل القسمة
.
ولا يضر انتقال الرهن علي هذا الوجه برهن صدر من
جميع الشرااء ولا بامتياز المتقاسمين
.",620
civil_131_1948,القانون المدني,131,1948,1040,مادة 1040,optional,False,,89,89,"–
يجوز ان يترتب الرهن ضمانا
لدين معلق علي شرط او دين مستقبل او دين
احتمالي، اما يجوز ان يترتب ضمانا لاعتماد مفتوح او لفتح حساب جار علي ان يتحدد في عقد
الرهن مبلغ الدين المضمون او الحد الاقصي الذي ينتهي اليه هذا الدين
.",218
civil_131_1948,القانون المدني,131,1948,1041,مادة 1041,general,False,,89,89,"– ال جزء من العقار او العقارات المرهونة ضامن لكل الدين
، وال جزء من الدين
مضمون بالعقار او العقارات المرهونة الها، ما لم ينص القانون او يقض الاتفاق بغير ذلك",156
civil_131_1948,القانون المدني,131,1948,1042,مادة 1042,general,False,,89,89,"–
)
1
(
لا ينفصل الرهن عن الدين المضمون، بل يكون تابعا له في صحته وفي
انقضايه، ما لم ينص القانون علي غير ذلك
.
)2
(واذا اان الراهن غير المدين
اان له الي جانب تمسكه باوجه الدفع الخاصة به ان يتمسك بما
للمدين التمسك به من اوجه الدفع المتعلقة بالدين، ويبقي له هذا الحق ولو نزل عنه المدين
.
الفصل الثاني
–
اثار الرهن

1
- اثر الرهن فيما بين المتعاقدين

بالنسبة الي الراهن
:",368
civil_131_1948,القانون المدني,131,1948,1043,مادة 1043,optional,False,,89,89,"– يجوز للراهن ان يتصر
ف في العقار المرهون واي تصرف بصدر منه لا يوثر
في حق الداين المرتهن
.",90
civil_131_1948,القانون المدني,131,1948,1044,مادة 1044,general,False,,89,89,"–
للراهن الحق في ادارة العقار المرهون وفي قبض ثماره الي وقت التحاقها بالعقار",76
civil_131_1948,القانون المدني,131,1948,1045,مادة 1045,general,False,,89,89,"–
)
1
(
الايجار الصادر من الراهن لا ينفذ في حق الداين المرتهن الا اذا اان ثابت
التاريخ قبل تس
جيل تنبيه نزع الملكية
.
اما اذا لم يكن الايجار ثابت التاريخ علي هذا الوجه، او
الن قد عقد بعد تسجيل التنبيه ولم تعجل فيه الاجرة، فلا يكون نافذا الا اذا امكن داخلا في اعمال
الادارة الحسنة
.
)2
(واذا اان الايجار السابق علي تسجيل التنبيه تزيد مدته علي تسع سن
وات، فلا يكون نافذا في
حق الداين المرتهن الا لمدة تسع سنوات ما لم يكن قد سجل قبل قيد الرهن
.",441
civil_131_1948,القانون المدني,131,1948,1046,مادة 1046,general,False,,89,90,"–
)
1
(
لا تكون المخالصة بالاجرة مقدما لمدة لا تزيد علي ثلاث سنوات ولا الحوالة
بها اذلك نافذة في حق الداين المرتهن الا اذا اانت ثابتة التاريخ قبل تسجيل تن
بيه نزع الملكية
.
)2
(
اما اذا اانت المخالصة او الحوالة لمدة تزيد علي ثلاث سنوات، فانها لا تكون نافذة في حق
الداين المرتهن ما لم تكن مسجلة قبل قيد الرهن، والا خفضت المدة الي ثلاث سنوات مع مراعاة
الحكم الوارد في الفقرة السابقة
.",382
civil_131_1948,القانون المدني,131,1948,1047,مادة 1047,mandatory,False,,90,90,"– يلتزم الرهن بضم
ان سلامة الرهن
.
وللداين المرتهن ان يعترض علي ال عمل او
تقصير يكون م شانه انقاص ضمانه انقاصا ابيرا، وله في حالة الاستعجال ان يتخذ ما يلزم من
الوسايل التحفظية وان يرجع علي الرهن بما ينفق في ذلك
.",212
civil_131_1948,القانون المدني,131,1948,1048,مادة 1048,general,False,,90,90,"–
)
1
(اذا تسبب الراهن بخطيه في هلاك العقار المرهون
او تلفه، اان الداين
المرتهن مخبرا بين ان يقتضي تامينا اافيا او ان يستوفي حقه فورا
.
)2
(
فاذا اان الهلاك او التلف قد نشا عن سبب اجنبي ولم يقبل الداين بقاء الدين بلا تامين، اان
المدين مخبرا بين ان يقدم تامينا اافيا او ان يوفي الدين فورا قبل حلول الاجل، و
في الحالة
الاخيرة اذا لم يكن للدين فوايد فلا يكون للداين حق الا في استيفاء مبلغ يعادل قيمة الدين منقوصا
منها الفوايد بالسعر القانوني عن لمدة ما بين تاريخ الوفاء وتاريخ حلول الدين
.
)3
(
وفي جميع الاحوال اذا وقعت اعمال من شانها ان تعرض العقار المرهون للهلاك
او التلف
او تجعله غير ااف للضمان، اان للداين ان يطلب الي القاضي وقف هذه الاعمال واتخاذ
الوسايل التي تمنع وقوع الضرر
.",680
civil_131_1948,القانون المدني,131,1948,1049,مادة 1049,general,False,,90,90,"–
اذا هلك العقار المرهون او تلف لاي سبب اان، انتقل الرهن بمرتبته الي الحق
الذي يترتب علي ذلك االتعويض او مبلغ التامين او الثمن
الذي يقرر مقابل نزع ملكيته للمنفعة
العامة
.
بالنسبة الي الداين المرتهن
:",199
civil_131_1948,القانون المدني,131,1948,1050,مادة 1050,optional,False,,90,90,"–
اذا اان الراهن شخصا اخر غير المدين فلا يجوز التنفيذ علي ماله الا ما رهن من
هذا المال، ولا يكون له حق الدفع بتجريد المدين ما لم يوجد اتفاق يقضي بغير ذلك
.",155
civil_131_1948,القانون المدني,131,1948,1051,مادة 1051,general,False,,90,90,"–
)
1
(
للداين بعد التنبيه علي المدين بالوفاء ان ينفذ بحقه علي العقار المرهون
ويطب بيعه في المواعيد ووفقا للاوضاع المقررة في قانون المرافعات
.
)2
(
واذا اان الراهن شخصا اخر غير المدين، جاز له ان يتفادي اي اجراء موجه اليه اذا هو
تخلي عن العقار المرهون وفقا للاوضاع
وطبقا للاحكام التي يتبعها الحايز في تخليه العقار
.",314
civil_131_1948,القانون المدني,131,1948,1052,مادة 1052,optional,False,,90,90,"–
)
1
(
يقع باطلا ال اتفاق يجعل للداين الحق عند عدم استيفاء الدين وقت حلول اجله
في ان يتملك العقار المرهون في نظير ثمن معلوم ايا اان، او في ان يبيعه دون مراعاة
للاجراءات التي فرضها القانون ولو اان
هذا الاتفاق قد ابرم بعد الرهن
.
)2
(
ولكن يجوز بعد حلول الدين او قسط منه الاتفاق علي ان ينزل المدين لداينه عن العقار
المرهون وفاء لدينه
.
2
- اثر الرهن بالنسبة الي الغير",366
civil_131_1948,القانون المدني,131,1948,1053,مادة 1053,general,False,,90,90,"–
)
1
(لا يكون الرهن نافذا في حق الغير الا اذا قيد العقد او الحكم المثبت للرهن
قبل
ان يكسب هذا الغير حقا عينيا علي العقار، وذلك دون اخلال بالاحكام المقررة في الافلاس
.
)2
(
لا يصح التمسك قبل الغير بتحويل حق مضمون بقيد، ولا التمسك بالحق الناشي من حلول
شخص محل الداين في هذا الحق بحكم القانون او الاتفاق، ولا التمسك اذلك بالتنازل عن م
رتبة
القيد لمصلحة داين اخر الا اذا حصل التاشير بذلك في هامش القيد الاصلي
.",407
civil_131_1948,القانون المدني,131,1948,1054,مادة 1054,general,False,,90,90,"–
، يتبع في اجراء القيد وتجديده ومحوه والغاء المحو والاثار المترتبة علي ذلك اله
الاحكام الواردة بقانون تنظيم الشهر العقاري
.",124
civil_131_1948,القانون المدني,131,1948,1055,مادة 1055,general,False,,90,90,"– مصروفات القيد وتجديده ومحوه علي الر
اهن ما لم يتفق علي غير ذلك
.
حق التقدم وحق التتبع
:",89
civil_131_1948,القانون المدني,131,1948,1056,مادة 1056,general,False,,90,91,"–
يستوفي الداينون المرتهنون حقوقهم قبل الداينين العاديين من ثمن العقار المرهون
، او من المال الذي حل محل هذا العقار، بحسب مرتبة ال منهم ولو اانوا قد اجروا القيد في يوم
واحد
.",174
civil_131_1948,القانون المدني,131,1948,1057,مادة 1057,general,False,,91,91,"– تحسب مر
تبة الرهن من وقت قيده، ولو اان الدين المضمون بالرهن معلقا علي
شرط او اان دينا مستقبلا او احتمالياً
.",110
civil_131_1948,القانون المدني,131,1948,1058,مادة 1058,general,False,,91,91,"–
)
1
(
يترتب علي قيد الراهن ادخال مصروفات العقد والقيد والتجديد ادخالا ضمنيا
في التوزيع وفي مرتبه الرهن نفسها
.
)2
(واذا ذار سعر الفايدة في العقد
فانه يترتب علي قيد الرهن ان يدخل في التوزيع مع اصل
الدين وفي نفس مرتبة الرهن فوايد السنتين السابقتين علي تسجيل تنبيه نزع الملكية والفوايد التي
تستحق من هذا التاريخ الي يوم رسو المزاد، دون مساس بالقيود الخاصة التي توخذ ضمانا
لفوايد اخري قد استحقت والتي تح
سب مرتبتها من وقت اجرايها
.
واذا سجل احد الداينين تنبيه
نزع الملكية انتفع ساير الداينين بهذا التسجيل
.",504
civil_131_1948,القانون المدني,131,1948,1059,مادة 1059,optional,False,,91,91,"–
للداين المرتهن ان ينزل عن مرتبة رهنه في حدود الدين المضمون بهذا الرهن
لمصلحة داين اخر له رهن مقيد علي نفس العقار، ويجوز التمسك قبل هذا الدين
الاخر بجميع
اوجه الدفع التي يجوز التمسك بها قبل الداين الاول، عدا ما اان منها متعلقا بانقضاء حق هذا
الداين الاول اذا اان هذا الانقضاء لاحقا للتنازل عن المرتبة
.",303
civil_131_1948,القانون المدني,131,1948,1060,مادة 1060,optional,False,,91,91,"–
)
1
(
يجوز للداين المرتهن عند حلول اجل الدين ان ينزع ملكية هذا العقار او اي
حق عيني
اخر عليه قابل للرهن دون ان يكون مسيولا مسيولية شخصية عن الدين المضمون
بالرهن
.",164
civil_131_1948,القانون المدني,131,1948,1061,مادة 1061,optional,False,,91,91,"–
يجوز للحايز عند حلول الدين المضمون بالرهن ان يقضيه هو وملحقاته بما في
ذلك ما صرف في الاجراءات من وقت انذاره
.
ويبقي حقه هذا قايما الي يوم رسو المزاد
.
ويكون له في هذ
ه الحالة ان يرجع بكل ما يوفيه علي المدين، وعلي المالك السابق للعقار
المرهون، اما يكون له ان يحل محل الداين الذي استوفي الدين فيما له من حقوق الا ما اان منها
تعلقا بتامينات قدمها شخص اخر غير المدين
.",366
civil_131_1948,القانون المدني,131,1948,1062,مادة 1062,mandatory,False,,91,91,"– يجب علي الحايز ان يحتفظ بقيد الرهن الذي حل
فيه محل الداين وان يجدده عند
الاقتضاء، وذلك الي ان تمحي القيود التي اانت موجودة علي العقار وقت تسجيل سند هذا الحايز",160
civil_131_1948,القانون المدني,131,1948,1063,مادة 1063,mandatory,False,,91,91,"–
)
1
(
اذا اان في ذمة الحايز بسبب امتلااه العقار المرهون مبلغ مستحق الاداء
حالا يكفي لوفاء جميع الداينين المقيدة حقوقهم علي الع
قار، فلكل من هولاء الداينين ان يجبره
علي الوفاء بحقه بشرط ان يكون سند ملكيته قد سجل
.
)2
(
فاذا اان الدين الذي في ذمة الحايز غير مستحق الاداء حالا، او اان اقل من الديون
المستحقة للداينين، او مغايرا لها، جاز للداينين اذا اتفقوا جميعا ان يطالبوا الحايز بد
فع ما في
ذمته بقدر ما هو مستحق لهم، ويكون الدفع طبقا للشروط التي التزم الحايز في اصل تعهده ان
يدفع بمقتضاها وفي الاجل المتفق علي الدفع فيه
.
)3
(
، وفي التا الحالتين لا يجوز للحايز ان يتخلص من التزامه بالوفاء للداينين بتخليه عن العقار
ولكن اذا هو وفي لهم ف
ان العقار يعتبر خالصا من ال رهن ويكون للحايز الحق في طلب محو ما
علي العقار من القيود
.",726
civil_131_1948,القانون المدني,131,1948,1064,مادة 1064,optional,False,,91,91,"–
)
1
(
يجوز للحايز اذا سجل سند ملكيته ان يطهر العقار من ال رهن تم قيده
تسجيل هذا السند
.
)2
(وللحايز ان يستعمل هذا الحق حتي قبل ان يوجه الداينون المرتهنون التنب
يه الي المدين او
الانذار الي هذا الحايز، ويبقي هذا الحق قايما الي يوم ايداع قايمة شروط البيع
.",256
civil_131_1948,القانون المدني,131,1948,1065,مادة 1065,general,False,,91,92,"–
اذا اراد الحايز تطهير العقار وجب عليه ان يوجه الي الداينين المقيدة حقوقهم في
مواطنهم المختارة المذاورة في القيد اعلانات تشتمل علي البيانات الاتية
:
( ا )
خلاصة من سند ملكية الحايز تقتصر علي بيان نوع التصرف وتاريخه واسم المالك السابق
للعقار مع تعيين هذا المالك تعيبنا دقيقا ومحل العقار مع تعيينه وتحديده بالدفة
.
واذا اان
التصرف بيعا يذار ايضا الثمن وما عسي ان يوجد من تكاليف تعتبر جزءا من هذا الثمن
.
)( ب
تاريخ تسجيل ملكية الحايز ورقم هذا التسجيل
.
( ج )
المبلغ الذي يقدره الحايز قيمة للعقار ولو اان التصرف بيعا ويجب الا يقل هذا المبلغ عن
السعر الذي يتخذ اساسا لتقدير الثمن في حالة نزع الملكية، ولا ان يقل في اي حال عن الباقي في
ذمة الحايز من ثمن العقار اذا اان
التصرف بيعا
.
واذا اانت اجزاء العاقر مثقلة برهون مختلفة
وجب قيمة ال جزء علي حدة
.
( د )
قايمة بالحقوق التي تم قيدها علي العقار قبل تسجيل سند الحايز تشتمل علي بيان تاريخ هذه
القيود ومقدار هذه الحقوق واسماء الداينين
.",880
civil_131_1948,القانون المدني,131,1948,1066,مادة 1066,mandatory,False,,92,92,"– يجب علي الحايز ان يذار في الا
علان انه مستعد ان يوفي الديون المقيدة الي القدر
الذي قوم به العقار
.
وليس عليه اي يصحب العرض بالمبلغ نقدا بل ينحصر العرض في اظهار
استعداده للوفاء بمبلغ الدفع في الحال ايا اان ميعاد استحقاق الديون المقيدة
.",237
civil_131_1948,القانون المدني,131,1948,1067,مادة 1067,optional,False,,92,92,"– يجوز لكل داين قيد حقه ولكل افيل لحق مق
يد ان يطلب بيع العقار المطلوب
تطهيره، ويكون ذلك في مدي ثلاثين يوما من اخر اعلان رسمي يضاف اليها مواعيد المسافة ما
بين الموطن الاصلي للداين وموطنه المختار، علي الا تزيد مواعيد المسافة علي ثلاثين يوما
اخري
.",246
civil_131_1948,القانون المدني,131,1948,1068,مادة 1068,optional,False,,92,92,"–
)
1
(
يكون الطلب باعلان يوجه الي الحايز
والي المالك السابق ويوقعه الطالب او
من يواله في ذلك توايلا خاصا، ويجب ان يودع الطالب خزانة المحكمة مبلغا اافيا لتغطية
مصروفات البيع بالمزاد، ولا يجوز ان يسترد ما استغرق منه في المصروفات اذا لم يرس
المزاد بثمن اعلي من المبلغ الذي عرضه الحايز، ويكون الطلب
باطلا اذا لم تستوف هذه
الشروط
.
)2
(
ولا يجوز للطالب ان يتنحي عن طلبه الا بموافقة جميع الداينين المقيدين وجميع الكفلاء
.",416
civil_131_1948,القانون المدني,131,1948,1069,مادة 1069,general,False,,92,92,"–
)
1
(
اذا طلب بيع العقار وجب اتباع الاجراءات المقررة في البيع الجبرية ويتم
البيع بناء علي طلب صاحب المصلحة في التعجيل ن طالب
او حايز
.
وعلي من يباشر
الاجراءات ان يذار في اعلانات البيع المبلغ الذي قوم به العقار
.
)2
(
ويلتزم الراسي عليه المزاد ان يرد الي الحايز الذي نزعت ملكيته المصروفات التي انفقها
في سند ملكيته، وفي تسجيل هذا السند، وفيما قام به من الاعلانات، وذلك الي جانب ال
تزاماته
بالثمن الذي رسا به المزاد وبالمصروفات التي اقتضتها اجراءات التطهير
.",458
civil_131_1948,القانون المدني,131,1948,1070,مادة 1070,general,False,,92,92,"–
اذا لم يطلب بيع العقار في الميعاد بالاوضاع المقررة استقرت ملكية العقار نهاييا
للحايز خالصة من ال حق مقيد، اذا هو دفع المبلغ الذي قوم به العقار للداينين الذين تسمح
مرت
بتهم باستيفاء حقوقهم منه، او اذا هو اودع هذا المبلغ خزانة المحكمة
.",236
civil_131_1948,القانون المدني,131,1948,1071,مادة 1071,general,False,,92,92,"–
)
1
(
تكون تخلية العقار المرهون بتقرير يقدمه الحايز الي قلم اتاب المحكمة
الابتدايية المختصة، ويجب عليه ان يطلب التاشير بذلك في هامش تسجيل التنبيه بنزع الملكية،
وان يعلن الداين
المباشر للاجراءات بهذه التخلية في خلال خمسة ايام من وقت التقرير بها
.
)2
(
ويجوز من له مصلحة التعجيل ان يطلب الي قاضي الامور المستعجلة تعيين حارس تتخذ
في مواجهته اجراءات نزع الملكية ويعين الحايز حارسا اذا طلب ذلك
.",392
civil_131_1948,القانون المدني,131,1948,1072,مادة 1072,optional,False,,92,92,"– اذا لم يختبر الحايز ان يقضي ا
لديون المقيدة او يطهر العقار من الرهن او يتخلي
عن هذا العقار، فلا يجوز للداين المرتهن ان يتخذ في مواجهته اجراءات نزع الملكية وفقا
لاحكام قانون المرافعات الا بعد انذاره بدفع الدين المستحق او تخلية العقار، ويكون الانذار بعد
التنبيه علي المدين بنزع الملكية
او مع هذا التنبيه في وقت واحد
.",317
civil_131_1948,القانون المدني,131,1948,1073,مادة 1073,optional,False,,92,92,"–
)
1
(
يجوز للحايز الذي سجل سند ملكيته ولم يكن طرفا في الدعوي التي حكم فيها
علي المدين بالدين، ان يتمسك باوجه الدفع التي اان للمدين ان يتمسك بها، اذا اان الحكم بالدين
لاحقا لتسجيل سند الحايز
.
)2
(
ويجوز للحايز في
جميع الاحوال ان يتمسك بالدفوع التي لا يزال للمدين بعد الحكم بالدين
حق التمسك بها
.",297
civil_131_1948,القانون المدني,131,1948,1074,مادة 1074,general,False,,93,93,"–
يحق للحايز ان يدخل في المزاد علي شرط الا يعرض فيه ثمنا اقل من الباقي في
ذمته من ثمن العقار الجاري بيعه
.",106
civil_131_1948,القانون المدني,131,1948,1075,مادة 1075,general,False,,93,93,"– اذا نزعت ملكية العقار المرهون ولو اان ذلك بع
د اتخاذ اجراءات التطهير او
التخلية ورسا المزاد علي الحايز نفسه، اعتبر هذا مالكا للعقار بمقتضي سند ملكيته الاصلي،
ويتطهر العقار من ال حق مقيدا اذا دفع الحايز الثمن الذي رسا به المزاد او اودعه خزانة
المحكمة
.",253
civil_131_1948,القانون المدني,131,1948,1076,مادة 1076,general,False,,93,93,"– اذا رسا المزاد في الاحوال المتقدمة ع
لي شخص اخر غير الحايز، فان هذا
الشخص الاخر يتلقي عن الحايز بمقتضي حكم مرسي المزاد
.",122
civil_131_1948,القانون المدني,131,1948,1077,مادة 1077,general,False,,93,93,"–
، اذا زاد الثمن الذي رسا به الزاد علي ما هو مستحق للداينين المقيدة حقوقهم
اانت الزيادة للحايز واان للداينين المرتهنين ان يطلبوا من الحايز ان يستوفوا حقوقهم من
هذه
الزيادة
.",174
civil_131_1948,القانون المدني,131,1948,1078,مادة 1078,general,False,,93,93,"–
يعود للحايز ما اان له قبل انتقال ملكية العقار اليه من حقوق ارتفاق وحقوق عينية
اخري
.",86
civil_131_1948,القانون المدني,131,1948,1079,مادة 1079,general,False,,93,93,"–
علي الحايز ان يرد ثمار العقار من وقت انذاره بالدفع او التخلية
.
فاذا ترات
الاجراءات مدة ثلاث سنوات، فلا يرد الثمار الا من وقت ان يوج
ه اليه انذار جديد
.",154
civil_131_1948,القانون المدني,131,1948,1080,مادة 1080,general,False,,93,93,"–
)
1
(
يرجع الحايز بدعوي الضمان علي المالك السابق في الحدود التي يرجع بها
الخلف علي من تلقي منه الملكية معاوضة او تبرعا
.
)2
(
ويرجع الحايز ايضا علي المدين بما دفعه زيادة علي ما هو مستحق في ذمته بمقتضي سند
ملكيته ايا اان السبب ف
ي دفع هذه الزيادة، ويحل محل الداينين الذين وفاهم حقوقهم
.
وبوجه
خاص يحل محلهم فيما لهم من تامينات قدمها المدين دون التامينات التي قدمها شخص اخر غير
المدين
.",386
civil_131_1948,القانون المدني,131,1948,1081,مادة 1081,general,False,,93,93,"–
الحايز مسيول شخصيا قيل الداينين عما يصيب العقار من تلف بخطيه
.
الفصل الثالث
–
انقضاء ا
لرهن",93
civil_131_1948,القانون المدني,131,1948,1082,مادة 1082,general,False,,93,93,"–
ينقضي حق الرهن الرسمي بانقضاء الدين المضمون ويعود معه اذا زال السبب
انقضي به الدين، دون اخلال بالحقوق التي يكون الغير لا سحن النية قد اسبها في الفترة ما بين
انقضاء الحق وعودته
.",179
civil_131_1948,القانون المدني,131,1948,1083,مادة 1083,general,False,,93,93,"–اذا تمت اجراءات التطهير انقضي حق الرهن الرسمي نها
ييا، ولو زالت لاي سبب
من الاسباب ملكية الحايز الذي طهر العقار
.",114
civil_131_1948,القانون المدني,131,1948,1084,مادة 1084,general,False,,93,93,"–
اذا بيع العقار المرهون بيعا جبريا بالمزاد العلني سواء اان ذلك في مواجهة مالك
العقار او الحايز او الحارس الذي سلم اليه العقار عند التخلية، فان حقوق الرهن علي هذا العقار
تنقضي بايد
اع الثمن الذي سار به المزاد، او بدفعه الي الداينين المقيدين الذين تسمح مرتبتهم
باستيفاء حقوقهم من هذا الثمن
.
الكتاب الرابع -
الباب الثاني- حق الاختصاص

الباب الثاني

حق الاختصاص

الفصل الاول
–
انشاء حق الاختصاص",392
civil_131_1948,القانون المدني,131,1948,1085,مادة 1085,mandatory,False,,93,93,"–
)
1
(يجوز لكل داين بيده حكم
واجب التنفيذ صادر في موضوع الدعوي يلزم
المدين بشيء معين ان يحصل، متي اان حسن النية، علي حق اختصاص بعقارات مدينة ضمانا
لاصل الدين والفوايد والمصروفات
.
)2
(
ولا يجوز للداين بعد موت المدين اخذ اختصاص علي عقار في التراة
.",248
civil_131_1948,القانون المدني,131,1948,1086,مادة 1086,mandatory,False,,93,93,"– لا يجوز الحصول علي حق ا
ختصاص بناء علي حكم صادر من محكمة اجنبية،
او علي قرار صادر من محكمتين الا اذا اصبح الحكم او القرار واجب التنفيذ
.",138
civil_131_1948,القانون المدني,131,1948,1087,مادة 1087,mandatory,False,,94,94,"–
يجوز الحصول علي حق اختصاص بناء علي حكم يثبت صلحا او اتفاقا تم بين
الخصوم
.
ولكن لا يجوز الحصول علي حق اختصاص بناء علي حكم صادر بصح
ة التوقيع
.",144
civil_131_1948,القانون المدني,131,1948,1088,مادة 1088,mandatory,False,,94,94,"–
لا يجوز اخذ حق الاختصاص الا علي عقار او عقارات معينة مملواة للمدين
وقت قيد هذا الحق وجايز بيعها بالمزاد العلني
.",114
civil_131_1948,القانون المدني,131,1948,1089,مادة 1089,mandatory,False,,94,94,"-
)
1
(
علي الداين الذي يريد اخذ اختصاص علي عقارات مدينة ان يقدم عريضة
بذلك الي رييس المحكمة الابتدايية الي تقع
في دايرتها العقارات التي يريد الاختصاص بها
.
)2
(
وهذه العريضة يجب ان يكون مصحوبة بصورة رسمية من الحكم او بشهادة من قلم الكتاب
مدون فيها منطوق الحكم، وان تشتمل علي البيانات الاتية
:
( ا )
اسم الداين ولقبه وصناعته وموطنه الاصلي والموطن المختار الذي يعنيه في
البلدة التي يقع
فيها مقر المحكمة
.
( ب)
اسم المدين ولقبه وصناعته وموطنه
.
( ج )
تاريخ الحكم وبيان المحكمة التي اصدرته
.
( د)
مقدار الدين، فاذا اان الدين المذاور في الحكم غير محدد المقدار، تولي رييس المحكمة
تقديره موقتا وعين المبلغ الذي يوخذ به حق الاختصاص
.
( ه )
تعيين العقارات تعيينا دقيقا وبيان موقعها مع تقديم الاوراق الدالة علي قيمتها
.",710
civil_131_1948,القانون المدني,131,1948,1090,مادة 1090,mandatory,False,,94,94,"–
)
1
(
يدون رييس المحكمة في ذيل العريضة امره بالاختصاص
.
)2
(
وانما يجب عليه عند الترخيص به ان يراعي مقدار الدين وقمة العقارات المبينة بالعريضة
بوجه التقريب، وعند
الاقتضاء يجعل الاختصاص مقصورا علي بعض هذه العقارات او علي
واحد منها فقط او علي جزء من احدها اذا راي ان ذلك ااف لتامين دفع اصل الدين والفوايد
والمصروفات المستحقة للداينين
.",335
civil_131_1948,القانون المدني,131,1948,1091,مادة 1091,general,False,,94,94,"–
علي قلم الكتاب اعلان بالامر الصادر بالاختصاص في نفس اليوم الذي يصدر فيه
ه
ذا الامر، وعليه ايضا ان يوشر بهذا الامر علي صورة الحكم او علي الشهادة المرفقة بالطلب
المقدم لاخذ الاختصاص، وان يخطر قلم اتاب المحكمة الصادر منها الحكم للتاشير بذلك علي
ال صورة او شهادة اخري يسلمها للداين
.",281
civil_131_1948,القانون المدني,131,1948,1092,مادة 1092,optional,False,,94,94,"–
)
1
(يجوز للمدين ان يتظلم من الامر ال
صادر بالاختصاص امام الامر، اما يجوز
له ان يرفع هذا التظلم الي المحكمة الابتدايية
.
)2
(
ويجب ان يوشر علي هامش القيد بكل امر او حكم قضي بالغاء الامر الصادر بالاختصاص",204
civil_131_1948,القانون المدني,131,1948,1093,مادة 1093,general,False,,94,94,"–
اذا رفض رييس المحكمة طلب الاختصاص المقدم من الداين، سواء اان الرفض
من بادي الا
مر او بعد تظلم المدين، جاز للداين ان يتظلم من امر الرفض الي المحكمة الابتدايية
الفصل الثاني
–
اثار حق الاختصاص وانقاصه وانقضاوه",208
civil_131_1948,القانون المدني,131,1948,1094,مادة 1094,optional,False,,94,94,"–
)
1
(
يجوز لكل ذي مصلحة ان يطلب انقاص الاختصاص الي الحد المناسب اذا
اانت الاعيان التي رتب عليها هذا الحق تزيد قيمتها
علي ما يكفي لضمان الدين
.
)2
(
، ويكون انقاص الاختصاص اما بقصره علي جزء من العقار او العقارات التي رتب عليها
او بنقله الي عقار اخر تكون قيمته اافية لضمان الدين
.
)3
(
والمصروفات اللازمة لاجراء الانقاص ولو تم بموافقة الداين تكون علي من طلب الانقاص",365
civil_131_1948,القانون المدني,131,1948,1095,مادة 1095,general,False,,94,95,"–
يكون للداين الذي حصل علي حق الاختصاص نفس الحقوق التي للداين الذي
حصل علي رهن رسمي، ويسري علي الاختصاص ما يسري علي الرهن الرسمي من احكام
وبخاصة ما يتعلق وتجديده ومحوه وعدم تجزية الحق واثره وانقضايه، وذلك اله مع عدم
الاخلال بما ورد من احكام خاصة
.
الكت
اب الرابع -
الباب الثالث- الرهن الحيازي

الباب الثالث

الرهن الحيازي
الفصل الاول
–
اراان الرهن الحيازي",355
civil_131_1948,القانون المدني,131,1948,1096,مادة 1096,mandatory,False,,95,95,"–
الرهن الحيازي عقد به يلتزم شخص، ضمانا الدين عليه او علي غيره، ان يسلم
الي الداين او الي اجنبي يعينه المتعاقدان، شييا يرتب عليه للداين ح
قا عينيا يخوله حبس الشيء
لحين استيفاء الدين، وان يتقدم الداينين العاديين والداينين التالين له في المرتبة في اقتضاء حقه
من ثمن هذا الشيء في اي يد يكون
.",289
civil_131_1948,القانون المدني,131,1948,1097,مادة 1097,optional,False,,95,95,"–
لا يكون محلا للرهن الحيازي الا ما يمكن بيعه استقلالا بالمزاد العلني من منقول
وعقار
.",86
civil_131_1948,القانون المدني,131,1948,1098,مادة 1098,general,False,,95,95,–,1
civil_131_1948,القانون المدني,131,1948,1033,مادة 1033,general,False,,95,95,"واحكام المواد من1040
الي
1042
المتعلقة بالرهن الرسمي
.
الفصل الثاني
–
اثار رهن الحيازة

1
- فيما بين المتعاقدين

التزامات الراهن
:",130
civil_131_1948,القانون المدني,131,1948,1099,مادة 1099,general,False,,95,95,"–
)
1
(علي الراهن تسليم الشيء المرهون الي الداين او الي الشخص الذي عين
ه
المتعاقدان لتسلمه
.
)2
(
ويسري علي الالتزام بتسليم الشيء المرهون احكام الالتزام بتسليم الشيء المبيع
.",174
civil_131_1948,القانون المدني,131,1948,1100,مادة 1100,definition,False,,95,95,"–
اذا رجع المرهون الي حيازة الراهن انقضي الرهن، الا اذا اثبت الداين المرتهن
ان الرجوع اان بسبب لا يقصد به انقضاء الرهن
.
ال هذا دون اخلال بحقو
ق الغير
.",152
civil_131_1948,القانون المدني,131,1948,1101,مادة 1101,general,False,,95,95,"–
يضمن الراهن سلامة الرهن ونفاذه، وليس له ان ياتي عملا ينقص من قيمة
الشيء المرهون او يحول دون استعمال الداين لحقوقه المستمدة من العقد، وللداين المرتهن في
حالة الاستعجال ان يتخذ علي نفقة الراهن ال الوسايل التي تلزم للمحافظة علي الشيء ا
لمرهون",241
civil_131_1948,القانون المدني,131,1948,1102,مادة 1102,general,False,,95,95,"–
)
1
(
يضمن الراهن هلاك الشيء المرهون او تلفه اذا اان الهلاك او التلف راجعا
لخطيه او ناشيا عن قوة قاهرة
.
)2
(
وتسري علي الرهن الحيازي احكام المادتين1048
و1049
المتعلقة بهلاك الشيء
المرهون رهنا رسميا او تلفه، وبانتقال حق الداين من الشيء
المرهون الي ما حل من حقوق
.
التزامات الداين المرتهن
:",291
civil_131_1948,القانون المدني,131,1948,1103,مادة 1103,general,False,,95,95,"–
اذا تسلم الداين المرتهن الشيء المرهون فعليه ان يبذل في حفظه وصيانته من
العناية ما يبذله الشخص المعتاد، وهو مسيول عن هلاك الشيء او تلفه ما لم يثبت ان ذلك يرجع
لسبب اجنبي لا يد له فيه
.",185
civil_131_1948,القانون المدني,131,1948,1104,مادة 1104,general,False,,95,95,"–
)
1
(ليس للداين ان ينتفع بالشيء المرهون دون مقابل
.
)2
(
وعليه ان يستثمره ااملا ما لم يتفق علي غير ذلك
.
)3
(
وما حصل عليه الداين من صافي الريع وما استفادة من استعمال الشيء يخصم من المبلغ
المضمون بالرهن ولو لم يكن قد حل اجله، علي ان يكون الخصم اولا من ق
يمة ما انفقه في
المحافظة علي الشيء وفي الاصلاحات، ثم من المصروفات والفوايد، ثم من اصل الدين
.",349
civil_131_1948,القانون المدني,131,1948,1105,مادة 1105,optional,False,,95,95,"–
)
1
(
اذا اان الشيء المرهون ينتج ثمارا او ايرادا واتفق الطرفان علي ان يجعل
ذلك اله او بعضه في مقابل الفوايد، اان هذا الاتفاق نافذا في حدود اقصي ما يس
مح به القانون
من الفوايد الاتفاقية
.
)2
(
فاذا لم يتفق الطرفان علي ان تجعل الثمار في مقابل الفوايد، وسكتا مع ذلك عن تحديد سعر
الفايدة، حسبت الفايدة علي اساس السعر القانوني دون ان تجاوز قيمة الثمار
.
فاذا لم يعينا ميعادا
لحلول الدين المضمون، فلا يجوز للدا
ين ان يطالب باستيفاء حقه الا من طريق استنزاله من قيمة
الثمار، دون اخلال بحق المدين في الوفاء بالدين في اي وقت اراد
.",523
civil_131_1948,القانون المدني,131,1948,1106,مادة 1106,mandatory,False,,95,96,"–
)
1
(
يتولي الداين المرتهن ادارة الشيء المرهون، وعليه ان يبذل في ذلك من
العناية ما يبذله الرجل المعتاد، وليس له ان يغير من طري
قة استغلال الشيء المرهون الا برضاء
الراهن، يجب عليه ان يبادر باخطار الراهن عن ال امر يقتضي تدخله
.
)
2
(
فاذا اساء الداين استعمال هذا الحق او اراد الشيء اداره سيية او ارتكب في ذلك اهمالا
جسيما، اان للراهن الحق في ان يطلب وضع الشيء تحت الحراسة او ان يسترده
مقابل دفع ما
عليه
.
وفي الحالة الاخيرة اذا اان المبلغ المضمون بالهن لا تسري عليه فايدة ولم يكن قد حل
اجله، فلا يكون للداين الا ما يبقي من هذا المبلغ بعد خصم قيمة الفايدة منه بسعرها القانوني عن
المدة ما بين يوم الوفاء ويوم حلول الدين
.",619
civil_131_1948,القانون المدني,131,1948,1107,مادة 1107,general,False,,96,96,"– يرد الدا
ين الشيء المرهون الي الراهن بعد ان يستوفي اامل حقه، وما يتصل
بالحق من ملحقات ومصروفات وتعويضات
.",107
civil_131_1948,القانون المدني,131,1948,1108,مادة 1108,general,False,,96,96,–,1
civil_131_1948,القانون المدني,131,1948,1050,مادة 1050,general,False,,96,96,المتعلقة بمسيولية الراهن غير,28
civil_131_1948,القانون المدني,131,1948,1052,مادة 1052,general,False,,96,96,"المتعلقة بشرط التملك عند عدم الوفاء وشرط البيع دون ا
جراءات
.
2
- بالنسبة الي الغير",83
civil_131_1948,القانون المدني,131,1948,1109,مادة 1109,mandatory,False,,96,96,"–
)
1
(
يجب لنفاذ الرهن في حق الغير ان يكون الشيء المرهون في يد الداين او
الاجنبي الذي ارتضاه المتعاقدان
.
)2
(
ويجوز ان يكون الشيء المرهون ضامنا لعدة ديون
.",157
civil_131_1948,القانون المدني,131,1948,1110,مادة 1110,optional,False,,96,96,"–
)
1
(يخول الرهن الداين المرتهن الحق في حبس الشيء ال
مرهون عن الناس اافة
، دون اخلال بما للغير من حقوق ثم حفظها وفقا للقانون
.
)2
(
واذا خرج الشيء من يد الداين دون ارادته او دون علمه اان له الحق في استرداد حيازته
من الغير وفقا لاحكام الحيازة
.",244
civil_131_1948,القانون المدني,131,1948,1111,مادة 1111,general,False,,96,96,"– لا يقتصر الرهن الحيازي علي ضمان الحق وانما يضمن ايضا و
في نفس المرتبة
ما ياتي
:
( ا )
المصروفات الضرورية التي انفقت للمحافظة علي الشيء
.
( ب)
التعويضات عن الاضرار الناشية من عيوب الشيء
.
( ج )
مصروفات العقد الذي انشا الدين ومصروفات عقد الرهن الحيازي وقيده عند الاقتضاء
.
( د)
المصروفات التي اقتضاها تنفيذ الرهن الح
يازي
.
( ه )",329
civil_131_1948,القانون المدني,131,1948,230,مادة 230,general,False,,96,96,".

الفصل الثالث
–
انقضاء الرهن الحيازي",38
civil_131_1948,القانون المدني,131,1948,1112,مادة 1112,general,False,,96,96,"–
ينقضي حق الرهن الحيازي بانقضاء الدين المضمون ويعود معه اذا زال السبب
الذي انقضي به الدين دون اخلال بالحقوق التي يكون الغير حسن النية قد اسبها
قانونا في الفترة
ما بين انقضاء الحق وعودته
.",188
civil_131_1948,القانون المدني,131,1948,1113,مادة 1113,general,False,,96,96,"–
ينقضي ايضا الرهن الحيازي باحد الاسباب الاتية
:
( ا )
اذا نزل الداين المرتهن عن هذا الحق واان ذا اهلية في ابراء ذمة المدين من الدين ويجوز
ان يستفاد التنازل ضمنا من تخلي الداين باختياره عن الشيء المرهو
ن او من موافقته علي
التصرف فيه دون تحفظ، علي انه اذا اان الرهن مثقلا بحق تقرر لمصلحة الغير، فان تنازل
الداين لا ينفذ في حق هذا الغير الا اذا اقره
.
( ب)
اذا اجتمع حق الرهن الحيازي مع حق الملكية في يد شخص واحد
.
( ج )
اذا هلك الشيء او انقضي الحق المرهون
.
ا
لفصل الرابع
–
بعض انواع الرهن الحيازي

1.الرهن العقاري",513
civil_131_1948,القانون المدني,131,1948,1114,مادة 1114,general,False,,96,96,"–
يشترط لنفاذ الرهن العقاري في حق الغير الي جانب انتقال الحيازة ان يقيد عقد
الرهن، وتسري علي هذا القيد الاحكام الخاصة بقيد الرهن الرسمي
.",137
civil_131_1948,القانون المدني,131,1948,1115,مادة 1115,optional,False,,96,96,"–
يجوز للداين المرتهن لعقار ان يوجر العقار
الي الراهن دون ان يمنع ذلك من نفاذ
الرهن في حق الغير
.
فاذا اتفق علي الايجار في عقد الرهن وجب ذار ذلك في القيد ذاته
.
اما اذا
اتفق عليه بعد الرهن وجب ان يوشر به في هامش القيد، الا ان هذا التاشير لا يكون ضروريا اذا
جدد الايجار تجديدا ضمنيا
.",283
civil_131_1948,القانون المدني,131,1948,1116,مادة 1116,general,False,,97,97,"–
)
1
(
علي الداين المرتهن لعقار ان يتعهد العقار بالصيانة وان يقوم بالنفقات
اللازمة لحفظة، وان يدفع ما يستحق سنويا من ضرايب وتكاليف، علي ان يستنزل من الثمار
التي يحصلها قيمة ما انفق او يستوفي هذه القيمة من ثمن العقار في المرتبة التي يخولها له
القانون
.
)2
(ويج
وز للداين ان يتحلل من هذه الالتزامات اذا هو تخلي عن حق الرهن
.
2
- رهن المنقول",339
civil_131_1948,القانون المدني,131,1948,1117,مادة 1117,general,False,,97,97,"–
يشترط لنفاذ رهن المنقول في حق الغير الي جانب انتقال الحيازة ان يدون العقد
في ورقة ثابتة التاريخ يبين فيها المبلغ المضمون بالرهن والعين المرهونة بيانا اافيا
–
وهذا
الت
اريخ الثابت يحدد مرتبة الداين المرتهن
.",208
civil_131_1948,القانون المدني,131,1948,1118,مادة 1118,optional,False,,97,97,"–
)
1
(
الاحكام المتعلقة بالاثار التي تترتب علي حيازة المنقولات المادية والسندات
التي لحاملها تسري علي رهن المنقول
.
)2
(
ويوجه خاص يكون للمرتهن اذا اان حسن النية ان يتمسك بحقه في الرهن ولو اان الراهن
لا يملك
التصرف في الشيء المرهون اما يجوز من جهة اخري لكل حايز حسن النية ان يتمسك
بالحق الذي اسبه علي الشيء المرهون ولو اان ذلك لاحقا لتاريخ الرهن
.",348
civil_131_1948,القانون المدني,131,1948,1119,مادة 1119,general,False,,97,97,"–
)
1
(
اذا اان الشيء المرهون مهددا بالهلاك او التلف او نقض القيمة بحيث يخشي
ان يصبح غير ااف لضمان حق الداين
ولم يطلب الراهن رده اليه مقابل شي اخر يقدم بدله، جاز
للداين او للراهن ان يطلب من القاضي الترخيص له في بيعه بالمزاد العلني او بسعره في
البورصة او السوق
.
)2
(
ويفصل القاضي في امر ايداع الثمن عند الترخيص في البيع
.
وينتقل حق الداين في هذه
الحالة من الشيء ا
لي ثمنه
.",373
civil_131_1948,القانون المدني,131,1948,1120,مادة 1120,optional,False,,97,97,"–
، يجوز للراهن اذا عرضت فرصة لبيع الشيء المرهون واان البيع صفقة رابحة
ان يطلب من القاضي الترخيص في بيع هذا الشيء، ولو اان ذلك قبل حلول اجل الدين، ويحدد
القاضي عند الترخيص شروط البيع ويفصل في امر ايداع الثمن
.",209
civil_131_1948,القانون المدني,131,1948,1121,مادة 1121,optional,False,,97,97,"–
)
1
(يجوز للد
اين المرتهن اذا لم يستوف حقه ان يطلب من القاضي الترخيص له
في بيع المرهون بالمزاد العلني او بسعره في البورصة او السوق
.
)2
(
ويجوز له ايضا ان يطلب من القاضي ان يامر بتمليكه الشيء وفاء للدين علي ان يحسب
عليه بقيمته بحسب تقدير الخبراء
.",249
civil_131_1948,القانون المدني,131,1948,1122,مادة 1122,general,False,,97,97,"– تسري الاحك
ام المتقدمة بالقدر الذي لا تتعارض فيه مع احكام القوانين التجارية
والاحكام الخاصة ببيوت التسليف المرخص لها في الرهن واحكام القوانين واللوايح المتعلقة
باحوال خاصة في رهن المنقول
.
3
- رهن الدين",204
civil_131_1948,القانون المدني,131,1948,1123,مادة 1123,general,False,,97,97,"–
)
1
(لا يكون رهن الدين نافذا في حق المدين الا باعلان ه
ذا الرهن اليه او بقبوله",80
civil_131_1948,القانون المدني,131,1948,305,مادة 305,general,False,,97,97,".

)
2
(
ولا يكون نافذا في حق الغير الا بحيازة المرتهن لسند الدين المرهون، وتحسب للرهن
مرتبته من التاريخ الثابت للاعلان او القبول
.",131
civil_131_1948,القانون المدني,131,1948,1124,مادة 1124,general,False,,97,97,"–
السندات الاسمية والسندات الاذنية يتم رهنها بالطريقة الخاصة التي رسمها
ا
لقانون لحوالة هذه السندات علي ان يذار ان الحوالة قد تمت علي سبيل الرهن، ويتم الرهن
دون حاجة الي اعلان",175
civil_131_1948,القانون المدني,131,1948,1125,مادة 1125,optional,False,,97,97,"–
اذا اان الدين غير قابل للحوالة او للحجز فلا يجوز رهنه
.",57
civil_131_1948,القانون المدني,131,1948,1126,مادة 1126,general,False,,97,98,"–
)
1
(
للداين المرتهن ان يستولي علي الفوايد المستحقة عن الدين المرهون والتي
تحل بعد الرهن، واذلك له ان يستولي علي ال الاستحقاقات الدورية التي لهذا الدين علي ان
يخصم ما يستولي عليه من المصروفات ثم من الفوايد ثم من اصل الدين المضمون بالرهن، ال
هذا ما لم يتفق علي غيره
.
)2
(ويلتزم الداين المرتهن بالمحافظة علي الدين المرهون، فاذا ا
ان له ان يقتضي شييا من هذا
الدين دون تدخل من الراهن، اان عليه ان يقتضيه في الزمان والمكان المعينين للاستيفاء وان
يبادر باخطار الراهن بذلك
.",470
civil_131_1948,القانون المدني,131,1948,1127,مادة 1127,optional,False,,98,98,"–
يجوز للمدين في الدين المرهون ان يتمسك قبل الداين المرتهن باوجه الدفع
المتعلقة بصحة الحق المضمون بالرهن
، واذلك باوجه الدفع التي تكون له قبل داينه الاصلي،
ال ذلك بالقدر الذي يجوز فيه للمدين في حالة الحوالة ان يتمسك بهذه الدفوع قبل المحال اليه
.",245
civil_131_1948,القانون المدني,131,1948,1128,مادة 1128,optional,False,,98,98,"–
)
1
(
اذا حل الدين المرهون قبل حلول الدين المضمون بالرهن، فلا يجوز للمدين
ان يوفي الدين الا للمرتهن والر
اهن معا، ولكل من هذين ان يطلب الي المدين ايداع ما يوديه،
وينتقل حق الراهن الي ما تم ايداعه
.
)2
(
وعلي المرتهن والراهن ان يتعاونا علي استغلال ما اداء المدين، وان يكون ذلك علي انفع
الوجوه للراهن دون ان يكون فيه ضرر للداين المرتهن، مع المبادرة الي انشاء ر
هن جديد
لمصلحة هذا الداين
.",388
civil_131_1948,القانون المدني,131,1948,1129,مادة 1129,general,False,,98,98,"–
اذا اصبح ال من الدين المرهون والدين المضمون بالرهن مستحق الاداء، جاز
للداين المرتهن اذا لم يستوف حقه، ان يقبض من الدين المرهون ما يكون مستحقا له او ان يطلب",157
civil_131_1948,القانون المدني,131,1948,1121,مادة 1121,general,False,,98,98,"الفقرة الثانية
.
ا
لكتاب الرابع -
الباب الرابع- حقوق الامتياز

الباب الرابع

حقوق الامتياز

الفصل الاول
–
احكام عامة",116
civil_131_1948,القانون المدني,131,1948,1130,مادة 1130,general,False,,98,98,"–
)
1
(
الامتياز اولوية يقررها القانون لحق معين مراعاة منه لصفته
.
)2
(
ولا يكون للحق امتياز الا بمقتضي نص في القانون
.",119
civil_131_1948,القانون المدني,131,1948,1131,مادة 1131,general,False,,98,98,"–
)
1
(مرتبة الامتياز
يحددها القانون، فاذا لم ينص صراحة في حق ممتاز علي
مرتبة امتيازه، اان هذا الحق متاخرا في المرتبة عن ال امتياز ورد في هذا الباب
.
)2
(
واذا اانت الحقوق الممتازة في مرتبة واحدة، فاتها تستوفي بنسبة قيمة ال منها ما لم يوجد
نص يقضي بغير ذلك
.",258
civil_131_1948,القانون المدني,131,1948,1132,مادة 1132,general,False,,98,98,"– ترد حق
وق الامتياز العامة علي جميع اموال المدين من منقول وعقار
.
اما حقوق
الامتياز الخاصة فتكون مقصورة علي منقول او عقار معين
.",129
civil_131_1948,القانون المدني,131,1948,1133,مادة 1133,general,False,,98,98,"–
)
1
(
لا يحتج بحق الامتياز علي من حاز المنقول بحسن نية
.
)2
(
ويعتبر حايزا في حكم هذه المادة موجر العقار بالنسبة الي المنقولات
الموجودة في العين
الموجرة، وصاحب الفندق بالنسبة الي الامتعة التي يودعها النزلاء في فندقه
.
)3
(
واذا خشي الداين لاسباب معقولة، تبديد المنقول المثقل بحق امتياز لمصلحته جاز له ان
يطلب وضعه تحت الحراسة
.",329
civil_131_1948,القانون المدني,131,1948,1134,مادة 1134,mandatory,False,,98,98,"–
)
1
(
تسري علي حقوق الامتياز الواقعة علي عقار
، احكام الرهن الرسمي بالقدر
الذي لا تتعارض فيه مع طبيعة الحقوق
.
وتسري بنوع خاص احكام التطهير والقيد وما يترتب
علي القيد من اثار وما يتصل به من تجديد ومحو
.
)2
(
ومع ذلك فان حقوق الامتياز العامة ولو اان محلها عقارا لا يجب فيها الشهر ولا يثبت فيها
حق التتبع،
ولا حاجة للشهر ايضا في حقوق الامتياز العقارية الضامنة لمبالغ مستحقة للخزانة
العامة
.
وهذه الحقوق الممتازة جميعا تكون اسبق في المرتبة علي اي حق امتياز عقاري اخر او
اي حق رهن رسمي مهما اان تاريخ قيده، اما فيما بينها، فالامتياز الضامن للمبالغ المستحقة
للخز
انة بتقدم علي حقوق الامتياز العامة
.",596
civil_131_1948,القانون المدني,131,1948,1135,مادة 1135,general,False,,98,99,"–
يسري علي الامتياز ما يسري علي الرهن الرسمي من احكام متعلقة بهلاك الشيء
او تلفه
.",82
civil_131_1948,القانون المدني,131,1948,1136,مادة 1136,general,False,,99,99,"–
ينقضي حق الامتياز بنفس الطرق التي ينقضي بها حق الرهن الرسمي وحق
الرهن الحيازة ووفقا لاحكام انقضاء هذين الحقين، ما
لم يوجد نص خاص يقضي بغير ذلك
.
الفصل الثاني
–
انواع الحقوق الممتازة",183
civil_131_1948,القانون المدني,131,1948,1137,مادة 1137,general,False,,99,99,"-
الحقوق المبينة في المواد الاتية تكون ممتازة الي جانب حقوق الامتياز المقررة
بنصوص خاصة
.
1
- حقوق الامتياز العامة

وحقوق الامتياز الخاصة الواقعة علي منقول",155
civil_131_1948,القانون المدني,131,1948,1138,مادة 1138,general,False,,99,99,"–
)
1
(المصروفات ا
لقضايية التي انقت لمصلحة جميع الداينين في حفظ اموال
المدين وبيعها، لها امتياز علي ثمن هذه الاموال
.
)2
(
وتستوفي هذه المصروفات قبل اي حق اخر ولو اان ممتازا او مضمونا برهن رسمي بما
في ذلك حقوق الداينين الذين انفقت المصروفات في مصلحتهم
.
وتتقدم المصروفات التي
انفقت
في بيع الاموال علي تلك انفقت في اجراءات التوزيع
.",332
civil_131_1948,القانون المدني,131,1948,1139,مادة 1139,general,False,,99,99,"–
)
1
(
المبالغ المستحقة للخزانة العامة من ضرايب ورسوم وحقوق اخري من اي
نوع اان، يكون لها امتياز بالشروط المقررة في القوانين والاوامر الصادرة في هذا الشان
.
)2
(وتستوفي هذه المبالغ من ثمن ا
لاموال المثقلة بهذا الامتياز في اية يد اانت قبل اي حق اخر،
ولو اان ممتازا او مضمونا برهن رسمي عدا المصرفات القضايية
.",307
civil_131_1948,القانون المدني,131,1948,1140,مادة 1140,mandatory,False,,99,99,"–
)
1
(
المبالغ التي صرفت في حفظ المنقول وفيما يلزم له من ترميم، يكون لها
امتياز عليه اله
.
)2
(وتستوفي هذه المبالغ من ثمن هذا ال
منقول المثقل بحق الامتياز بعد المصروفات القضايية
والمبالغ المستحقة للخزانة العامة مباشرة، اما فيما بينها فيقدم بعضها علي بعض بحسب الترتيب
العكسي لتواريخ صرفها
.",290
civil_131_1948,القانون المدني,131,1948,1141,مادة 1141,general,False,,99,99,"–
)
1
(
يكون للحقوق الاتية امتياز علي جميع اموال المدين من منقول وعقار
:
( ا )
المبالغ
المستحقة للخدم والكتبة والعمال وال اجير اخر
.
( ب)
المبالغ المستحقة عما تم توريده للمدين ولمن يعوله من ماال وملبس في الستة الاشهر
الاخيرة
.
( ج )
النفقة المستحقة في ذمة المدين لاقاربه عن ستة الاشهر الاخيرة
.
)2
(وتستوفي هذه المبالغ مباشرة بعد المصروفات القض
ايية والمبالغ المستحقة للخزانة العامة
ومصروفات الحفظ والترميم، اما فيما بينها فتستوفي بنسبة ال منها
.",446
civil_131_1948,القانون المدني,131,1948,1142,مادة 1142,general,False,,99,99,"–
)
1
(
المبالغ المنصرفة في البذور والسماد وغيره من مواد التخصيب والمواد
المقاومة للحشرات، والمبالغ المنصرفة في اعمال الزراعة والحصاد، يكون لها
امتياز علي
المحصول الذي صرفت في انتاجه وتكون لها جميعا مرتبة واحدة
.
)2
(
وتستوفي هذه المبالغ من ثمن المحصول مباشرة بعد الحقوق المتقدمة الذار
.
)3
(
واذلك يكون للمبالغ المستحقة في مقابل الات الزراعة حق امتياز في نفس المرتبة علي هذه
الالات
.",384
civil_131_1948,القانون المدني,131,1948,1143,مادة 1143,general,False,,99,100,"–
)
1
(اجر
ة المباني والاراضي الزراعية لسنتين او لمدة الايجار ان قلت عن ذلك،
وال حق اخر للموجر بمقتضي عقد الايجار، يكون لها جميعا امتياز علي ما يكون موجودا
بالعين الموجرة ومملواا للمستاجر من منقول قابل للحجز ومن محصول زراعي
.
)2
(ويثبت الامتياز ولو اانت المنقولات م
ملواة لزوجة المستاجر او اانت مملواة للغير ولم
يثبت ان الموجر اان يعلم وقت وضعها في العين الموجرة بوجود حق للغير عليها، وذلك دون
اخلال بالاحكام المتعلقة بالمنقولات المسروقة او الضايعة
.
)3
(ويقع الامتياز ايضا علي المنقولات والمحصولات المملواة للمستاجر من ا
لباطن اذا اان
الموجر قد اشترط صراحة عدم الايجار من الباطن، فاذا لم يشترط ذلك فلا يثبت الامتياز الا
للمبالغ التي تكون مستحقة للمستاجر الاصلي في ذمة المستاجر من الباطن في الوقت الذي ينذره
فيه الموجر
.
)4
(
وتستوفي هذه المبالغ الممتازة من ثمن الاموال المثقلة
بالامتياز بعد الحقوق المتقدمة الذار،
الا ما اان من هذه الحقوق غير نافذ في حق الموجر باعتباره حايزا حسن النية
.
)5
(
واذا نقلت الاموال المثقلة بالامتياز من العين الموجرة علي الرغم من معارضة الموجر او
علي غير علم منه ولم يبق في العين امول اافية لضمان الحقوق
الممتازة، بقي الامتياز قايما
علي الاموال التي نقلت دون ان يضر ذلك بالحق الذي اسبه غير الحسن النية علي هذه الاموال،
ويبقي الامتياز قايما ولو اضر بحق الغير لمدة ثلاث سنوات من يوم نقلها اذا اوقع الموجر عليها
حجزا استحقاقيا في الميعاد القانوني
.
ومع ذلك اذا
بيعت هذه الاموال الي مشتري حسن النية في
سوق عام او في مزاد علي او ممن يتجر في مثلها، وجب علي الموجر ان يرد الثمن الي هذا
المشتري
.",1418
civil_131_1948,القانون المدني,131,1948,1144,مادة 1144,general,False,,100,100,"–
)
1
(
المبالغ المستحقة لصاحب الفندق في ذمة النزيل عن اجره الاقامة والموونة
وما صرف لحسابه، ويكون لها امتياز علي ا
لامتعة التي احضرها النزيل في الفندق او ملحقاته
.
)2
(
ويقع الامتياز علي الامتعة ولو اانت غير مملواة للنزيل اذا لم يثبت صاحب الفندق اان يعلم
وقت ادخالها عنده بحق الغير عليها بشرط الا تكون تلك الامتعة مسروقة او ضايعة
.
ولصاحب
الفندق ان يعارض في نقل الامتعة من
فندقه مادام لم يستوف حقه ااملا
.
فاذا نقلت الامتعة رغم
معارضته او دون علمه، فان حق الامتياز يبقي قايما عليها دون اخلال بالحقوق اسبها الغير
بحسن نية
.
)3
(
ولامتياز صحب الفندق نفس المرتبة التي لامتياز الموجر، فاذا تزاحم قدم الاسبق في
التاريخ، ما لم يكن غ
ير نافذ بالنسبة الي الاخر
.",655
civil_131_1948,القانون المدني,131,1948,1145,مادة 1145,general,False,,100,100,"-
)
1
(
ما يستحق لبايع المنقول من الثمن وملحقاته يكون له امتياز علي الشيء المبيع
، ويبقي الامتياز قايما مادام المبيع محتفظا بذاتيته
.
وهذا دون اخلال بالحقوق التي اسبها الغير
بحسن نية، مع مراعاة الاحكام الخاصة بالمواد التج
ارية
.
)2
(
، ويكون هذا الامتياز تاليا في المرتبة لما تقدم ذاره من حقوق الامتياز الواقعة علي منقول
الا انه يسري في حق الموجر وصاحب الفندق اذا ثبت انهما اانا يعلمان به وقت وضع المبيع في
العين الموجرة او الفندق
.",432
civil_131_1948,القانون المدني,131,1948,1146,مادة 1146,general,False,,100,100,"–
)
1
(
، للشرااء الذين اقتسموا منقولا
حق امتياز عليه تامينا لحق ال منهم في
الرجوع علي الاخرين بسبب القسمة، وفي استيفاء ما تقرر لهم فيها من معدل
.
)2
(
وتكون لامتياز المتقاسم نفس المرتبة التي لامتياز البايع فاذا تزاحم الحقان قدم الاسبق في
التاريخ
.
2
- حقوق الامتياز الخاصة الواقعة علي عقار",290
civil_131_1948,القانون المدني,131,1948,1147,مادة 1147,general,False,,100,100,"–
)
1
(ما يستحق لبايع العقار من الثمن وملحقاتها، يكون له امتياز علي العقار المبيع

)2
(
ويجب ان يقيد الامتياز ولو اان البيع مسجلاً، وتكون مرتبته من وقت القيد
.",159
civil_131_1948,القانون المدني,131,1948,1148,مادة 1148,general,False,,100,100,"–
)
1
(
المبالغ المستحقة للمقاولين والمهندسين المعماريين الذين عهد اليهم في تشييد
ابني
ة او منشات اخري او في اعادة تشييدها او في ترميمها او في صيانتها، يكون لها امتياز علي
هذه المنشات، ولكن بقدر ما يكون زايدا بسبب هذه الاعمال في قيمة العقار وقت بعه
.
)2
(
ويجب ان يقيد هذا الامتياز، وتكون مرتبته من وقت القيد
.",310
civil_131_1948,القانون المدني,131,1948,1149,مادة 1149,general,False,,100,100,"– للشرااء الذين اقتسم
وا عقاراً، حق امتياز عليه تامينا لما تخوله القسمة من حق في
رجوع ال منهم علي الاخرين بما في ذلك حق المطالبة بمعدل القسمة
.
ويجب ان يقيد هذا
الامتياز، وتكون مرتبته من وقت القيد
.",198
commerce_17_1999,قانون التجارة,17,1999,4,مادة 4,general,False,,5,6,"يعد عملا تجاريا:

(ا) شراء المنقولات ايا كان نوعها بقصد بيعها او تاجيرها بذاتها او بعد تهييتها في صورة اخري,
وكذلك بيع او تاجير هذه المنقولات.

(ب) استيجار المنقولات بقصد تاجيرها وكذلك تاجير هذه المنقولات.

مادة (ه)

تعد الاعمال التالية تجارية اذا كانت مزاولتها علي وجه الاحتراف:

(ا) توريد البضايع والخدمات.

(ب)الصناعة.

(ج) النقل البري والنقل في المياه الداخلية.

(د) الوكالة التجارية والسمسرة ايا كانت طبيعة العمليات التي يمارسها السمسار.

(ه) التامين علي اختلاف انواعه.

(و) عمليات البنوك والصرافة.

(ز) استيداع البضايع ووسايط النقل والمحاصيل وغيرها.

(ح) اعمال الدور والمكاتب التي تعمل في مجالات النشر, والطباعة, والتصوير, والكتابة علي
الالات الكاتبة, وغيرها, والترجمة, والاذاعة, والتلفزيون, والصحافة, ونقل الاخبار,
والبريد والاتصالات, والاعلان.

(ط) الاستغلال التجاري لبرامج الحاسب الالي والبث الفضايي عبر الاقمار الصناعية.

5
(ي) العمليات الاستخراجية لمواد الثروات الطبيعية كالمناجم والمحاجر ومنابع النفط والغاز
وغيرها.
(ك) مشروعات تربية الدواجن والمواشي وغيرها بقصد بيعها.
(ل) مقاولات تشييد العقارات او ترميمها او تعديلها او هدمها او طلايها ومقاولات الاشغال العامة.
(م) تشييد العقارات او شراوها او استيجارها بقصد بيعها او تاجيرها كاملة او مجزاة الي شقق او
غرف او وحدات ادارية او تجارية سواء كانت مفروشة او غير مفروشة.
(ن) اعمال مكاتب السياحة ومكاتب التصدير والاستيراد والافراج الجمركي ومكاتب الاستخدام
ومحال البيع بالمزاد العلني.
(س) اعمال الفنادق والمطاعم والمقاهي والتمثيل والسينما والسيرك وغير ذلك من الملاهي العامة.
(ع) توزيع المياه او الغاز او الكهرباء وغيرها من مصادر الطاقة.",1490
commerce_17_1999,قانون التجارة,17,1999,5,مادة 5,general,False,,6,6,"يعد ايضا عملا تجاريا كل عمل يتعلق بالملاحة التجارية بحرية كانت او جوية, وعلي وجه الخصوص
ما ياتي:
(ا) بناء السفن او الطايرات واصلاحها وصيانتها.
(ب)شراء او بيع او تاجير او استيجار السفن او الطايرات.
(ج) شراء ادوات او مواد تموين السفن او الطايرات.
رد النقل البحري والنقل الجوي.
(ه )عمليات الشحن او التفريغ.
(و) استخدام الملاحين او الطيارين او غيرهم من العاملين في السفن او الطايرات.",379
commerce_17_1999,قانون التجارة,17,1999,07,مادة 07,optional,False,,6,6,"يكون عملا تجاريا كل عمل يمكن قياسه علي الاعمال المذكورة في المواد السابقة لتشابه في الصفات
والغايات.",100
commerce_17_1999,قانون التجارة,17,1999,8,مادة 8,general,False,,6,6,"-1 الاعمال التي يقوم بها التاجر لشيون تتعلق بتجارته تعد اعمالا تجارية.
؟- كل عمل يقوم به التاجر يعد متعلقا بتجارته ما لم يتبت غير ذلك.",134
commerce_17_1999,قانون التجارة,17,1999,9,مادة 9,penalty,True,,6,10,"لا يعد عملا تجاريا بيع الزارع منتجات الارض التي يزرعها سواء كان مالكا لها او مجرد منتفع بها.
الفصل الثاني
التاجر
مادة 00 (1
يكون تاجرا:
-1 كل من يزاول علي وجه الاحتراف باسمه ولحسابه عملا تجاريا.
-1 كل شركة تتخذ احد الاشكال المنصوص عليها في القوانين المتعلقة بالشركات ايا كان
الغرض الذي انشيت الشركة من اجله.
مادة )11(
-1 يكون اهلا لمزاولة التجارة مصريا كان او اجنبيا:
(ا) من بلغت سنه احدي وعشرين سنة كاملة, ولو كان قانون الدولة التي ينتمي اليها
بجنسيته يعتبر قاصرا في هذه السن.
6
(ب)من اكمل الثامنة عشرة بالشروط المقررة في قانون الدولة التي ينتمي اليها بجنسيته وذلك
بعد الحصول علي اذن من المحكمة المصرية المختصة.
؟- لا يجوز لمن تقل سنه عن ثماني عشرة سنة ان يزاول التجارة في مصرولو كان قانون الدولة التي
ينتمي اليها بجنسيته يعتبر راشدا في هذه السن او يجيز له الاتجار.
""- تكون للقاصر الماذون له في الاتجار الاهلية الكاملة للقيام بجميع التصرفات القانونية التي تقتضيها
تجارته.
مادة (؟51)

-1 اذا كان للصغير او للمحجور عليه مال في تجارة جاز للمحكمة ان تامر باخراج ماله منها, او
باستمراره فيها وفقا لما تقضي به مصلحته.

0 اذا امرت المحكمة بالاستمرار في التجارة وجب ان تمنح النايب عن الصغير او المحجور
عليه اذنا مطلقا او مقيدا للقيام بالتصرفات التي تقتضيها التجارة.

؟- اذا طرات اسباب جدية يخشي معها سوء ادارة النايب الماذون له في الاستمرار في تجارة
الصغير او المحجور عليه جاز للمحكمة ان تسحب الاذن او ان تقيده وذلك دون اخلال
بالحقوق التي اكتسبها الغير حسن النية.

:- كل امر يصدر من المحكمة في شان الاستمرار في تجارة الصغير او المحجور عليه او سحب
الاذن او تقييده او تصفية التجارة, يجب قيده في السجل التجاري ونشره في صحيفة السجل.

)17( مادة

اذا امرت المحكمة بالاستمرار في تجارة الصغير او المحجور عليه, فلا يلتزم الا في حدود امواله

المستثمرة في هذه التجارة, ويجوز شهر افلاسه علي الا يشمل الافلاس الاموال غير المستثمرة في

التجارة, وفي هذه الحالة لا يترتب علي الافلاس اثر بالنسبة الي شخص الصغير او المحجور
مادة )15(

-1 ينظم اهلية المراة المتزوجة لمزاولة التجارة قانون الدولة التي تنتمي اليها بجنسيتها.

-1 يفترض في الزوجة الاجنبية التي تحترف التجارة انها تزاولها باذن زوجها, فاذا كان القانون
الواجب التطبيق يجيز للزوج الاعتراض علي احتراف زوجته التجارة او سحب اذنه السابق
وجب قيد الاعتراض او سحب الاذن في السجل التجاري ونشره في صحيفة السجل, ولا
يكون للاعتراض او سحب الاذن اثر الا من تاريخ اتمام هذا النشر.

""'- لا يوثر الاعتراض او سحب الاذن في الحقوق التي اكتسبها الغير حسن النية.

)16( مادة

-1 يفترض في الزوجة الاجنبية التاجرة انها تزوجت وفقا لنظام انفصال الاموال الا اذا كانت
المشارطة المالية بين الزوجين تنص علي خلاف ذلك.

-1 لا يحتج علي الغير بالمشارطة المالية بين الزوجين الا اذا اشهرت بقيدها في السجل التجاري
ونشر ملخصها في صحيفة السجل. 0 0

""- يجوز للغير في حالة اهمال شهر المشارطة المالية بين الزوجين ان يثبت ان الزواج قد تم وفقا
لنظام مالي اكثر ملايمة لمصلحته من نظام انفصال الاموال. 1

:- لا يحتج علي الغير بالحكم الصادر خارج مصر القاضي بانفصال الاموال بين الزوجين الا من
تاريخ قيده في السجل التجاري ونشر ملخصه في صحيفة هذا السجل.

)15( مادة

-1 لا تسري احكام القانون التجاري علي ارباب الحرف الصغيرة.

""- يعد من ارباب الحرف الصغيرة كل من يزاول حرفة ذات نفقات زهيدة, للحصول علي مقدار
من الدخل يومن معاشه اليومي.

7
مادة )11/(
اذا زاول التجارة احد الاشخاص المحظور عليهم الاتجار بمقتضي قوانين او لوايح او انظمة خاصة
اعتبر تاجرا وسرت عليه احكام القانون التجاري.
مادة )118(
تثبت صفة التاجر لكل من احترف التجارة باسم مستعار او مستترا وراء شخص اخر فضلا عن ثبوتها
مادة )19(

تفترض صفة التاجر فيمن ينتحلها بالاعلان عنها في الصحف او في منشورات او في الاذاعة او

التلفزيون او باية وسيلة اخري, ويجوز نفي هذه القرينة باثبات ان من انتحل الصفة المذكورة لم

يزاول التجارة فعلا.

مادة )01(
لا تثبت صفة التاجر للدولة وغيرها من اشخاص القانون العام. ومع ذلك تسري احكام هذا القانون علي
الاعمال التجارية التي تزاولها الا ما يستثني بنص خاص.
الفصل الثالث
الدفاتر التجارية
مادة (1؟)

علي كل تاجر يجاوز راس ماله المستثمر في التجارة عشرين الف جنيه ان يمسك الدفاتر التي

تستلزمها طبيعة تجارته واهميتها وعلي وجه الخصوص دفتري اليومية والجرد بطريقة تكفل بيان

مركزه المالي وماله من حقوق وما عليه من ديون متعلقة بالتجارة.

مادة (؟5؟)
القيد يوما فيوما تفصيلا باستثناء المسحوبات الشخصية فيجوز ان تقيد اجمالا شهرا فشهرا.

؟- للتاجر ان يستعمل دفاتر يومية مساعدة لاثبات تفصيلات الانواع المختلفة من العمليات التجارية.
وفي هذه الحالة يكتفي بقيد اجمالي لهذه العمليات في دفتر اليومية في فترات منتظمة. فاذا لم يتبع
هذا الاجراء اعتبر كل دفتر مساعد دفترا اصليا.

مادة (7؟)

-1 يقيد في دفتر الجرد تفصيل البضاعة الموجودة لدي التاجر في اخر سنته المالية او بيان اجمالي
عنها اذا كانت تفصيلاتها واردة بدفاتر او قوايم مستقلة. وفي هذه الحالة تعتبر تلك الدفاتر او
القوايم جزءا متمما لدفتر الجرد الاصلي.

-1 تقيد في دفتر الجرد صورة من الميزانية السنوية وحساب الارباح والخساير.

مادة (4؟)
علي التاجر ان يحتفظ بصورة من المراسلات والبرقيات وغيرها من الوثايق التي يرسلها او يتسلمها
لشيون تتعلق بتجارته. ويكون الحفظ بطريقة منتظمة تسهل معها المراجعة.

مادة (5؟)

-1 يجب ان تكون الدفاتر التجارية خالية من اي فراغ او شطب او محو او كتابة في الهوامش او بين
السطور.

8
؟- يجب قبل استعمال دفتري اليومية والجرد ان ترقم صفحاتهما وان يوقع كل صفحة مكتب السجل
التجاري وان يضع علي كل صفحة خاتم مكتب السجل مع بيان عدد صفحات الدفتر.

""- يجب تقديم دفتري اليومية والجرد في نهاية السنة المالية للتاجر الي مكتب السجل التجاري
للتصديق علي عدد الصفحات التي استعملت خلال السنة. وعند انتهاء صفحات الدفتر يجب علي
التاجر تقديمه الي مكتب السجل للتاشير عليه بما يفيد انتهاء صفحاته.

5- علي التاجر او ورثته في حالة وقف نشاط المتجر تقديم دفتري اليومية والجرد الي مكتب السجل
التجاري للتاشير عليهما بما يفيد قفلهما.

5- يجوز بقرار من الوزير المختص وضع احكام خاصة بتنظيم الدفاتر التجارية التي تستعملها البنوك
او الشركات التي يعينها القرار.

مادة (5؟)

-1 يجب علي التاجر او ورثته الاحتفاظ بالدفاتر التجارية والوثايق المويدة للقيود الواردة بها مدة
خمس سنوات تبدا من تاريخ التاشير علي الدفتر بانتهايه او قفله.

-1 وعليهم ايضا حفظ صور المراسلات والبرقيات وغيرها مدة خمس سنوات من تاريخ ارسالها او
تسلمها. ويجوز لهم الاحتفاظ للمدة المذكورة بالصور المصغرة (ميكروفيلم) بدلا من الاصل,
ويكون لتلك الصور حجية الاصل في الاثبات اذا روعي في اعدادها وحفظها واسترجاعها القواعد
والضوابط التي يصدر بها قرار من وزير العدل.

مادة (1؟)
القيود التي تدون في الدفاتر التجارية من قبل مستخدمي التاجر الماذونين في ذلك, تعتبر في حكم القيود
التي يدونها التاجر بنفسه, ويفترض فيها انها دونت بعلمه الا اذا اقام الدليل علي خلاف ذلك.

مادة (8؟)

-1 يجوز للمحكمة بناء علي طلب الخصم او من تلقاء ذاتها ان تامر التاجر بتقديم دفاتره اليها
لاستخلاص ما يتعلق بالنزاع المعروض عليها. وللمحكمة ان تطلع علي الدفاتر بنفسها او بواسطة
خبير تعينه لذلك.

؟- لا يجوز للمحكمة ان تامر التاجر باطلاع خصمه علي دفاتره الا في المنازعات المتعلقة بالتركات
ومواد الاموال المشاعة والشركات.

-'0 تسلم الدفاتر في حالة الافلاس او الصلح الواقي منه للمحكمة او لامين التفليسة او لمراقب الصلح.

5- اذا امتنع التاجر دون عذر مقبول عن تقديم دفاتره للاطلاع عليها جاز للمحكمة اعتبار ذلك قرينة
علي صحة الوقايع المطلوب اثباتها من الدفاتر.

مادة (9؟)
يعاقب علي مخالفة الاحكام المنصوص عليها في هذا الفصل او في القرارات التي تصدر تنفيذا لها,
بغرامة لا تقل عن ماية جنيه ولا تزيد علي الف جنيه.
الفصل الرابع
السجل التجاري
مادة )م
-1 يعد في الجهة الادارية المختصة سجل تقيد فيه اسماء التجار افرادا كانوا ام شركات.
؟- تسري فيما يتعلق بتعيين الخاضعين لواجب القيد في السجل التجاري ومواعيد القيد والبيانات
اللازم قيدها وشطب القيد والجزاءات المقررة علي مخالفة هذه الاحكام, القوانين والقرارات
الخاصة بذلك.
9
مادة )""11(
علي كل من قيد بالسجل التجاري ان يبين علي واجهة محله وفي جميع المراسلات والمطبوعات
المتعلقة بتجارته اسمه التجاري ومكتب السجل التجاري المقيد به ورقم القيد.
مادة (؟”)
-1 لكل شخص ان يحصل من مكتب السجل التجاري علي صورة مستخرجة من صفحة القيد. وفي
حالة عدم القيد يعطي المكتب شهادة سلبية.
؟- لا يجوز ان تشتمل الصورة المستخرجة من صفحة القيد علي:
(ا) احكام شهر الافلاس اذا حكم برد الاعتبار.
(ب)احكام الحجر اذا حكم برفعه.
مادة (7”:7)
-1 تكون البيانات المقيدة في السجل التجاري حجة علي الغير من تاريخ قيدها في السجل ما لم
ينص القانون علي غير ذلك.
؟- لا يجوز الاحتجاج علي الغير باي بيان واجب القيد في السجل التجاري ولم يتم قيده الا اذا
ثبت علم الغير بمضمون البيان.
""- لا يجوز للتاجر ان يتمسك بعدم قيده في السجل التجاري للتحلل من الالتزامات التي يفرضها
عليه القانون او التي تنشا عن معاملاته مع الغير بصفته تاجرا.
الفصل الخامس
المتجر
مادة (5"")
-1 المتجر مجموعة من الاموال المنقولة تخصص لمزاولة تجارة معينة ويجب ان تتضمن عنصر
الاتصال بالعملاء والسمعة التجارية.
-1 يجوز ان يتضمن المتجر عناصر معنوية اخري كالاسم التجاري والسمة التجارية والعلامات
التجارية وبراءات الاختراع والرسوم والنماذج الصناعية والحق في الايجار وحقوق الملكية
الادبية والفنية وحق المعرفة وترخيص الاستغلال والصناعة.
""- ويجوز ان يتضمن المتجر البضايع والاثاث والالات والاجهزة والمعدات وغيرها من المهمات
اللازمة لاستغلال المحل التجاري.
مادة (ه"")
اذا لم يبين المتعاقدان العناصر التي يتالف منها المتجر محل العقد اشتمل المتجر- فضلا عن الاتصال
بالعملاء والسمعة التجارية- علي كل عنصر معنوي او مادي يكون لازما لاستغلال المتجر علي الوجه
الذي قصده المتعاقدان.",8638
commerce_17_1999,قانون التجارة,17,1999,95,مادة 95,mandatory,False,,10,11,"اذا كان التاجر مالكا للعقار الذي يزاول فيه التجارة ' فلا يكون هذا العقار عنصرا في متجره.
مادة (37"")
-1 كل تصرف يكون موضوعه نقل ملكية المتجر او انشاء حق عيني عليه او تاجير استغلاله يجب
ان يكون مكتوبا والا كان باطلا.
؟- يقيد التصرف في المتجر وعقد تاجير استغلاله في سجل خاص يصدر بتنظيمه قرار من الوزير
المختص ويحفظ بمكتب السجل التجاري. 1
؟- يشهر تصرف المتجر وتاجير استغلاله بالقيد في السجل التجاري, ويجب ان يشتمل هذا الشهر
علي البيانات الاتية: 1 1
10
(ا) اسماء المتعاقدين وعناوينهم وجنسياتهم.
(ب)تاريخ العقد ونوعه. 0
(ج) نشاط المتجر وعنوانه والعناصر التي اتفق علي ان يشملها العقد. 00
(د) الثمن وما دفع منه عند البيع او قيمة الاجرة المتفق عليها وكيفية سداد باقي الثمن او اجرة
الاستغلال.
(ه) الاتفاقات بشان العقود والتعهدات المتصلة بالمتجر.
(و) الاتفاقات المتعلقة باحتفاظ البايع بحق الفسخ او بحق الامتياز.
مادة (8"")

-1 لا تنتقل ملكية المتجر فيما بين المتعاقدين او بالنسبة الي الغير الا من تاريخ قيد التصرف في
السجل الخاص بذلك ونشر ملخصة في صحيفة السجل التجاري.

ا اذا اشتمل المتجر علي عناصر خاضعة لنظام خاص للشهر او التسجيل فلا يقوم شهر التصرف
في المتجر في صحيفة السجل التجاري مقام الشهر او التسجيل الخاص الا اذا نص القانون علي
غير ذلك.

مادة (9؟)
لا يحل من الت اليه ملكية المتجر محل المتصرف في الحقوق والتعهدات الناشية عن العقود المتصلة
بالمتجر الا اذا اتفق علي غير ذلك.

مادة(1؛)
تبقي ذمة المتصرف مشغولة بالديون المتصلة بالمتجر والتي يكون تاريخ انشايها سابقا علي شهر
التصرف الا اذا ابراه الداينون منها.

)411( مادة

استثناء من الاحكام المنصوص عليها في باب الافلاس يجوز لبايع المتجر الذي لم يستوف الثمن بكامله

الاحتجاج علي جماعة الداينين في تفليسة المشتري بحقه في الفسخ واسترداد المتجر او بحقه في

الامتياز اذا كان قد احتفظ بهذا الحق او ذاك في عقد البيع وذكر صراحة في الملخص الذي شهر ولا

يقع الفسخ او الامتياز الا علي العناصر التي شملها.

مادة (؟4)

-1 لا يجوز لمن تصرف في المتجر بنقل ملكيته الي الغير او بتاجير استغلاله ان يزاول نشاطا مماثلا
لنشاط المتجر بكيفية يترتب عليها ضرر لمن الت اليه الملكية او الاستغلال الا اذا اتفق علي خلاف
ذلك

؟- يسري هذا الحظر لمدة عشر سنوات من تاريخ شهر التصرف ما لم يتفق علي مدة اقل.",2015
commerce_17_1999,قانون التجارة,17,1999,47,مادة 47,general,False,,11,12,"-1 مع مراعاة الاحكام المنصوص عليها في هذا الفصل تسري في شان بيع المتجر ورهنه وتاجير
استغلاله القوانين والقرارات الخاصة بذلك.

-1 كما تسري في شان الاسماء التجارية والسمات التجارية والعلامات التجارية والرسوم والنماذج
الصناعية وبراءات الاختراع وغير ذلك من عناصر الملكية الصناعية او الملكية الادبية القوانين

11
الفصل السادس
سوق الاوراق المالية
(البورصة)",350
commerce_17_1999,قانون التجارة,17,1999,44,مادة 44,general,False,,12,12,"-1 تعتبر سوق الاوراق المالية شخصا اعتباريا.

؟- مع مراعاة احكام هذا الفصل تسري علي انشاء السوق ونظامه الداخلي القوانين والقرارات
المنظمة لذلك.",142
commerce_17_1999,قانون التجارة,17,1999,45,مادة 45,mandatory,False,,12,12,"-1 لا يجوز التعامل في سوق الاوراق المالية بالنسبة الي الصكوك المدرجة بجداول اسعارها الا
بوساطة سمسار مقبول للعمل بها والا كان التصرف باطلا.

-1 ولا يجوز للسمسار اجراء عمليات في السوق لحساب عملايه الا اذا كان مفوضا في اجرايها من
العميل بموجب تفويض خاص مكتوب. فاذا اجري السمسار العملية دون هذا التفويض جاز للعميل
قبولها او رفضها.",327
commerce_17_1999,قانون التجارة,17,1999,45,مادة 45,general,False,,12,12,"تكون العمليات المضافة الي اجل صحيحة ولو قصد المتعاقدون منها ان توول الي مجرد التزام بدفع

فروق الاسعار بشرط ان تعقد العملية في سوق الاوراق المالية وان تتعلق بصكوك مدرجة في جداول

اسعار هذا السوق ويصدر بتنظيم هذه العمليات قرار من الوزير المختص.

الباب الثاني
الالتزامات والعقود التجارية

احكام عامة",297
commerce_17_1999,قانون التجارة,17,1999,41,مادة 41,general,False,,12,12,"-1 يكون الملتزمون معا بدين تجاري متضامنين في هذا الدين ما لم ينص القانون او الاتفاق علي غير
ذلك,

؟- ويسري هذا الحكم في حالة تعدد الكفلاء في الدين التجاري.",155
commerce_17_1999,قانون التجارة,17,1999,48,مادة 48,mandatory,False,,12,12,"-1 لا تعتبر كفالة الدين التجاري عملا تجاريا الا اذا نص القانون علي ذلك او كان الكفيل بنكا او كان
تاجرا وله مصلحة في الدين المكفول.

؟- لا يجوز في الكفالة التجارية ان يطلب الكفيل - ولو كان غير متضامن - تجريد المدين ما لم يتفق
علي غير ذلك.",237
commerce_17_1999,قانون التجارة,17,1999,459,مادة 459,general,False,,12,12,"اذا قام التاجر لحساب الغير باعمال او خدمات تدخل في نشاطه التجاري افترض انه قام بها مقابل
عوض ما لم يثبت عكس ذلكء ويعد العوض طبقا للعرفء فاذا لم يوجد عرف قدر القاضي العوض.",170
commerce_17_1999,قانون التجارة,17,1999,50,مادة 50,mandatory,False,,12,13,"-1 تعتبر تجارية القروض التي يعقدها التاجر لشيون تتعلق باعماله التجارية.
يوم صرفها ما لم يتفق علي غير ذلك.

""- يحسب العايد وفقا للسعر الذي يتعامل به البنك المركزيء ما لم يتفق علي مقابل اقل.

12
5- يودي العايد في نهاية كل سنة اذا كان الدين موجلا لاكثر من سنة وفي يوم الاستحقاق اذا كان
لاجل سنة او اقل ما لم يتفق او يجر العرف علي غير ذلك.
مادة (11ه)
الطلبات والتفويضات الصادرة من التاجر في شيون تتعلق بنشاطه التجاري لا تنقضي بوفاته» ومع ذلك
يجوز لورتته الغاوها اذا قرروا عدم الاستمرار في التجارة» وفي هذه الحالة لا يستحق عليهم اي
تعويض اذا اخطروا المتعاقد مع المورث برغبتهم في الالغاء في ميعاد مناسب.
مادة (؟ه)
لا يجوز بسبب الاستغلال او الغبن ان يطلب التاجر ابطال العقود التي يبرمها لشيون تتعلق باعماله
التجارية او انقاص الالتزامات التي تترتب عليه بمقتضاها.
مادة (ه)
-1 اذا كان محل الالتزام التجاري تسليم شي خلال موسم معين او فصل من فصول السنة وجب
الرجوع الي العرف السايد في مكان التسليم لتعيين الوقت الذي يجب ان يتم فيه. فاذا لم يوجد
عرف وجب ان يتم التسليم في وقت مناسب قبل نهاية الموسم او الفصل.
؟- يعتبر العرف السايد في مكان التسليم فيما يتعلق بكيفية قياس البضايع او وزنها او عدها او
كيلها متمما للعقد ما لم يتفق علي غير ذلك.",1125
commerce_17_1999,قانون التجارة,17,1999,54,مادة 54,optional,False,,13,13,"اذا كان محل الالتزام التجاري اداء عمل وجب ان يبذل فيه المدين عناية التاجر العادي.
مادة (هه)
اذا عين للبدء في التنفيذ اجل معين وانقضي هذا الاجل دون ان يبدا المدين التنفيذء فلا يجوز له بعد ذلك
اجبار الداين علي قبوله.
مادة (5ه)
اذا احتفظ احد المتعاقدين بحق فسخ العقد خلال مدة معينة فقيامه خلال سريانها بتنفيذ ما يفرضه عليه
العقد من التزامات او قبوله قيام المتعاقد الاخر بتنفيذ التزاماته يسقط عنه حق الفسخ.
مادة (لاه)
لا تجوز المطالبة بوفاء الالتزامات التجارية الا في ساعات العمل التي يحددها القانون او اللوايح او
التي يجري عليها العرف.
مادة (8ه)
يكون اعذار المدين او اخطاره في المواد التجارية بانذار رسمي او بكتاب مسجل مصحوب بعلم
الوصولء ويجوز في احوال الاستعجال ان يكون الاعذار او الاخطار ببرقية او تلكس او فاكس او غير
ذلك من وسايل الاتصال السريعة.",746
commerce_17_1999,قانون التجارة,17,1999,59,مادة 59,mandatory,False,,13,13,"لا يجوز للمحكمة منح المدين بالتزام تجاري مهلة للوفاء به او تقسيطه الا عند الضرورة وبشرط عدم
الحاق ضرر جسيم بالداين.",115
commerce_17_1999,قانون التجارة,17,1999,50,مادة 50,optional,False,,13,14,"لا يجبر الداين علي قبول مبلغ التعويض المتفق عليه بدلا من التنفيذ الا اذا اتفق علي خلاف ذلك.
13
)511( مادة

-1 الوفاء بدين تجاري لمن يحوز سند الدين موشرا عليه بالتخالص او لمن يحمل مخالصة من
الداين او من نايبه يبري ذمة المدين الا اذا اثبت الداين ان المدين لم يقم بالتحري الكافي للتحقق
من صحة الوفاء.

؟- وجود سند الدين في حيازة المدين قرينة علي براءة ذمته من الدين ما لم يثبت خلاف ذلك.

مادة (؟55)
في المواد التجارية يجوز للداين ان يطلب دفع الدين بشيك اذا جاوز مقدار الدين ماية الف جنيه.",485
commerce_17_1999,قانون التجارة,17,1999,519,مادة 519,general,False,,14,14,"-1 اذا كان الدين موجلا وكان المدين ماذونا في الوفاء به قبل حلول الاجل فليس عند استعمال هذا
الحق ان يخصم جزءا من الدين الا بموافقة الداين ما لم يوجد نص القانون او عرف يقضي
بغير ذلك

-1 واذا كان المدين غير ماذون في الوفاء بالدين قبل حلول الاجلء فله ان يجبر الداين علي قبول
هذا الوفاء اذا دفع له العايد المستحق عن الدين حتي انتهاء الاجل او ابرايه من رده ان كان قد
دفع مقدماء مالم يوجد اتفاق او عرف او نص في القانون يقضي بغير ذلك.",426
commerce_17_1999,قانون التجارة,17,1999,514,مادة 514,optional,False,,14,14,"يستحق العايد عن التاخير في الوفاء بالديون التجارية بمجرد استحقاقها ما لم ينص القانون او الاتفاق
علي غير ذلك. ولا يجوز في اية حال ان يكون مجموع العايد الذي يتقاضاه الداين اكثر من مبلغ الدين
الذي احتسب عليه العايد الا اذا نص القانون او جري العرف علي غير ذلك.",256
commerce_17_1999,قانون التجارة,17,1999,565,مادة 565,mandatory,False,,14,14,"-1 كل صك يكون محله دفع مبلغ من النقود او تسليم بضايع يجوز تداوله بالتظهير اذا كان لامر
الداين او بالمناولة ان كان لحامله.

؟- يترتب علي التظهير الناقل للملكية او المناولة انتقال جميع الحقوق الناشية عن الصك الي
حامله الجديد.

'- وفي حالة التظهير الناقل للملكية يضمن المظهر الوفاء بالحق الثابت في الصك في ميعاد
الاستحقاق ما لم يتفق علي قصر الضمان علي وجود الحق وقت التظهير.

:- اذا انشي الصك بمناسبة عملية تجارية التزم الموقعون عليه بالتضامن بينهم ما لم ينص القانون
او الاتفاق علي غير ذلك.

5- لا يجوز للمدين ان يحتج علي حامل الصك بالدفوع المبينة علي علاقات شخصية خاصة
بمنشي الصك او بحامليه السابقين ما لم يكن قصد حامله- وقت حصوله علي الصك- الاضرار
بالمدين او كان الدفع يتعلق بنقص اهلية المدين.

5- يجوز للمدين ان يمتنع عن الوفاء بالصك اذا لم يرد اليه موشرا عليه بالتخالص.

- تسري علي ضياع الصكوك المشار اليها في هذه المادة الاحكام الخاصة بضياع الاوراق
التجارية ما لم ينص القانون علي غير ذلك.",890
commerce_17_1999,قانون التجارة,17,1999,55,مادة 55,optional,False,,14,15,"-1 يعتبر منافسة غير مشروعة كل فعل يخالف العادات والاصول المرعية في المعاملات
التجارية» ويدخل في ذلك علي وجه الخصوص الاعتداء علي علامات الغير او علي اسمه
التجاري او علي براءات الاختراع او علي اسراره الصناعية التي يملك حق استثمارهاء
وتحريض العاملين في متجره علي اذاعة اسراره او ترك العمل عنده وكذلك كل فعل او ادعاء
يكون من شانه احداث اللبس في المتجر او في منتجاته او اضعاف الثقة في مالكه او في
القايمين علي ادارته او في منتجاته.

14
-1 كل منافسة غير مشروعة تلزم فاعلها بتعويض الضرر الناجم عنها.وللمحكمة ان تقضي-
فضلا عن التعويض- بازالة الضرر وبنشر ملخص الحكم علي نفقة المحكوم عليه في احدي
الصحف اليومية.

مادة (/51)

-1 يسال منتج السلعة وموزعها قبل كل من يلحقه ضرر بدني او مادي يحدثه المنتج اذا اثبت هذا
الشخص ان الضرر نشا بسبب عيب في المنتج.

-1 يكون المنتج معيبا- وعلي وجه الخصوص- اذا لم تراع في تصميمه او صنعه او تركيبه او
اعداده للاستهلاك او حفظه او تعبيته او طريقة عرضه او طريقة استعماله الحيطة الكافية لمنع
وقوع الضرر او للتنبيه الي احتمال وقوعه.

3 وفي حكم هذه المادة:

(ا) يقصد بلفظ ""المنتج"" صانع السلعة الذي اعدها في هيثتها النهايية التي عرضت بها في
التداول سواء اكانت جميع الاجزاء التي تتركب منها السلعة من صنعه ام استعان باجزاء

(ب)يقصد بلفظ "" الموزع"" مستورد السلعة للاتجار فيها وتاجر الجملة الذي يقوم بتوزيعها في
السوق المحلية علي تجار التجزية ولو قام في الوقت نفسه بعمليات بيع بالتجزية. كما
يشمل اللفظ تاجر التجزية اذا كان يعلم او كان من واجبه 1 ن يعلم وقت بيع السلعة بالعيب
الموجود بهاء والعبرة في ذلك بما كان يفعله تاجر عادي يمارس بيع سلعة من النوع نفسه
لو وجد في الظروف ذاتها.

4- يجوز للمدعي توجيه دعوي المسيولية الي المنتج او الي الموزع او اليهما معا دون تضامن
المحكمة المصرية التي يوجد له بدايرتها فرع او مصنع او وكالة او مكتب.

5- تتقادم دعوي المسيولية بمضي ثلاث سنوات من تاريخ علم المضرور بحدوث الضرر
وبالشخص المسيول عنه وتسقط هذه الدعوي بانقضاء خمس عشرة سنة من يوم وقوع العمل
غير المشروع.

5- يقع باطلا كل شرط او بيان يكون من شانه اعفاء المنتج او الموزع من المسيولية او تحديدها
او تخفيض مدة تقادمها.",1919
commerce_17_1999,قانون التجارة,17,1999,58,مادة 58,general,False,,15,15,"تتقادم الدعوي الناشية عن التزامات التجار قبل بعضهم البعض والمتعلقة بمعاملاتهم التجارية بمضي
سبع سنوات من تاريخ حلول ميعاد الوفاء بالالتزام الا اذا نص القانون علي خلاف ذلك وكذلك تسقط
بمضي عشر سنوات الاحكام النهايية الصادرة في تلك الدعاوي.",237
commerce_17_1999,قانون التجارة,17,1999,59,مادة 59,mandatory,False,,15,16,"-1 يجوز الالتزامات التجارية ايا كانت قيمتها بكافة طرق الاثبات ما لم ينص القانون علي غير
ذلك

؟- فيما عدا الحالات التي يوجب فيها القانون الاثبات بالكتابة في المواد التجارية يجوز في هذه
المواد اثبات عكس ما اشتمل عليه دليل كتابي او اثبات ما يجاوز هذا الدليل بكافة الطرق.

*- تكون الاوراق العرفية في المواد التجارية حجة علي الغير في تاريخها ولو لم يكن هذا التاريخ

مادة 00 ع(
يجوز قبول الدفاتر التجارية للاثبات في الدعاوي المقامة منا لتجار او المقامة عليها متي كانت متعلقة
باعمالهم التجارية» وذلك وفقا لقواعد الاتية:
15
(ا) تكون البيانات الواردة بالدفاتر حجة علي صاحبهاء ومع ذلك لا يجوز لمن يريد ان
يستخلص من هذه الدفاتر المطابقة لاحكام القانون دليلا لنفسه ان يجزي ما ورد بها
من بيانات.

(ب)تكون البيانات الواردة بالدفاتر المطابقة لاحكام القانون حجة لصاحب هذه الدفاتر علي
خصمه التاجرء الا اذا انقضها الخصم ببيانات واردة بدفاتره المطابقة لاحكام القانون
او اقام الدليل باي طريق اخر علي عدم صحتها.

(ج)اذا كانت دفاتر كل من الخصمين مطابقة لاحكام القانون واسفرت المطابقة بينها عن
تناقض بياناتها»ء وجب علي المحكمة ان تطلب دليلا اخر.

(د) اذا اختلفت البيانات الواردة بدفاتر الخصمين وكانت دفاتر احدهما مطابقة لاحكام
القانون ودفاتر الاخر غير مطابقة» فالعبرة بما ورد بالدفاتر المطابقة الا اذا اقام
الخصم الدليل علي خلاف ما ورد بها. ويسري هذا الحكم اذا قدم احد الخصمين دفاتر
مطابقة ولم يقدم الاخر اية دفاتر.

مادة )071(
يجوز في المواد التجارية الاتفاق علي التحكيم قبل قيام النزاع او بعد قيامه مع مراعاة الاحكام
المنصوص عليها في القوانين الخاصة.
الفصل الاول
نقل التكنولوجيا
مادة (؟7)

-1 تسري احكام هذا الفصل علي كل عقد لنقل تكنولوجيا لاستخدامها في جمهورية مصر العربية
سواء اكان هذا النقل دوليا يقع عبر الحدود الاقليمية لمصر ام داخليا ولا عبرة في الحالتين
لجنسية اطراف الاتفاق او لمحال اقامتهم.

-1 كما تسري احكام هذا الفصل علي كل اتفاق لنقل التكنولوجيا يبرم بعقد مستقل او ضمن عقد
اخر.",1769
commerce_17_1999,قانون التجارة,17,1999,77,مادة 77,general,False,,16,16,"عقد نقل التكنولوجيا اتفاق يتعهد بمقتضاه (مورد التكنولوجيا) بان ينقل بمقابل معلومات فنية الي
(مستورد التكنولوجيا) لاستخدامها في طريقة فنية خاصة لانتاج سلعة معينة او تطويرها او لتركيب او
تشغيل الات او اجهزة لتقديم خدمات ولا يعتبر نقلا لتكنولوجيا مجرد بيع او شراء او تاجير او استيجار
السلع. ولا بيع العلامات التجارية او الاسماء التجارية او الترخيص باستعمالها الا اذا ورد ذلك كجزء
من عقد نقل تكنولوجياء او كان مرتبطا به.",416
commerce_17_1999,قانون التجارة,17,1999,75,مادة 75,mandatory,False,,16,16,"-1 يجب ان يكون عقد نقل التكنولوجيا مكتوبا والا كان باطلا.
ويجوز ان يرد ذكر هذا البيان مصحوبا بدراسات الجدوي والتعليمات والتصميمات
والرسومات الهندسية والخرايط والصور وبرامج الحاسب الالي وغيرها من الوثايق الموضحة
للمعرفة في ملاحق ترفق بالعقد وتعتبر جزءا منه.",256
commerce_17_1999,قانون التجارة,17,1999,075,مادة 075,optional,False,,16,17,"يجوز ابطال كل شرط يرد في عقد نقل التكنولوجيا ويكون من شانه تقييد حرية المستورد في
استخدامها او تطويرها او تعريف الانتاج او الاعلان عنه. وينطبق ذلك بوجه الخصوص علي
الشروط التي يكون موضوعها الزام المستورد بامر مما ياتي: 0
(ا) قبول التحسينات التي يدخلها المورد علي التكنولوجيا واداء قيمتها.
16
(ب)حظر ادخال تحسينات او تعديلات علي التكنولوجيا لتلايم الظروف المحلية او
ظروف منشاة المستوردء وكذلك حظر الحصول علي تكنولوجيا اخري ممايلة او
منافسة للتكنولوجيا محل العقد.

(ج) استعمال علامات تجارية معينة لتمييز السلع التي استخدمت التكنولوجيا في انتاجها.

(د) تقييد حجم الانتاج او ثمنه او كيفية توزيعه او تصديره.

(0) اشتراك المورد في ادارة منشاة المستورد او تدخله في اختيار العاملين الدايمين بها.

(و) شراء المواد الخام او المعدات والالات الاجهزة او قطع الغيار لتشغيل لتكنولوجيا من
المورد وحده او من المنشات التي يعينها دون غيرها.

(ز) قصر بيع الانتاج او التوكيل في بيعه علي المورد او الاشخاص الذين يعينهم. وذلك
كله ما لم يكن اي من هذه الشروط قد وردت في عقد نقل التكنولوجيا بقصد حماية
مستهلكي المنتج» او رعاية مصلحة جدية ومشروعة لمورد التكنولوجيا.",1037
commerce_17_1999,قانون التجارة,17,1999,75,مادة 75,mandatory,False,,17,17,"يلتزم مورد التكنولوجيا بان يكشف للمستورد في العقد او خلال المفاوضات التي تسبق ابرامه عما يلي:
(ا) الاخطار التي قد تنشا عن استخدام التكنولوجيا وعلي وجه الخصوص ما يتعلق منها بالبيية
او الصحة العامة او سلامة الارواح او الاموال؛: وعليه ان يطلعه علي ما يعلمه من وسايل
لاتقاء هذه الاخطار.
(ب) الدعاوي القضايية وغيرها من العقبات التي قد تعوق استخدام الحقوق المتصلة بالتكنولوجيا
لا سيما ما يتعلق منها ببراءات الاختراع.
(ج) احكام القانون المحلي بشان التصريح بتصدير التكنولوجيا.",468
commerce_17_1999,قانون التجارة,17,1999,17107,مادة 17107,mandatory,False,,17,17,"-1 يلتزم المورد بان يقدم للمستورد المعلومات والبيانات وغيرها من الوثايق الفنية اللازمة
لاستيعاب التكنولوجياء وكذلك ما يطلبه المستورد من الخدمات الفنية اللازمة لتشغيل
التكنولوجيا وعلي وجه الخصوص الخبرة والتدريب.

؟- كما يلتزم المورد بان يعلم المستورد بالتحسينات التي قد يدخلها علي التكنولوجيا خلال مدة
سريان العقد وان ينقل هذه التحسينات الي المستورد اذا طلب منه ذلك.",365
commerce_17_1999,قانون التجارة,17,1999,78,مادة 78,mandatory,False,,17,17,"يلتزم المورد- طوال مدة سريان العقد- بان يقدم للمستورد بناء علي طلبه قطع الغيار التي ينتجها
وتحتاجها الالات او الاجهزة التي تستعمل في تشغيل منشاته واذا كان المورد لا ينتج هذه القطع في
منشاته» وجب ان يعلم المستورد بمصادر الحصول عليها.",232
commerce_17_1999,قانون التجارة,17,1999,179,مادة 179,mandatory,False,,17,17,"يلتزم المستورد بان يستخدم في تشغيل التكنولوجيا عاملين علي قدر من الدراية الفنية وان يستعين كلما
لزم الامر بخبراء فنيين» علي ان يكون اختيار هولاء العاملين او الخبراء من المصريين المقيمين في",188
commerce_17_1999,قانون التجارة,17,1999,860,مادة 860,mandatory,False,,17,18,"يلتزم المستورد بان يطلع المورد علي احكام التشريعات الوطنية المتعلقة باستيراد التكنولوجيا.

مادة )811(
لا يجوز للمستورد النزول للغير عن التكنولوجيا التي حصل عليها الا بموافقة موردها.

17
مادة 7571
-1 يلتزم المستورد بدفع مقابل التكنولوجيا ينات التي تدخل عليها في الميعاد والمكان
؟- يجوز ان يكون المقابل مبلغا اجماليا يودي دفعة واحدة او علي دفعات متعددة» كما يجوز ان
يكون المقابل نصيبا من راس المال المستثمر في تشغيل التكنولوجيا او نصيبا من عايد هذا
؟- ويجوز ان يكون المقابل كمية معينة من السلعة التي تستخدم التكنولوجيا في انتاجها او مادة
اولية ينتجها المستورد ويتعهد بتصديرها الي المورد.",585
commerce_17_1999,قانون التجارة,17,1999,8,مادة 8,mandatory,False,,18,18,"-1 يلتزم المستورد بالمحافظة علي سرية التكنولوجيا التي يحصل عليها وعلي سرية التحسينات
التي تدخل عليهاء ويسال عن تعويض الضرر الذي ينشا عن افشاء هذه السرية سواء وقع ذلك
في مرحلة التفاوض علي ابرام العقد او بعد ذلك.
""- وكذلك يلتزم المورد بالمحافظة علي سرية التحسينات التي يدخلها المستورد وينقلها اليه
بموجب شرط في العقدء ويسال المورد عن تعويض الضرر الذي ينشا عن افشاء هذه السرية.",374
commerce_17_1999,قانون التجارة,17,1999,84,مادة 84,optional,False,,18,18,"يجوز الاتفاق علي ان يكون لمستورد التكنولوجيا وحده حق استخدامها والاتجار في الانتاج وبشرط ان
يحدد هذا الحق بمنطقة جغرافية معينة وبمدة محددة يتفق عليها الطرفان.",158
commerce_17_1999,قانون التجارة,17,1999,866,مادة 866,general,False,,18,18,"-1 يضمن المورد مطابقة التكنولوجيا والوثايق المرفقة بها للشروط المبينة في العقدء كما يضمن
انتاج السلعة او اداء الخدمات التي اتفق عليها بالمواصفات المبينة في العقد» ما لم يتفق كتابة
علي خلاف ذلك.
؟- يسال كل من المورد والمستورد بغير تضامن بينهما عما يلحق الاشخاص والاموال من ضرر
ناشي عن استخدام التكنولوجيا او عن السلعة الناتجة عن تطبيقها.",336
commerce_17_1999,قانون التجارة,17,1999,85,مادة 85,optional,False,,18,18,"يجوز لكل من طرفي عقد نقل التكنولوجيا بعد انقضاء خمس سنوات من تاريخ العقد ان يطلب انهاء او
| عادة النظر في شروطه بتعديلها بما يلايم الظروف الاقتصادية العامة القايمة ويجوز تكرار تقديم هذا
الطلب كلما انقضت خمس سنوات ما لم يتفق علي مدة اخري.",237
commerce_17_1999,قانون التجارة,17,1999,8107,مادة 8107,general,False,,18,18,-1 تختص المحاكم المصرية بالفصل في المنازعات التي تنشا عن عقد نقل التكنولوجيا المشار,83
commerce_17_1999,قانون التجارة,17,1999,77,مادة 77,general,False,,18,18,"من هذا القانون» ويجوز الاتفاق علي تسوية النزاع وديا او بطريق تحكيم
يجري في مصر وفقا لاحكام القانون المصري.
؟- وفي جميع الاحوال يكون الفصل في موضوع النزاع بموجب احكام القانون المصري وكل
اتفاق علي خلاف ذلك يقع باطلا.
الفصل الثاني
البيع التجاري
الفرع الاول: احكام عامة",265
commerce_17_1999,قانون التجارة,17,1999,88,مادة 88,general,False,,18,19,"-1 لا تسري الاحكام المنصوص عليها في هذا الفرع الا علي عقود بيع البضايع التي يبرمها
التجار فيما بينهم لشيون تتعلق بالتجارة ما لم ينص القانون علي غير ذلك.
18
وكذلك لا تسري تلك الاحكام الا اذا كان البدل المقابل للمبيع نقدا او كان نقدا وعينا وكانت قيمة

الجزء العيني ادني من الجزء النقدي.

-1 تسري علي البيوع التجارية الدولية احكام الاتفاقيات الدولية بشان هذه البيوع والنافذة في مصر
وكذلك الاعراف السايدة في التجارة الدولية والتفسيرات التي اعدتها المنظمات الدولية
للمصطلحات المستعملة في تلك التجارة الدولية والتفسيرات التي اعدتها المنظمات الدولية
للمصطلحات المستعملة في تلك التجارة اذا احال اليها العقد.",599
commerce_17_1999,قانون التجارة,17,1999,89,مادة 89,optional,False,,19,19,"-1 اذا لم يحدد المتعاقدان الثمن انعقد البيع بالسعر الذي يجري عليه التعامل بينهما فاذا لم يكن
بينهما تعامل سابق فبالسعر المتداول في السوق.

؟- اذا اتفق علي ان يكون البيع بسعر السوق او اذا وجب الاخذ بهذا السعر وفقا للفقرة السابقة
فالعبرة بمتوسط سعر السوق في الزمان والمكان اللذين تم فيهما العقد الا اذا قضي الاتفاق او
جري عرف التجارة علي غير ذلك او تبين من الظروف وجوب اعتماد سعر اخر. واذا تعدد
سعر السوق فالعبرة بالسعر الوسط.

مادة 00 /
يجوز تفويض الغير في تحديد ثمن المبيع. فاذا لم يقم بالتحديد في الميعاد المحدد له او في الميعاد
المناسب عند عدم التحديد» وجب اعتماد السعر المتداول في السوق في الزمان والمكان اللذين تم فيهما
العقد ما لم يتبين من الظروف او من عرف التجارة وجوب اعتماد سعر اخر.

مادة )9111(
اذا كان الثمن مقدرا علي اساس الوزن فالعبرة بالوزن الصافي الا اذا اتفق او جري العرف علي غير
ذلك

مادة (؟1)

-1 اذا اتفق علي ان يكون للمشتري تحديد شكل المبيع او حجمه او غير ذلك من الاوصاف
المميزة له» وجب ان يقوم بهذا التحديد في الميعاد المتفق عليه او في ميعاد مناسب عند عدم
الاتفاق علي ميعاد معين والا جاز للبايع ان يطلب الفسخ والتعويض.

-1 وللبايع بعد انقضاء الميعاد المشار اليه في الفقرة السابقة تحديد اوصاف المبيع وفقا لحاجات
المشتري التي يمكنه العلم بها. ويكون هذا التحديد نهاييا اذا لم يعترض عليه المشتري خلال
خمسة عشر يوما من تاريخ اخطاره به.",1250
commerce_17_1999,قانون التجارة,17,1999,17,مادة 17,general,False,,19,19,"-1 اذا لم يحدد ميعاد للتسليم. وجب ان يتم التسليم بمجرد ابرام العقد ما لم تستلزم طبيعة المبيع او
يقضي | لعرف بتحديد ميعاد اخر.

؟- فاذا اتفق علي ان يكون للمشتري تحديد ميعاد التسليم التزم البايع بالتسليم في الميعاد الذي
يحدده المشتري مع مراعاة المدة التي تستلزمها طبيعة المبيع لاعداده للتسليم.",291
commerce_17_1999,قانون التجارة,17,1999,14,مادة 14,general,False,,19,20,"-1 اذا قام البايع بناء علي طلب المشتري بارسال المبيع الي غير المكان المعين لتسليمه كانت
تبعة الهلاك علي المشتري من وقت تسليم المبيع الي من يتولي نقله» الا اذا اتفق او نص
القانون علي غير ذلك.

؟- المصاريف التي يقتضيها تسليم المبيع في غير المكان المعين لتنفيذ البيع تكون علي المشتري
الا اذا اتفق او نص القانون علي غير ذلك.

'- اذا خالف البايع دون ضرورة ملجية تعليمات المشتري بشان النقل كان مسيولا عما يلحق
المبيع من ضرر بسبب هذه المخالفة.

19
مادة (ه1
لابعتد عند تسيم المبيع بما يطرا عليه من نقص او لف يقضي العرف بالتسامح فيه.",524
commerce_17_1999,قانون التجارة,17,1999,55,مادة 55,general,False,,20,20,"اذا لم يقم البايع بتسليم المبيع في الميعاد المحدد في العقد. فللمشتري ان يخطره بالتنفيذ خلال مدة مناسبة
يحددهاء فاذا لم يسلم البايع المبيع خلال تلك المدة» جاز للمشتري ان يحصل علي شي ممايل للمبيع علي
حساب البايع وان يطالبه بالفرق بين الثمن المتفق عليه وما دفعه بحسن نية للحصول علي ذلك الشيء.
واذا كان للمبيع سعر معلوم في السوق جاز للمشتري- وان لم يشتر فعلا شييا مماثلا له- ان يطالب
البايع بالفرق بين الثمن المتفق عليه وسعر السوق في اليوم المحدد للتسليم» وللمشتري بدلا من ذلك ان
يخطر البايع بان عدم التسليم خلال المدة المعينة من الاخطار يترتب عليه اعتبار العقد مفسوخاء وله في
هذه الحالة ان يطلب التعويض ان كان له مقتضي.",616
commerce_17_1999,قانون التجارة,17,1999,117,مادة 117,general,False,,20,20,"اذا اتفق علي تسليم المبيع علي دفعات جاز للمشتري ان يطلب الفسخ اذا لم يقم البايع بتسليم احدي
الدفعات في الميعاد المتفق عليه» ولا يسري الفسخ علي الدفعات التي تم تسليمها الا اذا ترتب علي
تبعيض المبيع ضرر جسيم للمشتري.",214
commerce_17_1999,قانون التجارة,17,1999,18,مادة 18,general,False,,20,20,"اذا لم يدفع الثمن في الميعاد المتفق عليه جاز للبايع بعد اعذار المشتري ان يعيد بيع البضاعة للغير فاذا
بيعت بحسن نية بثمن اقل من الثمن المتفق عليه كان من حق البايع مطالبة المشتري بالفرق. واذا كان
للبضاعة سعر معلوم في السوق فللبايع- وان لم يقم باعادة البيع فعلا- ان يطالب المشتري بالفرق بين
الثمن المتفق عليه وسعر البضاعة في السوق في اليوم المعين لدفع الثمن.",355
commerce_17_1999,قانون التجارة,17,1999,195,مادة 195,penalty,False,,20,32,"-1 يجوز للمشتري الذي دفع الثمن بكامله ان يطلب من البايع اعطاءه قايمة بالبضاعة مذكورا
فيها ان الثمن قد دفع.
؟- اذا قبل المشتري صراحة او ضمنا قايمة البضاعة التي تسلمها من البايع فليس له بعد ذلك
الاعتراض علي البيانات التي وردت بها. ويعتبر قبولا ضمنيا عدم اعتراض المشتري علي
القايمة خلال عشرة ايام من تاريخ تسلمها.
مادة )001(
-1 اذا رفض المشتري تسلم المبيع جاز للبايع بعد اثبات حالة المبيع ان يطلب بامر علي عريضة
من القاضي المختص الاذن في بيعه بعد انقضاء مدة يحددها ويخطر بها المشتري؛ كما يحدد
القاضي كيفية اجراء البيع» ويجوز له ان يامر ببيع الاشياء القابلة لتلف سريع دون تحديد مهلة
او اخطار.
-1 علي البايع ايداع حصيلة المبيع خزانة المحكمة حتي يسوي النزاع بينه وبين المشتري اذا كان
المشتري قد دفع الثمن بكامله.
مادة )0111(
-1 اذا تبين بعد تسليم المبيع ان كميته او صنفه اقل مما هو متفق عليه او ان به عيبا او انه غير
مطابق للشروط او العينة التي تم العقد بمقتضاهاء فلا يقضي للمشتري بالفسخ الا اذا نشا عن
النقص او العيب او عدم المطابقة» عدم صلاحية المبيع للغرض الذي اعده له المشتري او
صعوبة تصريفه؛ ما لم يوجد اتفاق او عرف يقضي بوجوب الفسخ» ويكتفي عند رفض طلب
الفسخ بانقاص الثمن دون اخلال بحق المشتري في التعويض.
20
يوما من تاريخ تسليم المبيع اليه تسليما فعلياء وعليه ان يقيم دعوي الفسخ او انقاص الثمن
خلال ستين يوما من تاريخ هذا التسليم.

""- اذا لم يقع الاخطار او لم ترفع الدعوي خلال الميعاد المنصوص عليه في الفقرة السابقة سقط
حق المشتري في اقامتها الا اذا اثبت الغش من جانب البايع.

5 - وفي جميع الاحوال تسقط الدعوي بانقضاء ستة اشهر من تاريخ التسليم الفعلي.

5- ويجوز الاتفاق علي تعديل المواعيد المنصوص عليها في هذه المادة» كما يجوز اعفاء
المشتري من مراعاتها.

مادة (؟510)

-1 اذا تبين بعد تسليم المبيع للمشتري ان كميته تزيد علي المقدار المتفق عليه فلا يقضي للبايع
باسترداد الزيادة الا اذا رفض المشتري تكملة الثمن خلال خمسة عشر يوما من تاريخ اخطاره
بوجود الزيادة.

-1 لا تقبل دعوي البايع باسترداد الزيادة بعد انقضاء ستين يوما من تاريخ تسليم المبيع للمشتري

'""- يجوز الاتفاق علي تعديل المواعيد المنصوص عليها في هذه المادة» كما يجوز اعفاء البايعه من
مراعاتها.

)101:( مادة

-1 يجوز الاتفاق علي الزام المشتري بعدم التخفيض عن ثمن معين عند اعادة البيع اذا كان المبيع
كان المبيع من السلع الضرورية للاستهلاك الشعبي. 0

-1 لا يلتزم خلفاء المشتري بمراعاة الشرط المشار اليه في الفقرة السابقة الا اذا علموا به او كان
في مقدورهم العلم به.

الفرع الثاني
احكام خاصة ببعض انواع البيوع التجارية
مادة )015(
تسري احكام هذا الفرع اذا كان عقد البيع تجاريا بالنسبة الي طرفيه او الي احدهما فقط.
-1 البيع بالتقسيط
مادة )0165(

-1 اذا لم يدفع المشتري احد اقساط الثمن المتفق عليه فلا يجوز الحكم بفسخ البيع اذا تبين انه قام
بتنفيذ خمسة وسبعين في الماية من التزاماته.

-1 وفي حالة الحكم بفسخ البيع يجب ان يرد البايع الاقساط التي قبضها بعد استنزال ما يعادل
اجرة الانتفاع بالمبيع بالاضافة الي تعويض عن التلف الذي لحقه بسبب الاستعمال غير
العادي» ويقع باطلا كلا اتفاق علي تحميل المشتري التزامات اشد من ذلك.

؟- الاتفاق علي حلول الثمن باكمله عند عدم دفع احد الاقساط في ميعاد استحقاقه لا يكون نافذا الا
اذا تخلف المشتري عن دفع قسطين متتاليين علي الاقل.

)1015( مادة

-1 اذا احتفظ البايع بملكية المبيع حتي اداء اقساط الثمن باكملها اكتسب المشتري هذه الملكية باداء

القسط الاخيرء ويتحمل المشتري تبعة هلاك المبيع من وقت تسليمه اليه.
21
؟- مع عدم الاخلال بالاحكام المنصوص عليها في باب الافلاس لا يكون شرط الاحتفاظ بالملكية
نافذا علي الغير الا اذا كان الشرط مدونا في ورقة ذات تاريخ ثابت وسابق علي حق الغير او
علي اجراءات التنفيذ التي يتخذها الداينون علي المبيع.
مادة )011/(
-1 لا يجوز للمشتري التصرف في المبيع قبل اداء الاقساط باجمعها الا باذن مكتوب من البايع
وكل تصرف يجريه المشتري بالمخالفة لهذا الحكم لا يكون نافذا في حق البايع اذا اثبت علم
المتصرف اليه وقت اجراء التصرف بعدم اداء الثمن باكمله.
؟- للبايع عند تصرف المشتري في المبيع قبل اداء اقساط الثمن باكملها وبغير اذن منه ان يطالب
المشتري باداء الاقساط الباقية فورا.
""- يعاقب المشتري عند مخالفة احكام الفقرة الاولي بالحبس مدة لا تجاوز ستة اشهر وبغرامة لا
تجاوز 2.001 جنيه او باحدي هاتين العقوبتين. ويسري علي هذه الجريمة حكم المادة 14 مكرر
(ا) من قانون الاجراءات الجنايية.
وتامر النيابة العامة بوقف تنفيذ العقوبة اذا تم الصلح اثناء تنفيذها ولو بعد صيرورة الحكم باتا.
""- البيع بطريق التصفية او المزايدة العلنية
مادة )1018(
-1 يجب علي التاجر ان يعلن عن ثمن السلع المعروضة للبيع في التصفية مقترنا به بيان عن
الثمن الفعلي الذي كانت تباع به هذه السلع خلال الشهر السابق علي التصفية.
-1 يعتبر في حكم التصفية الموسمية كل اجراء من شانه الاعلان عن بيع السلع باسعار مخفضة.
مادة )019(
لا يجوز للتاجر ان يبيع بطريق المزايدة العلنية السلع غير المستعملة التي يتاجر فيها الا لاحد الاسباب
الاتية بشرط الاعلان عن السبب قبل المزايدة:
(ا) تصفية المتجر نهاييا.
(ب)تصفية احد فروع المتجر.
(ج) تصفية التجارة في احد الاصناف التي يتعامل فيها المتجر.
(د) تصفية السلع التي يصيبها عيب بسبب حريق او تسرب مياه او غير ذلك من الاسباب.
() حالة التصفية الموسمية» علي ان تتم خلال اسبوعين علي الاكثر.
مادة )1011(
-1 لا يجوز بيع السلع المستعملة بالمزايدة العلنية الا بواسطة خبير مثمن مقيد في السجل الخاص.
؟- يقصد بالبيع بالمزايدة العلينة كل بيع اختياري يجوز لكل شخص حضوره ولو اشترط لحضور
المزايدة دفع مقابل او اقتصر الحضور علي طايفة معينة من الاشخاص.
مادة )1111(
-1 علي المشتري الذي ترسو عليه المزايدة ان يدفع نصف الثمن في جلسة المزايدة وان يدفع
الباقي عند تسليم المبيع اليه» ويجب ان يتم التسليم خلال ثلاثة ايام من تاريخ انتهاء المزايدة»
مالم تتضمن شروط طالب البيع خلاف ذلك.
؟- اذا لم يدفع المشتري الباقي من الثمن او اذا لم يحضر لتسلم المبيع في الميعاد المشار اليه في
الفقرة السابقة وجب اعادة البيع علي مسيوليته بطريق المزايدة العلنية ايضا ولا تقبل المزايدة
منه
؟- اذا رست المزايدة الثانية بثمن اقل من الثمن في المزايدة الاولي التزم المشتري المتخلف عن
الدفع بالفرق» واذا رست المزايدة الثانية بثمن اكبرء فالزيادة لطالب البيع.
22
مادة (؟11)
لا يجوز للخبير المثمن ان يمتنع عن ارساء المزايدة الا في الحالتين الاتيتين:-
(ا) اذا اقتصرت المزايدة علي السلعة علي شخص واحد.
(ب) اذا لم تصل نتيجة المزايدة الي الثمن الاساسي.
مادة )11(
لا يجوز لطالب البيع او للخبير المثمن الاشتراك بنفسه او بوساطة غيره في المزايدة علي السلع
المعروضة للبيع.
مادة )1154(
للخبير المثمن حق امتياز بسبب ما يستحقه من اجر او عمولة علي ثمن السلع التي يتولي بيعها
بالمزايدة العلنية.
""- عقد التوريد
مادة )1165(
اذا اتفق علي حد ادني وحد اقصي للكمية التي يلتزم المورد بتوريدها جاز لطالب التوريد تعيين الكمية
التي تلزمه بشرط ان تقع بين الحدين وان يخطر بها المورد بميعاد مناسبء واذا اتفق علي الحد الادني
وحدهء كان لطالب التوريد تعيين الكمية التي تلزمه بشرط ان لا تقل عن الحد الادني المتفق عليه» وان
يخطر بها المورد بميعاد مناسب.
مادة )115(
-1 اذا اتفق علي اجل للتوريد فالمفروض ان لاجل مشروط لصالح الطرفين» فلا يجوز تعديله الا
برضايهما. 1
؟- واذا اتفق علي ان يكون لطالب التوريد تحديد اجل التوريد وجب ان يخطر المورد بميعاد
مناسب بالاجل الذي يحدده.
؟- واذا لم يتفق علي اجل التوريد جاز لكل من الطرفين انهاء العقد في اي وقت بشرط اخطار
الطرف الاخر بميعاد مناسب.
مادة )1111(
اذا تخلف احد الطرفين عن تنفيذ التزاماته بشان احد التوريدات الدورية فلا يجوز للطرف الاخر فسخ
العقد الا اذا كان من شان التخلف عن التنفيذ احداث ضرر جسيم له او اضعاف الثقة في مقدرة الطرف
الذي تخلف عن التنفيذ علي الاستمرار في تنفيذ التوريدات اللاحقة بصورة منتظمة.
مادة )118(
لا يجوز الاتفاق علي منع طالب التوريد من التعاقد مع غير المورد علي شراء بضايع او الحصول
بمقابل علي خدمات مماثلة للبضايع او الخدمات محل عقد التوريد الا لمدة لا تجاوز خمس سنوات من
تاريخ العقد. وذلك ايا كانت الميزات التي يقررها المورد لطالب التوريدء وكل اتفاق علي مدة اطول
يخفض الي خمس سنواتء ولا يجوز تجديد المدة الا بعد انتهايها ولمرة واحدة وباتفاق صريح.
الفصل الثالث
الرهن التجاري
مادة )119(
23
مع مراعاة الاحكام التي تنظم انواعا خاصة من الرهن التجاري تسري احكام هذا الاصل علي كل رهن
يتقرر علي مال منقول ضمانا لدين يعتبر تجاريا بالنسبة الي المدين.
مادة )111(
-1 يشترط لنفاذ الرهن في حق الغير ان تنتقل حيازة الشيء المرهون الي الداين المرتهن او الي
عدل يعينه المتعاقدان وان يبقي الشيء المرهون في حيازة من تسلمه منهما حتي انقضاء
الرهن. 1
""- يكون الداين المرتهن او العدل حايزا للشيء المرهون في الحالات الاتية:
(ا) اذا وضع تحت تصرفه بكيفية تحمل الغير علي الاعتقاد ان الشيء صار في حراسته.
1ب اذا تسلم صكا يمثل الشيء المرهون ويعطي حايزه دون غيره حق تسلمه.
""- تنتقل حيازة الحقوق بتسليم الصكوك الثابتة فيهاء واذا كان الصك مودعا عند الغير اعتبر تسليم
ايصال الايداع بمثابة تسليم الصك ذاته بشرط ان يكون الصك معينا في الايصال تعيينا نافيا
للجهالة وان يرضي المودع عنده بحيازة الصك لحساب الداين المرتهن» وفي هذه الحالة
يعتبر المودع عنده قد تخلي عن كل حق له في حبس الصك لحسابه لسبب سابق علي الرهن
مالم يكن قد احتفظ بهذا الحق عند قبوله حيازة الصك لحساب الداين المرتهن.
مادة (1؟1)
-1 يتم رهن الحقوق الثابتة في الصكوك الاسمية بحوالة يذكر فيها انها علي سبيل الرهن وتقيد
في دفاتر الجهة التي اصدرت الصلك.
-1 ويتم رهن الحقوق الثابتة في الصكوك لامر بتظهير يذكر فيه انه للرهن او اية عبارة اخري
تفيد ذلك.
'""- ويكون الرهن المشار اليه في الفقرتين السابقتين نافذا في حق المدين دون حاجة الي اعلانه
بالرهن او قبوله.
مادة (؟5؟1)
-1 مع مراعاة الاحكام المنصوص عليها في المادة السابقة لا يشترط لنفاذ الرهن التجاري في حق
الغير ان يكون مكتوبا او ان تكون الورقة التي يدون فيها الرهن ثابتة التاريخ.
؟- ويجوز اثبات الرهن التجاري فيما بين المتعاقدين وبالنسبة الي الغير بكافة طرق الاثبات ايا
كانت قيمة الدين المضمون بالرهن.
مادة )11*(
علي الداين المرتهن ان يسلم المدين- اذا طلب منه ذلك- ايصالا يبين فيه ماهية الشيء المرهون ونوعه
ومقداره وغير ذلك من الصفات المميزة له.
مادة (5؟1)
-1 اذا ترتب الرهن علي مال مثلي بقي الرهن قايما ولو استبدل بالشيء المرهون شي اخر من
نوعه.
-1 واذا كان الشيء المرهون من الاموال غير المثلية جاز للمدين ان يستبدل به غيره بشرط ان
يكون متفقا علي ذلك في عقد الرهن وان يقبل الداين المرتهن البدل.
مادة (5؟1)
علي الداين المرتهن ان يقوم بجميع التدابير والاجراءات اللازمة للمحافظة علي الشيء المرهون
وصيانته» وعليه ان يستوفي لحساب المدين الحقوق المتصلة بالشيء كقبض قيمته وتوابعه علي ان
يخصم ما يقبضه من المبلغ المضمون بالرهن ولو لم يكن قد حل اجلهء ويكون الخصم اولا من قيمة ما
انفقه في المحافظة علي الشي وصيانته من المصاريف ثم من العوايد ثم من اصل الدين ما لم يتفق علي
غير ذلك.
24
)115( مادة

-1 اذا لم يدفع المدين الدين المضمون بالرهن في ميعاد استحقاقه كان للداين المرتهن بعد انقضاء
خمسة ايام من تاريخ تكليف المدين بالوفاء ان يطلب بعريضة تقدم الي القاضي المختص
بالمحكمة التي يقع في دايرتها موطنه الامر ببيع الشيء المرهون كله او بعضه.

-1 لا يجوز تنفيذ الامر الصادر من القاضي ببيع الشيء المرهون الا بعد انقضاء خمسة ايام من
تاريخ تبليغه الي المدين والكفيل ان وجد مع بيان المكان الذي يجري فيه البيع وتاريخه
وساعته.

""- يجري البيع في الزمان والمكان الذين عينهما القاضي وبالمزايدة العلنية الا اذا امر القاضي
باتباع طريقة اخري واذا كان الشيء المرهون متداولا في سوق الاوراق المالية امر القاضي
ببيعه في هذه السوق بمعرفة احد السماسرة المقبولين للعمل بها.

4- يستوفي الداين المرتهن بطريق الاولوية دينه من اصل وعايد ومصاريف من الثمن الناتج من
البيع.

مادة )111(
اذا تقرر الرهن علي عدة اموال؛ كان من حق الداين المرتهن تعيين المال الذي يجري عليه البيع ما لم
يتفق علي غير ذلك او كان من شانه الحاق ضرر بالمدين. وفي جميع الاحوال لا يجوز ان يشمل البيع
الا ما يكفي للوفاء بحق الداين المرتهن.

)118( مادة

-1 اذا نقص سعر الشيء المرهون في السوق بحيث اصبح غير كاف لضمان الدين جاز للداين
المرتهن ان يعين للمدين ميعادا مناسبا لتكملة الضمانء» فاذا رفض المدين ذلك او انقضي
الميعاد المحدد دون ان يقوم بتكملة الضمان جاز للداين المرتهن ان ينفذ علي الشيء المرهون
باتباع الاجراءات المنصوص عليها في المادة )117( من هذا القانون وينتقل الرهن الي الثمن
الناتج من البيع.

؟- واذا كان الشيء المرهون معرضا للهلاك او التلف او كانت صيانته تستلزم نفقات باهظة ولم
يشا المدين تقديم شي اخر بدله» جاز لكل من الداين المرتهن والمدين ان يطلب بامر علي
عريضة من القاضي المختص الترخيص له في بيعه فورا باية طريقة يعينها القاضي وينتقل
الرهن الي الثمن الناتج من البيع.

مادة (9؟1)
يكون باطلا كل اتفاق يبرم وقت تقرير الرهن او بعد تقريره يعطي الداين المرتهن في حالة عدم استيفاء
الدين عند حلول اجله الحق في تملك الشيء المرهون او في بيعه دون مراعاة الاجراءات المنصوص
عليها في المادة )1775( من هذا القانون.
الفصل الرابع
الايداع في المستودعات العامة
مادة )10(

-1 الايداع في المستودعات العامة عقد يتعهد بمقتضاه مستثمر المستودع بتسلم بضاعة لحفظها
لحساب المودع او لحساب من توول اليه ملكيتها او حيازتها بمقتضي الصكوك التي تمثلها.

؟- لا يجوز انشاء او استثمار مستودع عام له حق اصدار صكوك تمثل البضايع المودعة وتكون
قابلة للتداول. الا بترخيص من الجهة الادارية المختصة وفقا للشروط والاوضاع التي يصدر
بها قرار منها.

؟- تراعي في تطبيق احكام هذا الفصل علي ايداع بضايع لم تدفع عنها الضرايب او الرسوم
الجمركية»؛ الاحكام المنصوص عليها في القوانين الخاصة بذلك والقرارات الصادرة بتنفيذها.

25
:- لا يعتبر مستودعا عاما خاضعا للاحكام المنصوص عليها في هذا الفصل منشاة الاستيداع التي

لا يكون من حقها اصدار صكوك تمثل البضاعة تكون قابلة للتداول.
مادة )111(

-1 يجب علي من يستثمر مستودعا عاما ان يومن عليه ضد اخطار الحريق لدي احدي شركات
التامين ويشمل هذا التامين البضايع الموجودة بالمستودع لحساب الغير.

-1 ومع ذلك لا يشمل التامين البضايع المودعة احد المستودعات العامة الموجودة في ميناء بحري
او ميناء جوي اذا كانت البضاعة مشمولة ايضا بتامين بحري او جوي ضد اخطار الحريق
فاذا وقع الحادث خلال سريان التامين البحري او الجوي كان هذا التامين وحده هو الواجب
تطبيقه لتسوية التعويضات؛ ولا تصير البضاعة مشمولة بالتامين علي المستودع الا بعد
انقضاء مدة سريان التامين البحري او الجوي او عدم كفاية هذا التامين لتغطية الضرر.

مادة (؟1)

-1 يلتزم المودع بان يقدم الي المستودع العام بيانات صحيحة عن طبيعة البضاعة المودعة
ونوعها ومقدارها وقيمتها.

-1 وللمودع في كل وقت الحق في فحص البضاعة التي سلمت للمستودع لحسابه واخذ عينات
منها وتمكين الغير من ذلك.

)1”( مادة

-1 يكون مستثمر المستودع مسيولا عن حفظ البضاعة المودعة وصيانتها بما لا يجاوز قيمتها
التي قدرها المودع.

-1 ولا يسال مستثمر المستودع عما يلحق بالبضاعة من هلاك او تلف او نقص اذا نشا ذلك عن
قوة قاهرة او طبيعة البضاعة او عيب ذاتي فيها او في كيفية تعبيتها او حزمها.

مادة )1*5(
لمستثمر المستودع ان يطلب من القاضي المختص بالمحكمة التي يقع في دايرتها المستودع» اصدار
امر علي عريضة ببيع البضاعة المودعة اذا كانت مهددة بتلف سريع ويعين القاضي كيفية اجراء البيع
والتصرف في الثمن.

)15( مادة

-1 يجوز للمودع التعامل علي البضاعة المودعة بالبيع والرهن وغيرها من التصرفات بموجب
الصكوك التي يصدرها المستودع العام.

-1 ويجوز لمستثمر المستودع ان يقدم قروضا للمودع برهن البضاعة المودعة لديه وله ان
يتعامل بصك الرهن الذي يمثلها.

""- لا يجوز رهن البضايع المودعة في المستودعات العامة او التنفيذ عليها وفاء للدين المرهون
الا باتباع الاحكام المنصوص عليها في شان الرهن التجاري.

)15( مادة

-1 يتسلم المودع ايصال ايداع يبين فيه اسمه ومهنته وموطنه ونوع البضاعة وطبيعتها وكميتها
وغير ذلك من البيانات اللازمة لتعيين ذاتيتها وقيمتها واسم المستودع المودعة فيه واسم
الشركة المومنة علي المستودع وما اذا كانت قد دفعت عنها الرسوم والضرايب المستحقة من
عدمه

""- يرفق بايصال الايداع صك رهن يشتمل علي جميع البيانات المذكورة في ايصال الايداع.

""'- للمودع تجزية البضاعة الي مجموعات متعددة والحصول علي ايصال ايداع وصك رهن عن
كل مجموعة منها.

5- يحتفظ المستودع بصورة طبق الاصل من ايصال الايداع وصك الرهن.

26
مادة (/ا 1""

-1 اذا كانت البضاعة المودعة والمسلم ل ايداع وصك رهن من الاشياء المثلية جاز
للمودع ان يستبدل بها بضاعة اخري من نوعها وصفتها اذا كان منصوصا علي ذلك في
ايصال الايداع وصك الرهن» وفي هذه الحالة تنتقل جميع حقوق حامل الايصال او الصك
وامتيازاته الي البضاعة الجديدة.

-1 يجوز ان يصدر ايصال الايداع وصك الرهن عن كمية من البضاعة المثلية سايبة في كمية
اكبر.

)178( مادة

-1 يجوز ان يصدر ايصال الايداع او صك الرهن باسم المودع او لامره.

-1 اذا كان ايصال الايداع او صك الرهن لامر المودع جاز له ان يتنازل بالتظهير عنهما متصلين
او منفصلين. 0

؟- يجوز لمن ظهر له ايصال ايداع او صك رهن ان يطلب قيد التظهير الذي حصل له مع بيان
موطنه في دفاتر المستودع.

)19( مادة

-1 يجب ان يكون تظهير ايصال الايداع او صك الرهن مورخا ومشتملا علي توقيع المظهر.

؟- واذا ظهر صك الرهن منفصلا عن ايصال الايداع وجب ان يشمل التظهير بالاضافة الي
البيانات المنصوص عليها في الفقرة السابقة علي بيان بمبلغ الدين المضمون بالرهن من اصل
وعايد وتاريخ استحقاقه واسم الداين ومهنته وموطنه» وعلي المظهر اليه الاول ان يبادر الي
طلب قيد تظهير صك الرهن وبيانات هذا التظهير في دفاتر المستودع والتاشير بذلك علي
صك الرهن.

""- علي المظهر اليه الاول عند تظهير صك الرهن ان يطلب قيد تظهير صك الرهن والبيانات
المتعلقة بالتظهير في دفاتر المستودع والتاشير بذلك علي صك الرهن.

(1 0 00 مادة

-1 لحامل صك الرهن دون ايصال الايداع حق رهن علي البضاعة المودعة.

؟1- ولحامل ايصال الايداع دون صك الرهن حق سحب البضاعة المودعة بشرط ان يدفع الدين
المضمون بالرهن اذا كان مستحق الاداء فاذا لم يكن الدين مستحق الاداء» جاز له سحب
البضاعة قبل حلول ميعاد استحقاق الدين اذا اودع المستودع مبلغا كافيا لتغطية الدين وعوايده
حتي حلول الاجل. ويسري هذا الحكم اذا استحق الدين ولم يتقدم حامل صك الرهن لقبضه.

'- ويجوز ان يقتصر السحب علي جزء من البضاعة بعد ايداع مبلغ يتناسب مع هذا الجزء.

مادة )1411(
اذا لم يدفع الدين المضمون بالرهن في ميعاد الاستحقاق جاز لحامل صك الرهن منفصلا عن ايصال
الايداع ان يطلب بيع البضاعة المرهونة باتباع الاجراءات المنصوص عليها في شان الرهن التجاري.
مادة )145(

-1 يستوفي الداين المرتهن حقه من ثمن البضاعة بالاولوية علي الداينين العاديين بعد خصم

المبالغ الاتية:
(ا) الضرايب والرسوم المستحقة علي البضاعة.
(ب) مصاريف بيع البضاعة وايداعها وغير ذلك من مصاريف الحفظ.

-1 اذا لم يكن حامل ايصال الايداع حاضرا وقت بيع البضاعة اودع المبلغ الزايد علي ما يستحقه
حامل صك الرهن خزانة المحكمة الجزيية التي يقع في دايرتها المستودع.

27
15 ""( مادة

-1 لا يجوز لحامل صك الرهن الرجوع عط امك او المظهرين الا بعد التنفيذ علي البضاعة
المرهونة وثبوت عدم كفاية حصيلة البيع للوفاء بدينه.

؟- يكون الرجوع علي المظهرين خلال خمسة عشر يوما من تاريخ بيع البضاعة والا سقط حق
الحامل في الرجوع.

'- وفي جميع الاحوال يسقط حق حامل صك الرهن في الرجوع علي المظهرين اذا لم يباشر
اجراءات التنفيذ علي البضاعة المرهونة خلال ثلاثين يوما من تاريخ استحقاق الدين.

)145( مادة

اذا وقع حادث للبضاعة كان لحامل ايصال الايداع او صك الرهن علي مبلغ التامين الذي يستحق عند
وقوع هذا الحادث جميع الحقوق المقررة له علي البضاعة.
مادة )145(

-1 لمن ضاع او تلف منه ايصال الايداع ان يطلب من القاضي المختص بالمحكمة التي يقع في
دايرتها المستودع اصدار امر علي عريضة بتسليمه صورة من الايصال الضايع او التالف
تقديم الكفالة دون ان يتقدم احد بطلب استرداد البضاعة المبيعة.

-1 لمن ضاع منه صك الرهن ان يطلب من القاضي المختص بالمحكمة التي يقع في دايرتها
المستودع اصدار امر علي عريضة بوفاء الدين المضمون بالرهن عند حلول اجله بشرط ان
يثبت ملكيته للصك الضايعء وان يقدم كفيلا. فاذا لم يقم المدين بتنفيذ الامر كان لمن صدر هذا
الامر لصالحه ان ينفذ علي البضاعة المرهونة باتباع الاجراءات المنصوص عليها بشان
الرهن التجاريء» وذلك بشرط ان يكون التظهير الاول الذي حصل علي الصك قد قيد في دفاتر
المستودع وفقا لاحكام الفقرة الثانية من المادة )119( من هذا القانون وتبرا ذمة الكفيل
بانقضاء ستة اشهر من تاريخ استحقاق الدين دون ان يتخذ من صدر الامر لصالحه اجراءات
التنفيذ علي البضاعة.

)145( مادة

-1 اذا لم يسترد المودع البضاعة عند انتهاء عقد الايداع جاز لمستثمر المستودع طلب بيعها
باتباع الاجراءات المنصوص عليها في شان الرهن التجاري ويستوفي من حصيلة البيع المبالغ
المستحقة له ويسلم الباقي الي المودع او يودعه خزانة المحكمة المختصة.

-1 يسري الحكم المنصوص عليه في الفقرة السابقة اذا كان عقد الايداع غير محدد المدة وانقضت
سنة دون ان يطلب المودع استرداد البضاعة او يبدي رغبته في استمرار عقد الايداع.

)141/( مادة

-1 يعاقب بالحبس وبغرامة لا تقل عن خمسة الاف جنيه ولا تزيد علي خمسين الف جنيه او
باحدي هاتين العقوبتين كل من انشا او استغل مستودعا عاما دون الحصول علي الترخيص
المشار اليه في الفقرة الثانية من المادة )1121( من هذا القانون.

-1 للمحكمة ان تامر في حالة الحكم بالادانة باغلاق المستودع وايداع البضايع الموجودة فيه باحد
المستودعات المرخص بهاء وذلك علي نفقة المحكوم عليه وعلي ذمة تسليمها لاصحابها او
التصرف فيها لحسابهم وفقا للاحكام الواردة في هذا الفصل.

وتامر المحكمة بنشر الحكم شاملا ببيان موقع المستودع الجديد في صحيفة يومية علي نفقة

المحكوم عليه.

28
الفصل الخامس
الوكالة التجارية
الفرع الاول
احكام عامة
مادة )148(
تطبق احكام الوكالة التجارية اذا كان الوكيل محترفا اجراء المعاملات التجارية لحساب الغير.
مادة )145(
-1 اذا اعطيت الوكالة التجارية مطلقة فلا تنصرف الا الي المعاملات التجارية.
؟- واذا اعطيت الوكالة التجارية مخصصة بمعاملة تجارية معينة جاز للوكيل القيام بجميع
الاعمال اللازمة لاجراء هذه المعاملة دون حاجة الي اذن من الموكل.
مادة )1501(
-1 تكون الوكالة التجارية باجر.
؟- يستحق الوكيل التجاري الاجر بمجرد ابرام الصفقة التي كلف بهاء وكذلك يستحق الاجر اذا
اثبت تعذر ابرام الصفقة لسبب يرجع الي الموكل.
؟- في غير الحالتين المشار اليهما في الفقرة السابقة لا يستحق الوكيل اجرا وانما يستحق تعويضا
عن الجهد الذي بذله طبقا لما يقضي به العرف التجاري.
5- استثناء من احكام الفقرة الثانية من المادة )315( من القانون المدني اذا اتفق علي اجر الوكيل
مادة )1511(
-1 علي الوكيل اتباع تعليمات الموكل» فاذا خالفها دون مسوغ مقبول جاز للموكل رفض الصفقة.
؟- واذا لم توجد تعليمات من الموكل بشان الصفقة فعلي الوكيل تاخير ابرامها وطلب التعليمات
من الموكل الا اذا كان تاخير الصفقة يلحق الضرر بالموكل او كان الوكيل مفوضا في العمل
بغير تعليمات منه.
مادة (؟551)
اذا كانت البضايع او الاشياء التي يحوزها الوكيل لحساب الموكل مهددة بتلف سريع او بهبوط في
القيمة ولم تصله تعليمات من الموكل بشانها في ميعاد مناسب فللوكيل ان يطلب من القاضي المختص
بالمحكمة التي يوجد في دايرتها مركز اعماله اصدار امر علي عريضة ببيعها بالكيفية التي يعينها
القاضي.
مادة )185:9(
للوكيل ان يمتنع عن اجراء العمل المعهود به اليه اذا كان اجراوه يتطلب مصاريف غير عادية ولم
يرسلها اليه الموكل» الا اذا اتفق او جري التعامل السابق بين الطرفين علي ان يودي الوكيل هذه
المصاريف.
مادة )154(
اذا رفض الوكيل اجراء الصفقة المعهود بها اليه» وجب عليه اخطار الموكل بذلك فوراء وفي هذه
الحالة يجب علي الوكيل المحافظة علي البضايع وغيرها من الاشياء التي يحوزها لحساب الموكل حتي
تصله تعليماته بشانها. فاذا لم تصل التعليمات في ميعاد مناسب جاز للوكيل ان يطلب من القاضي
المختص بالمحكمة التي يوجد في دايرتها مركز اعماله اصدار امر علي عريضة بايداع البضايع او
29
مادة زه ه1

-1 الوكيل مسيول عن هلاك او تلف 8 والاشياء التي يحوزها لحساب الموكل الا اذا نتج
ذلك عن سبب لا يد للوكيل او لتابعيه فيه او عن عيب ذاتي في البضاعة او الشيء.

-1 لا يلتزم الوكيل بالتامين علي الاشياء التي يحوزها لحساب الموكل الا اذا طلب الموكل منه
ذلك او كان اجراء التامين مما يقضي به العرف او تستلزمه طبيعة الشيء.

)1165( مادة

-1 لا يجوز للوكيل ان يقيم نفسه طرفا ثانيا في الصفقة المكلف بابرامها الا في الحالات الاتية:

(ا) اذا اذن له الموكل في ذلك.

(ب)اذا كانت تعليمات الموكل بشان الصفقة صريحة ومحددة ونفذها الوكيل بدقة.

(ج)اذا كانت الصفقة تتعلق بسلعة لها سعر محدد في السوق واشتراها الوكيل او باعها

بهذا السعر.
؟1- لا يستحق الوكيل في الحالات المذكورة في الفقرة السابقة اجرا نظير الوكالة.
مادة (/ا511)

يجوز للغير الذي يتعامل مع الوكيل ان يطلب الاطلاع علي عقد الوكالة وعلي المراسلات وغيرها

من الوثايق المثبتة او المقيدة لسلطة الوكيل. ولا يجوز الاحتجاج علي الغير بالقيود الواردة علي

سلطة الوكيل الا اذا ثبت علم الغير بها وقت التعاقد.

)115/( مادة

-1 علي الوكيل ان يحيط الموكل علما بالصفقات التي يبرمها لحسابه.

-1 وعلي الوكيل ان يقدم للموكل في الميعاد المتفق عليه او الذي يجري عليه العرف او التعامل
السابق بينهما حسابا عن الاعمال التي يجريها لذمته. ويجب ان يكون هذا الحساب مطابقا
للحقيقة» فاذا تضمن عن عمد بيانات غير صحيحة:؛ جاز للموكل رفض الصفقات التي تتعلق
بها هذه البيانات فضلا عن حقه في المطالبة بالتعويضء ولا يستحق الوكيل اجرا عن الصفقات
المذكورة.

)159( مادة

-1 للوكيل فضلا عن حقه في الحبس امتياز علي البضايع وغيرها من الاشياء التي يرسلها اليه
الموكل او يودعها لديه او يسلمها له.

؟- يضمن الامتياز اجر الوكيل والمصاريف والمبالغ التي يدفعها عن الموكل او يقرضها له وغير
ذلك من المبالغ التي تستحق للوكيل بسبب الوكالة سواء انفقت قبل تسليم البضايع او الاشياء او
اثناء وجودها في حيازة الوكيل.

""- يتقرر الامتياز دون اعتبار لما اذا كان الدين قد نشا عن اعمال تتعلق بالبضايع او الاشياء التي
لا تزال في حيازة الوكيل او ببضايع او اشياء اخري سبق ارسالها اليه او ايداعها عنده او
تسليمها له.

)151( مادة

-1 لا يكون للوكيل الامتياز المشار اليه في المادة السابقة الا اذا كان حايزا لبضايع او لاشياء

لحساب الموكل. وتتحقق هذه الحيازة في الحالات الاتية:
(ا) اذا تسلم الوكيل البضايع او الاشياء فعلا.
(ب)اذا وضعت تحت تصرفه في الجمرك او في مخزن عام او خاص.
(ج)اذا كان يحوزها قبل وصولها بمقتضي سند شحن او اية وثيقة نقل اخري.
(د) اذا صدرها وظل حايزا لها بمقتضي سند شحن او اية وثيقة نقل اخري.

؟- اذا بيعت البضايع او الاشياء التي يقع عليها الامتياز وسلمت الي المشتري انتقل امتياز الوكيل
الي الثمن.

30
مادة )151(
امتياز الوكيل التجاري مقدم علي جميع الامتيازات الاخري ما عدا المصاريف القضايية والضرايب
والرسوم المستحقة للدولة.

مادة (؟551)

-1 يتبع في التنفيذ علي البضايع والاشياء الموجودة في حيازة الوكيل التجاري اجراءات التنفيذ
علي الشيء المرهون رهنا تجاريا.:

-1 ومع ذلك اذا كان الوكيل مكلفا ببيع البضايع او الاشياء التي في حيازته جاز له التنفيذ عليها
ببيعها دون حاجة الي اتباع الاجراءات المشار اليها في الفقرة السابقة الا اذا تعذر عليه تنفيذ
تعليمات الموكل في شان البيع.

مادة )15(
يجوز لكل من طرفي عقد الوكالة التجارية انهاء العقد في كل وقتء. ولا يستحق التعويض الا اذا وقع
انهاء العقد دن اخطار سابق او في وقت غير مناسب. واذا كان العقد معين المدة وجب ان يستند انهاوه
الي سبب جدي ومقبول والا استحق التعويض.

مادة )154(
اذا لم يكن للموكل موطن معلوم في مصر اعتبر موطن وكيله بها موطنا له وتجوز مقاضاته وتبليغه
بالااوراق القضايية الرسمية فيه» وذلك فيما يتعلق بالاعمال التي يجريها الوكيل لحساب موكله.

مادة )1565(
تسري فيما يتعلق بتنظيم الاشتغال باعمال الوكالة التجارية في مصر القوانين والقرارات الخاصة بذلك.

الفرع الثاني

بعض انواع الوكالة التجارية
-1 الوكالة بالعمولة
مادة )155(

-1 الوكالة بالعمولة عقد يتعهد بمقتضاه الوكيل بان يجري باسمه تصرفا قانونيا لحساب الموكل.

-1 وتسري علي الوكالة بالعمولة بالاضافة الي الاحكام العامة بشان الوكالة التجارية الاحكام
المنصوص عليها في المواد التالية.

)1151( مادة

-1 اذا باع الوكيل بالعمولة باقل من الثمن الذي حدده الموكل او اشتري باعلي منه وجب علي
الموكل ان اراد رفض الصفقة ان يخطر الوكيل بذلك في اقرب وقت من علمه بها والا اعتبر
قابلا للثمن.

؟- ولا يجوز للموكل رفض الصفقة اذا قبل الوكيل بالعمولة تحمل فرق الثمن.

)158( مادة

-1 اذا اشتري الوكيل بالعمولة لحساب الموكل بضاعة مخالفة للنوع او الصنف الذي طلبه الموكل
فلا يلزم بقبولها.

؟- واذا اشتري الوكيل بضاعة مطابقة للبضاعة المطلوبة ولكن بكمية اكبر فلا يلزم الموكل الا
بقبول الكمية التي طلبها. اما اذا كانت الكمية اقل يكون للموكل الخيار بين قبولها او رفضها.

31
مادة 159(
اذا تعاقد الوكيل بالعمولة بشروط افضل من 0 د حددها الموكل» عادت المنفعة الي الموكل»
وعلي الوكيل ان يقدم حسابه علي اساس الشروط الحقيقة التي تمت الصفقة بمقتضاها.
مادة الفيلة
-1 اذا منح الوكيل بالعمولة المكلف بالبيع المشتري اجلا للوفاء بالثمن او قسطه عليه بغير اذن من
الموكل» جاز للموكل ان يطالب الوكيل باداء الثمن باجمعه فوراء وفي هذه الحالة يجوز للوكيل
بالعمولة ان يحتفظ بفرق الثمن اذا تمت الصفقة بثمن اعلي.
؟- ومع ذلكء يجوز للوكيل بالعمولة ان يمنح الاجل او يقسط الثمن بغير اذن من الموكل اذا كان
العرف التجاري في الجهة التي تم فيها البيع يقضي بذلك الا اذا كانت تعليمات الموكل
الصريحة تلزمه بالبيع بثمن معجل.",25791
commerce_17_1999,قانون التجارة,17,1999,111,مادة 111,mandatory,False,,32,32,"اذا قضت تعليمات الموكل بالبيع بثمن موجل وباع الوكيل بالعمولة بثمن معجلء فلا يجوز للموكل ان
يطالبه باداء الثمن الا عند حلول الاجل الذي عينه وفي هذه الحالة يلتزم الوكيل بالعمولة باداء الثمن
علي اساس البيع الموجل.",210
commerce_17_1999,قانون التجارة,17,1999,1177,مادة 1177,mandatory,False,,32,32,"-1 لا يجوز للوكيل بالعمولة تغيير العلامات التجارية الموضوعة علي البضايع التي يتسلمها من
الموكل او لحسابه الا اذا تم ذلك في حدود القانون وكان ماذونا في ذلك صراحة.
؟- واذا كان الوكيل بالعمولة حايزا لجملة بضايع من جنس واحد ومرسلة اليه من موكلين مختلفين
وجب ان يضع علي كل بضاعة منها بيانا مميزا لها.",295
commerce_17_1999,قانون التجارة,17,1999,107,مادة 107,mandatory,False,,32,32,"-1 يجوز للوكيل بالعمولة ان يصرح باسم الموكل الذي يتعاقد لحسابه والا اذا طلب منه الموكل
عدم الافضاء باسمه. ولا يترتب علي الافضاء باسم الموكل تغيير في طبيعة الوكالة ما دام
الوكيل يبرم العقد باسمه.
؟- علي الوكيل بالعمولة الافضاء الي الموكل باسم الغير الذي تعاقد معه اذا طلب الموكل منه ذلك
فاذا امتنع الوكيل بالعمولة عن الافضاء باسم الغير دون مسوغ مقبول جاز اعتباره ضامنا تنفيذ
الصفقة.
مادة )1175(
-1 يلتزم الوكيل بالعمولة مباشرة قبل الغير الذي تعاقد معه؛ كما يلتزم هذا الغير مباشرة قبل
الوكيل بالعمولة.
-1 ليس للغير الذي تعاقد مع الوكيل بالعمولة الرجوع علي الموكل ولا للموكل الرجوع علي الغير
بدعوي مباشرة ما لم ينص القانون علي غير ذلك.
مادة )1175(
-1 اذا افلس الوكيل بالعمولة المكلف بالبيع قبل قبض الثمن من المشتري؛ جاز للموكل ان يطالب
المشتري مباشرة باداء الثمن اليه.
؟- واذا افلس الوكيل بالعمولة المكلف بالشراء قبل تسلم المبيع» جاز للموكل ان يطالب البايع
مباشرة بتسليم المبيع اليه.",880
commerce_17_1999,قانون التجارة,17,1999,1175,مادة 1175,mandatory,False,,32,33,"-1 لا يضمن الوكيل بالعمولة وفاء الغير المتعاقد معه بالتزامه الا اذا تحمل هذا الضمان صراحة
او نص عليه القانون او كان مما يقضي به عرف الجهة التي يمارس فيها نشاطه.
22
-1 يستحق الوكيل بالعمولة الضامن اجرا خاصا تحدده المحكمة عند عدم وجود اتفاق او عرف
في شانه.
*- وكالة العقود
مادة )11/1(
الترويج والتفاوض وابرام الصفقات باسم الموكل ولحسابه مقابل اجرء ويجوز ان تشمل مهمته تنفيذها
باسم الموكل ولحسابه.
مادة )178(
يتولي وكيل العقود ممارسة اعمال الوكالة وادارة نشاطه التجاري بشانها علي وجه الاستقلال ويتحمل
وحده المصروفات اللازمة لادارة نشاطه.
مادة )11179(
لا يجوز للموكل ان يستعين باكثر من وكيل عقود واحد في ذات المنطقة ولذات الفرع من النشاط؛ كما
لا يجوز لوكيل العقود ان يكون وكيلا لاكثر من منشاة تمارس ذات النشاط وفي ذات المنطقة» وذلك
كله ما لم يتفق الطرفان صراحة علي غير ذلك.
مادة )181(
يجب ان يثبت عقد وكالة العقود بالكتابة» وان يبين فيه بوجه خاص حدود الوكالة واجر الوكيل ومنطقة
نشاطه ومدة العقد اذا كان محدد المدة.",910
commerce_17_1999,قانون التجارة,17,1999,181,مادة 181,mandatory,False,,33,33,"اذا اشترط في العقد ان يقيم وكيل العقود مباني للعرض او مخازن للسلع او منشات للصيانة او
الاصلاح فلا يجوز ان تقل مدة العقد عن خمس سنوات.
مادة (؟185)
-1 لا يجوز لوكيل العقود ان يقبض حقوق الموكلء الا اذا اعطي له الموكل هذا الحق وفي هذه
الحالة لا يجوز للوكيل ان يمنح تخفيضا او اجلاً دون ترخيص خاص.
؟1- ويجوز لوكيل العقود ان يتلقي الطلبات المتعلقة بتنفيذ العقود التي تبرم عن طريقه» ويعتبر
ممثلا لموكله في الدعاوي المتعلقة بهذه العقود والتي تقام منه او عليه في منطقة نشاط الوكيل.",471
commerce_17_1999,قانون التجارة,17,1999,1819,مادة 1819,mandatory,False,,33,33,"-1 يلتزم الموكل باداء الاجر المتفق عليه للوكيل.
؟- ويجوز ان يكون هذا الاجر نسبة ميوية من قيمة الصفقة. وتحتسب هذه النسبة علي اساس
سعر البيع الي العملاء ما لم يتفق علي غير ذلك.",174
commerce_17_1999,قانون التجارة,17,1999,184,مادة 184,general,False,,33,34,"اذا كانت وكالة العقود مقصورة علي وكيل واحد في منطقة معينة استحق وكيل العقود الاجر عن
الصفقات التي يبرمها الموكل مباشرة او بوساطة غيره في هذه المنطقة ولو لم تبرم هذه الصفقات
بسعي هذا الوكيلء ما لم يتفق الطرفان صراحة علي غير ذلك.
33
مادة )186(
علي الموكل ان يقدم للوكيل جميع المعلومات اللازمة لتنفيذ الوكالة. وان يزوده بوجه خاص-
بمواصفات السلع والنماذج والرسوم والعلامات وغير ذلك من البيانات التي تعينه علي ترويج السلع
موضوع الوكالة وتسويقها.",440
commerce_17_1999,قانون التجارة,17,1999,085,مادة 085,mandatory,False,,34,34,"يلتزم وكيل العقود بالمحافظة علي حقوق الموكل؛ وله اتخاذ جميع الاجراءات التحفظية اللازمة
للمحافظة علي هذه الحقوق» وعليه ان يزود موكله بالبيانات الخاصة بحالة السوق في منطقة نشاطه.",176
commerce_17_1999,قانون التجارة,17,1999,180,مادة 180,mandatory,False,,34,34,"لا يجوز لوكيل العقود ان يذيع اسرار الموكل التي تصل الي علمه بمناسبة تنفيذ الوكالة ولو كان ذلك
بعد انتهاء العلاقة العقدية.
مادة 80 )1
-1 تنعقد وكالة العقود لمصلحة الطرفين المشتركة فاذا كان العقد غير محدد المدة فلا يجوز
للموكل انهاوه دون خطا من الوكيل والا كان ملزما بتعويضه عن الضرر الذي لحقه من جراء
عزله. ويبطل كل اتفاق يخالف ذلك.
-1 كما يلتزم الوكيل بتعويض الموكل عن الضرر الذي اصابه اذا نزل عن الوكالة في وقت غير
مناسب وبغير عذر مقبول.",438
commerce_17_1999,قانون التجارة,17,1999,189,مادة 189,optional,False,,34,35,"-1 اذا كان العقد محدد المدة» وراي الموكل عدم تجديده عند انتهاء اجله» يكون للوكيل الحق في
تعويض يقدره القاضيء ولو وجد اتفاق يخالف ذلك.
1؟- ويشترط لاستحقاق هذا التعويض.
(ا) الا يكون قد وقع خطا او تقصير من الوكيل اثناء تنفيذ العقد.
(ب)ان يكون نشاط الوكيل قد ادي الي نجاح ظاهر في ترويج السلعة او زيادة عدد
العملاء.
""- ويراعي في تقدير التعويض مقدار ما لحق الوكيل من ضرر وما افاده الموكل من جهوده في
ترويج السلعة وزيادة العملاء.
مادة )190(
-1 تسقط دعوي التعويض المشار اليها في المادة السابقة بمضي تسعين يوما من وقت انتهاء
العقد.
-1 وتسقط جميع الدعاوي الاخري الناشية عن عقد وكالة العقود بانقضاء سنتين علي انتهاء
العلاقة العقدية.
مادة )11911(
استثناء من قواعد الاختصاص الواردة في قانون المرافعات تختص بنظر جميع المناز عات النايية عن
عقد وكالة العقود المحكمة التي يقع في دايرتها محل تنفيذ العقد.
الفصل السادس
السمسرة
مادة (؟51)
السمسرة عقد يتعهد بمقتضاه السمسار لشخص بالبحث عن طرف ثان لابرام عقد معين والتوسط في
ابرامه.
34
مادة )15(
اذا لم يعين اجر السمسار في القانون او في الاتفاق وجب تعيينه وفقا لما يقضي به العرفء فاذا لم يوجد
عرف قدره القاضي تبعا لما بذله السمسار من جهد وما استغرقه من وقت في القيام بالعمل المكلف به.
مادة )11954(
-1 لا يستحق السمسار اجره الا اذا ادت وساطته الي ابرام العقدء واذا لم يتم ابرام العقد بسبب
تعنت من فوضه جاز للمحكمة ان تعوض السمسار عما بذله من جهد.
-1 ويستحق السمسار الاجر بمجرد ابرام العقد ولو لم ينفذ كله او بعضه.
3 اذا كان العقد معلقا علي شرط واقف فلا يستحق السمسار اجره الا اذا تحقق الشرط.
5- اذا كان احد اثار العقد يتوقف علي اتمام اجراء قانوني معين كالتسجيل في بيع العقار او القيد
في الرهن الرسمي استحق السمسار اجره بمجرد ايرام العقد الابتدايي.
مادة )1165(
اذا فسخ العقد الذي توسط السمسار في ابرامه جاز له المطالبة باجره او الاحتفاظ بالاجر اذا كان قد
قبضه الا اذا تبت الغش او الخطا الجسيم في جانبه.
مادة )195(
يجوز للمحكمة ان تخفض اجر السمسار اذا كان غير متناسب مع الجهد الذي بذله الا اذا دفع الاجر
المتفق عليه بعد ابرام العقد الذي توسط السمسار في ابرامه.
مادة )1191(
اذا توسط السمسار في ابرام صفقة ممنوعة قانونا فلا يستحق عنها اجرا.
مادة )1948(
-1 لا يستحق السمسار الاجر الا ممن فوضه من طرفي العقد في السعي الي ابرامه.
؟- واذا صدر التفويض من الطرفين كان كل منهما مسيولا قبل السمسار بغير تضامن بينهما عن
دفع الاجر المستحق عليه ولو اتفقا فيما بينهما علي ان يتحمل احدهما الاجر باكمله.",2212
commerce_17_1999,قانون التجارة,17,1999,199,مادة 199,mandatory,False,,35,46,"لا يجوز للسمسار استرداد المصاريف التي انفقها في تنفيذ العمل المكلف به الا اذا اتفق علي ذلك؛: وفي
هذه الحالة يستحق السمسار المصاريف ولو لم يبرم العقد.
مادة )001(
علي السمسار ولو لم يكن مفوضا الا من احد طرفي العقد ان يعرض الصفقة علي الطرفين بامانة وان
يوقفهما علي جميع الظروف التي يعلمها عن الصفقة» ويكون السمسار مسيولا قبلهما عما يصدر منه
من غش او خطا جسيم.
مادة (1110؟)
لا يجوز للسمسار ان يقيم نفسه طرفا في العقد الذي يتوسط في ابرامه الا اذا اجازه المتعاقد في ذلك»
وفي هذه الحالة لا يستحق السمسار اي اجر.
مادة )015(
يسال السمسار عن تعويض الضرر الناجم عن هلاك او فقدان ما يتسلمه من مستندات او اوراق او
اشياء متعلقة بالعقد الذي يتوسط في ابرامه الا اذا اثبت القوة القاهرة.
35
مادة 9"".؟
لا يضمن السمسار ييسر طرفي العقد الذي يتوسط في ايرامهء ولا يسال عن تنفيذ العقد او عن قيمة او
صنف البضايع المتعلقة به الا اذا تبت الغش او الخطا الجسيم في جانبه.
مادة )015(
-1 اذا اناب السمسار غيره في تنفيذ العمل المكلف به دون ان يكون مرخصا له في ذلك كان
مسيولا عن عمل النايب كما لو كان هذا العمل قد صدر منه ويكون السمسار ونايبه متضامنين
في المسيولية.
؟- واذا رخص للسمسار في اقامة نايب عنه دون ان يعين له شخص النايبء فلا يكون السمسار
مسيولا الا عن خطيه في اختيار نايبه او عن خطيه فيما اصدره له من تعليمات.
'- وفي جميع الاحوال يجوز لمن فوض السمسار ولنايب السمسار ان يرجع كل منهما مباشرة
علي الاخر.
مادة )0165(
-1 اذا فوض عدة سماسرة بعقد واحد كانوا مسيولين بالتضامن عن العمل المكلفين به الا اذا
رخص لهم في العمل منفردين.
؟- واذا فوض اشخاص متعددون سمسارا واحدا في عمل مشترك بينهم كانوا مسيولين بالتضامن
قبله عما يستحقه تنفيذا لهذا التفويض ما لم يتفق علي غير ذلك.
3 واذا تم العقد بتدخل عدة سماسرة ولم يعين لكل منهم اجر مستقل استحق كل منهم نصيبا في
الاجر المشترك بنسبة ما بذله من جهد في ابرام العقد.
مادة (51؟)
-1 علي السمسار ان يقيد في دفاتره جميع المعاملات التي تبرم بسعيه وان يحفظ الوثايق المتعلقة
بها وان يعطي من كل ذلك صورا طبق الاصل لمن يطلبها من المتعاقدين. وتسري علي هذه
الدفاتر احكام الدفاتر التجارية.
-1 في البيع بالعينة يجب علي السمسار الاحتفاظ بالعينة ما لم تكن قابلة للتلف الي ان يقبل
المشتري البضاعة دون تحفظ او تسري جميع المنازعات بشانها.
مادة )011/(
تسري علي السمسرة في سوق الاوراق المالية الاحكام المنصوص عليها في القوانين الخاصة بذلك.
الفصل السابع
النقل
احكام عامة
مادة (81؟)
عقد النقل اتفاق يلتزم بمقتضاه الناقل بان يقوم بوسايله الخاصة بنقل شخص او شي الي مكان معين
مقابل اجرة.
مادة (91؟)
-1 فيما عدا النقل البحري تسري الاحكام المنصوص عليها في هذا الفصل علي جميع انواع النقل
ايا كانت صفة الناقل ما لم ينص القانون علي غير ذلك.
-1 كما تسري تلك الاحكام علي النقل ولو اقترنت به عمليات من طبيعة اخري ما لم تكن هذه
العمليات هي الغرض الرييسي من التعاقد.
36
مادة 111؟

-1 يتم عقد النقل وعقد الوكالة بالعمولة اقل 0 الاتفاق» ويجوز اثبات العقد بكافة طرق
الاثبات المقررة قانونا.

؟- تسلم الناقل الشيء محل النقل يعد قبولا منه للايجاب الصادر من المرسل.

""- كما يعتبر صعود الراكب الي وسيلة النقل قبولا للايجاب الصادر من الناقل الا اذا ثبت ان نية
الراكب لم تتجه الي ابرام عقد النقل.

مادة (111؟)

-1 اذا كان للناقل اكثر من انموذج واحد للعقود التي يبرمهاء انعقد النقل بمقتضي الانموذج الذي
يتضمن الشروط العامة؛ ما لم يتفق علي اتباع انموذج اخر يشتمل علي شروط خاصة.

؟- واذا اتفق علي اتباع انموذج خاص فلا يجوز تجزية الشروط التي يشتمل عليها.

مادة (؟1؟)
اذا كان الناقل محتكرا نوعا من النقل او استثمار اذا كان الناقل محتكرا نوعا من النقل او استثمار
خطوط نقل معينة» التزم بقبول كل ما يقدم اليه من طلبات النقل الا اذا كان الطلب مخالفا للشروط
المقررة للنقل او تعذر علي الناقل تنفيذه لاسباب لا شان له ولا لتابعيه في احداثها.

مادة (1؟)

-1 تشمل مسيولية الناقل افعاله وافعال تابعيه التي تقع منهم اثناء قيامهم بخدماتهم.

""- ويعتبر تابعا كل شخص يستخدمه الناقل في تنفيذ الالتزامات المترتبة علي عقد النقل.

""- ويقع باطلا كل شرط يقضي باعفاء الناقل من المسيولية عن افعال تابعيه.

مادة (51؟)

-1 لا يعتبر من القوة القاهرة في عقود النقل انفجار وسايل النقل او احتراقها او خروجها عن
القضبان التي تسير عليها او تصادمها او غير ذلك من الحوادث التي ترجع الي الادوات او
الالات التي يستعملها الناقل في تنفيذ النقل ولو ثبت انه اتخذ الحيطة لضمان صلاحيتها للعمل
ولمنع ما تحدثه من ضرر.

-1 وكذلك لا يعتبر من القوة القاهرة الحوادث التي ترجع الي وفاة تابعي الناقل فجاة او اصابتهم
بضعف بدني او عقلي اثناء العمل ولو ثبت ان الناقل اتخذ الحيطة لضمان لياقتهم البدنية
والعقلية.

مادة (651؟)
لا يسال الناقل عن تعويض الضرر الناشي عن تعطيل النقل او الانحراف عن الطريق المعين له بسبب
الاضطرار الي تقديم المساعدة لاي شخص مريض او مصاب او في خطر.

مادة (51؟)

-1 يقصد بالغش في مواد النقل كل فعل او امتناع يقع من الناقل او من تابعيه بقصد احداث
الضرر.

-1 ويقصد بالخطا الجسيم كل فعل او امتناع يقع من الناقل او من تابعيه برعونة مقرونة بادراك
لما قد ينجم عنها من ضرر.

37
الفرع الاول
نقل الاشياء
مادة (11؟)

-1 علي المرسل ان يقدم للناقل بيانات عن اسم المرسل اليه وعنوانه والمكان المطلوب الارسال
اليه ونوع الاشياء محل النقل ووزنها وحجمها وكيفية حزمها وعدد الطرود التي تشملها وغير
ذلك من البيانات التي قد يطلبها الناقل او يقررها القانون لتعيين ذاتية الشيء.

مادة (81؟)
-1 اذا حررت وثيقة نقل وجب ان تشتمل بوجه خاص علي البيانات الاتية:
(1) مكان وتاريخ الوثيقة.
(ب)اسماء المرسل اليه والوكيل بالعمولة للنقل- ان وجد- وعناوينهم.
(ج) مكان القيام ومكان الوصول.
(د) البيانات الخاصة بتعيين الشيء محل النقل كوزنه وحجمه وكيفية حزمه وعدد الطرود
وكل بيان اخر يكون لازما لتعيين ذاتية الشيء وتقدير قيمته.
(5) الميعاد المعين لمباشرة النقل.
(و) اجرة النقل وغيرها من المصاريف مع بيان ما اذا كانت مستحقة علي المرسل او المرسل
اليه.
(ز) الشروط الخاصة بالشحن او التفريغ ونوع العربات التي تستخدم في النقل والطريق الذي
يجب اتباعه وتحديد المسيولية وغير ذلك من الشروط الخاصة التي قد يتضمنها اتفاق
النقل.
-1 وللمرسل ان يطلب من الناقل تسليمه نسخة من وثيقة النقل موقعه منه.
مادة (519؟)
اذا لم تحرر وثقة نقل جاز للمرسل ان يطلب اعطاءه ايصالا موقعا من الناقل بتسلم الشيء محل النقل.
ويجب ان يكون الايصال مورخا ومشتملا علي البيانات الكافية لتعيين ذاتية الشيء واجرة النقل.
مادة (17؟)
يجوز ان تحرر وثيقة النقل باسم اشخص معين او لامره او للحامل. وتتداول الوثيقة طبقا لقواعد حوالة
الحق المنصوص عليها في القانون المدني اذا كانت اسمية وبالتظهير اذا كانت للامر وبالمناولة اذا
كانت للحامل.
مادة (11؟؟)
وثيقة النقل حجة فيما ورد بها من بيانات» وعلي من يدعي ما يخالف هذه البيانات اثبات ذلك.
مادة (؟؟؟)
لا تثبت للمرسل اليه الحقوق الناشية عن عقد النقل ولا يتحمل الالتزامات الناتجة عنه الا اذا قبل هذه
الحقوق والالتزامات صراحة او ضمنا. ويعتبر قبولا ضمنيا علي وجه الخصوص تسلم المرسل اليه
وثيقة النقل او الشيء محل النقل او المطالبة بتسليمه او باصدار تعليمات بشانه.
مادة (؟؟)

-1 علي المرسل ان يسلم الناقل الشيء والوثايق اللازمة لتنفيذ النقل. ويكون المرسل مسيولا عن
عدم كفاية هذه الوثايق او عدم مطابقتها للحقيقة. ويكون الناقل مسيولا عن ضياعها او اساءة
استعمالها.

38
-1 واذا اقتضي النقل استعدادا خاصا من جانب الناقل وجب علي المرسل اخطاره بذلك قبل تسليم
الشيء اليه بوقت كاف.

""- يكون تسليم الشيء محل النقل في محل الناقل المعين بعقد النقل ما لم يتفق علي غير ذلك.

مادة (4؟؟)

-1 اذا اقتضت طبيعة الشيء اعداده للنقل بتغليفه او تعبيته او حزمه؛ وجب علي المرسل ان يقوم
بذلك بكيفية تقيه الهلاك او التلف ولا تعرض الاشخاص او الاموال الاخري التي تنقل معه
للضررء واذا كانت شروط النقل تستلزم اتباع طريقة معينة في التغليف او التعبية او الحزم
وجب علي المرسل مراعاتها.. 0 0

؟- ويكون المرسل مسيولا عن الاضرار التي تنشا عن العيب في التغليف او التعبية او الحزم.
ومع ذلك يكون الناقل مسيولا عن هذه الاضرار اذا قبل النقل مع علمه بالعيب» ويكون الناقل
عالما بالعيب اذا كان ظاهرا او كان مما لا يخفي علي الناقل العادي.

*- ولا يجوز للناقل ان ينفي مسيوليته عن هلاك او تلف احد الاشياء التي قام بنقلها باثبات ان
الضرر نشا عن عيب في تغليف شي اخر او تعبيته او في حزمه؛ ويقع باطلا كل اتفاق علي
خلاف ذلك.

مادة (5؟؟)

-1 للناقل الحق في فحص الاشياء المطلوب نفلها للتحقق من حالتها ومن صحة البيانات التي ادلي
بها المرسل بشانها. ا 00

؟- واذا اقتضي الفحص فض الاغلفة او الاوعية وجب اخطار المرسل لحضور الفحص فاذا لم
يحضر في الميعاد المعين لذلك» جاز للناقل اجراء الفحص بغير حضوره وللناقل الرجوع علي
المرسل او المرسل اليه بمصاريف الفحص.

""'- واذا تبين من الفحص ان حالة الشيء لا تسمح بنقله دون ضررء جاز للناقل رفض النقل او
تنفيذه بعد اخذ اقرار من المرسل بعلمه بحالة الشيء ورضايه بالنقل» ويجب اثبات حالة الشيء
واقرار المرسل في وثيقة النقل.

مادة (5؟؟)
تسلم الناقل الاشياء المطلوب نقلها دون تحفظ يفيد انه تسلمها بحالة جيدة ومطابقة للبيانات المذكورة في
وثيقة النقل فاذا ادعي عكس ذلك فعليه الاثبات.

مادة (1؟؟)

-1 يلتزم الناقل بشحن الشيء في وسيلة النقل ما لم يتفق علي غير ذلك.

-1 واذا اتفق علي ان يقوم المرسل بالشحن فلا يسال عنه الناقل» ومع ذلك اذا قبل الناقل تنفيذ
النقل دون تحفظ فيفترض ان الشحن قد تم وفقا للاصول الصحيحة حتي يقيم الناقل الدليل علي
عكس ذلك.,

؟- اذا طلب المرسل ان يكون الشحن علي وسيلة نقل بمواصفات معينة» فلا يكون الناقل مسيولا
عما ينجم عن استعمالها من ضرر.

مادة (8؟؟)

-1 علي الناقل ان يتبع الطريق المتفق عليه فاذا لم يتفق علي طريق معين وجب اتباع افضل
الطرق.

-1 ومع ذلك يجوز للناقل ان يغير الطريق المتفق عليه اذا وجدت ضرورة تلجيه الي ذلك. وفي
هذه الحالة لا يسال الناقل عن التاخير او غيره من الاضرار التي تنجم عن تغيير الطريق الا
اذا تبت الغش او الخطا الجسيم في جانبه او في جانب تابعيه وللناقل ايضا الحق في المطالبة
بالمصروفات الاضافية الناشية عن ذلك.

39
مادة (9؟؟)

-1 يضمن الناقل سلامة الشيء اثناء تنفيذ عقد النقل.

-1 اذا اقتضت المحافظة علي الشيء اثناء الطريق اعادة الحزم او اصلاح الاغلفة او زيادتها او
تخفيضها او غير ذلك من التدابير الضرورية؛ وجب علي الناقل القيام بها واداء ما تستلزمه
من مصاريف علي ان يرجع بها علي المرسل او المرسل اليه ما لم يكن ذلك راجعا الي خطا
الناقل. ومع ذلك لا يلتزم الناقل بالقيام بالتدابير غير المعتادة في النقل كرش النبات بالماء او
اطعام الحيوان او سقيه او تقديم الخدمات الطبية له ما لم يتفق علي غير ذلك.

مادة (07؟)

-1 يلتزم الناقل بتفريغ الشيء محل النقل عند وصوله ما لم ينص القانون او يتفق علي غير ذلك
وفي هذه الحالة الاخيرة لا يسال الناقل عن الضرر الذي يقع بسبب التفريغ.

؟- وفي جميع الاحوال يتحمل الناقل مصاريف التفريغ ما لم يتفق او يجري العرف علي غير
ذلك

مادة (1""؟)

-1 اذا لم يكن التسليم واجبا في محل المرسل اليه فعلي الناقل ان يخطره بوصول الشيء وبالميعاد
الذي يستطيع خلاله الحضور لتسلمه.

؟- علي المرسل اليه تسلم الشيء في الميعاد الذي عينه الناقل والالتزام بمصاريف التخزين.
وللناقل بعد انقضاء هذا الميعاد ان ينقل الشيء الي محل المرسل اليه مقابل اجرة اضافية.

""- وللمرسل اليه طلب فحص الشيء قبل تسلمه فاذا امتنع الناقل عن تمكينه من ذلك جاز له
رفض تسلم الشيء.

مادة (؟75؟)

-1 يجوز للمرسل اثناء وجود الشنيء في حيازة الناقل ان يامره بالامتناع عن مباشرة النقل او
بوقفه واعادة الشيء اليه او بتوجيهه الي شخص اخر غير المرسل اليه الاصلي او الي مكان
اخر او غير ذلك من التعليمات بشرط ان يدفع المرسل للناقل اجرة ما تم من النقل
والمصاريف وتعويضا عما يلحقه من ضرر بسبب التعليمات الجديدة. واذا كان المرسل قد
تسلم نسخة من وثيقة النقل وجب ان يقدمها الي الناقل ليدون فيها التعليمات الجديدة موقعا
عليها من المرسل والا كان للناقل الامتناع عن تنفيذ هذه التعليمات.

؟- ينتقل الحق في اصدار التعليمات المتعلقة بالشيء محل النقل الي المرسل اليه بمجرد تسليمه
وثيقة النقل. ويجب في هذه الحالة ايضا تقديم الوثيقة الي الناقل ليدون فيها التعليمات الجديدة
موقعا عليها من المرسل اليه والا جاز للناقل الامتناع عن تنفيذها.

""- ولا يجوز اصدار تعليمات جديدة تتعلق بالشيء محل النقل بعد وصوله وطلب المرسل اليه
تسلمه او اخطاره بالحضور لتسلمه.

مادة (*77)
علي الناقل تنفيذ التعليمات الصادرة اليه ممن له الحق في اصدارها طبقا لاحكام المادة (؟؟1) من هذا
القانون الا اذا كانت تخالف شروط النقل او تعذر علي الناقل تنفيذها او كان من شان تنفيذها اضطراب
حركة النقل او كانت قيمة الشيء محل النقل لا تكفي لتغطية المصاريف التي يتحملها الناقل بسبب
تنفيذهاء وفي هذه الاحوال يجب علي الناقل ان يخطر من اصدر التعليمات الجديدة بامتناعه عن تنفيذها
وسبب هذا الامتناع» ويكون الناقل مسيولا اذا امتنع عن التنفيذ دون مسوغ.

مادة (5*؟)

-1 اذا توقف النقل اثناء تنفيذه او لم يحضر المرسل اليه لتسلم الشيء او حضر وامتنع عن تسلمه
او عن دفع اجرة النقل والمصاريف المستحقة عليه وجب علي الناقل ان يبادر الي اخطار
المرسل بذلك مع طلب تعليماته. واستثناء من احكام المادة )177( من هذا القانون يلتزم الناقل

40
بتنفيذ التعليمات التي تصله من المرسل ولو تعذر علي المرسل تقديم نسخة وثيقة النقل التي
تسلمها من الناقل.
؟- واذا لم تصل تعليمات المرسل خلال ميعاد مناسب جاز للناقل ان يطلب من القاضي المختص
تعيين خبير او اكثر لاثبات حالة الشيء والاذن له في ايداعه عند امين لحساب المرسل وعلي
مسيوليته او بيعه بالكيفية التي يعينها اذا كان الشيء معرضا للهلاك او التلف او هبوط القيمة
او كانت صيانته تتطلب مصاريف باهظة: وايداع الثمن خزانة المحكمة لحساب ذوي الشان.
مادة (75؟)
-1 يلتزم المرسل بدفع اجرة النقل وغيرها من المصاريف المستحقة للناقل ما لم يتفق علي ان
يتحملها المرسل اليه.
؟- واذا اتفق علي ان يتحمل المرسل اليه اجرة النقل او غيرها من المصاريف كان كل من
المرسل والمرسل اليه مسيولين عن دفعها بالتضامن قبل الناقل.
مادة (75؟)
لا يستحق الناقل اجرة نقل ما يهلك بقوة قاهرة من الاشياء التي يقوم بنقلها.
مادة (11؟)
-1 اذا حالت القوة القاهرة دون البدء في تنفيذ النقل» فلا يستحق الناقل اية اجرة.
؟- واذا حالت القوة القاهرة دون مواصلة النقل» فلا يستحق الناقل الا اجرة ما تم من النقل.
""- وفي جميع الاحوال يجوز للناقل المطالبة بمصاريف الشحن والتفريغ وغيرها من المصاريف
الضرورية.
مادة (8""؟)
يكون حق المطالبة باسترداد ما دفع اكثر من اجرة النقل المتفق عليها او المقررة في شروط النقل لمن
دفع الاجرة.
مادة (79؟)
-1 للناقل حبس الشيء محل النقل لاستيفاء اجرة النقل والمصاريف وغيرها من المبالغ التي
تستحق له بسبب النقل.
-1 وللناقل امتياز علي الثمن الناتج من التنفيذ علي الشيء محل النقل لاستيفاء جميع المبالغ
المستحقة له. ويتبع في هذا التنفيذ اجراءات التنفيذ علي الاشياء المرهونة رهنا تجاريا.
مادة (14؟)
-1 يسال الناقل من وقت تسلمه الشيء محل النقل عن هلاكه كليا او جزييا وعن تلفه وعن
التاخير في تسليمه. 1
؟- يكون الشيء محل النقل في حكم الهالك كليا اذا لم يسلمه الناقل او لم يخطر المرسل اليه
بالحضور لتسلمه خلال ثلاثين يوما من انقضاء الميعاد المعين للتسليم او من انقضاء الميعاد
الذي يستغرقه الناقل العادي في النقل لو وجد في الظروف نفسها اذا لم يعين ميعاد للتسليم.
مادة (141؟)
لا يسال الناقل عن هلاك الشيء او تلفه بعد تسليمه الي المرسل اليه او وكيله او الي الامين الذي يعينه
القاضي لاستيداع الشيءء الا اذا ثبت الغش او الخطا الجسيم من الناقل او من تابعيه.
مادة (؟45؟)
-1 لا يسال الناقل عما يلحق الشيء عادة بحكم طبيعته من نقص في الوزن او الحجم اثناء النقل ما
لم يثبت ان النقص نشا عن سبب اخر.
41
_- واذا كانت وثيقة النقل تشمل عدة اشياء مقسمة الي مجموعات او طرود حدد النقص المتسامح
فيه علي اساس وزن كل مجموعة او كل طرد اذا كان الوزن معينا علي وجه الاستقلال في
وثيقة النقل او كان من الممكن تعيينه.

مادة (3 4 ؟)
اذا نقل الشيء في حراسة المرسل او المرسل اليه فلا يسال الناقل عن هلاكه او تلفه الا اذا ثبت الغش
او الخطا الجسيم منه او من تابعيه.

مادة (45؟)

-1 لا يجوز للناقل ان ينفي مسيوليته عن هلاك الشيء محل النقل او تلفه او التاخير في تسليمه الا
باثبات القوة القاهرة او العيب الذاتي في الشيء او خطا المرسل او المرسل اليه.

؟- اذا اثبت الناقل احد الامور المذكورة في الفقرة السابقة جاز للمدعي نقض هذا الاثبات باقامة
الدليل علي ان الضرر لم يحدث بسببه.

مادة (5 4 ؟)

-1 يقع باطلا كل شرط يقضي باعفاء الناقل من المسيولية عن هلاك الشيء كليا او جزييا او تلفه.

-1 ويعد في حكم الاعفاء من المسيولية كل شرط يكون من شانه الزام المرسل او المرسل اليه
بدفع كل او بعض نفقات التامين ضد مسيولية الناقل» وكذلك كل شرط يقضي بنزول المرسل
او المرسل اليه للناقل عن الحقوق الناشية عن التامين علي الشيء ضد مخاطر النقل.

مادة (45؟)

-1 يجوز للناقل:

(ا) ان يشترط تحديد مسيولية عن هلاك الشيء كليا او جزييا او تلفه بشرط الا يقل
التعويض المتفق عليه عن ثلث قيمة البضاعة المنقولة في مكان وزمان نقلها وكل
اتفاق علي تعويض يقل عن هذا الحد يزاد اليه.

(ب)ان يشترط اعفاءه كليا او جزييا من المسيولية عن التاخير.

-1 ويجب ان يكون شرط الاعفاء من المسيولية او تحديدها مكتوبا في وثيقة النقل والا اعتبر كان
لم يكن. واذا كان عقد النقل محررا علي نماذج مطبوعة» وجب ان يكون الشرط واضحا
ومكتوبا بكيفية تسترعي الانتباه والا جاز للمحكمة ان تعتبر الشرط كان لم يكن.

""- ولا يجوز ان يتمسك الناقل بشرط الاعفاء من المسيولية او تحديدها اذا ثبت صدور غش او
خطا جسيم منه او من تابعيه.

مادة (41 ؟)

-1 اذا هلك الشيء او تلف دون ان تكون قيمته مبينة في وثيقة النقل» قدر التعويض علي اساس
قيمته الحقيقية في مكان الوصول وزمانه؛ الا اذا نص القانون او اتفق علي غير ذلك. وفيما
عدا حالة الهلاالك الكلي» يراعي عند تقرير التعويض قيمة النقص المتسامح فيه وفقا للمادة
)157( من هذا القانون.

-1 واذا كانت قيمة الشيء مبينة في وثيقة النقل» جاز للناقل ان ينازع في هذه القيمة وان يثبت
بكافة طرق الاثبات القيمة الحقيقية للشيء.

؟- وفيما عدا حالتي الغش والخطا الجسيم من الناقل او من تابعيه» لا يسال الناقل عن هلاك ما
عهد اليه بنقله من نقود او اوراق مالية او مجوهرات او تحف او غير ذلك من الاشياء الثمينة
الا بقدر ما قدمه المرسل بشانها وقت تسليمها من بيانات كتابية.

مادة (48؟)
-1 لا يجوز الجمع بين التعويض عن الهلاك الكلي والتعويض عن التاخير.
42
-1 ولا يقضي بالتعويض عن التاخير في حالة الهلاك الجزيي الا بالنسبة الي الجزء الذي لم
يهلك,

""'- وفي جميع الاحوال لا يجوز ان يزيد التعويض الذي يقضي به علي ما يستحق في حالة هلاك
الشيء كليا.

مادة (145؟)
اذا تلف الشيء او تاخر وصوله بحيث لم يعد صالحا للغرض منه وثبتت مسيولية | لناقل عن التلف او
التاخير» جاز لطالب التعويض ان يتخلي له عن الشيء مقابل الحصول علي تعويض يقدر علي اساس
هلاك الشيء كليا.

مادة (005؟)

-1 اذا دفع التعويض بسبب هلاك الشيء ثم وجد خلال سنة من تاريخ الوفاء» وجب علي الناقل
ان يخطر بذلك فورا من قبض التعويض مع اعلامه بحالة الشيء ودعوته للحضور لمعاينته
في المكان الذي وجد فيه او في مكان القيام او في مكان الوصول حسب اختيار من قبض
التعويض. 0
ارسل التعليمات ولم يحضر للمعاينة في الميعاد الذي حدده الناقل» او حضر ورفض استرداد
الشيء جاز للناقل التصرف فيه.

؟- واذا طلب من قبض التعويض استرداد الشيء» وجب ان يرد التعويض الذي قبضه بعد خصم
المصاريف ومقابل الضرر الذي حدث بسبب التاخير في تسليم الشيء.

مادة (151؟)

-1 تسلم الشيء محل النقل دون تحفظ يسقط الحق في الرجوع علي الناقل بسبب التلف او الهلاك
الجزيي ما لم يثبت المرسل اليه حالة الشيء ويقيم الدعوي علي الناقل خلال تسعين يوما من
تاريخ التسليم.

-1 ولا يجوز للناقل التمسك بعدم قبول الدعوي وفقا للفقرة السابقة:

(ا) اذا ثبت ان الهلاك او التلف نشا عن غش او خطا جسيم صدر من الناقل او من
تابعيه.
(ب)اذا ثبت ان الناقل او تابعيه تعمدوا اخفاء الهلاك الجزيي او التلف.
""- يكون اثبات حالة الشيء المشار اليه في الفقرة الاولي من هذه المادة بمعرفة احد رجال الادارة
مادة (؟55؟)

-1 اذا قام عدة ناقلين علي التعاقب بتنفيذ عقد نقل واحد كان كل منهم مسيولا بالتضامن مع
الاخرين قبل المرسل او المرسل اليه كما لو كان قد قام بتنفيذه وحده ويقع باطلا كل شرط علي
خلاف ذللك.

؟- 7 واذا دفع احد الناقلين المتعاقبين التعويض او طولب به رسميا كان له الرجوع علي الناقلين
الاخرين بنسبة ما يستحقه كل منهم من اجرة النقل» وتوزع حصة المعسر منهم علي الاخرين
بالنسبة ذاتها. ويعفي من الاشتراك في تحمل المسيولية الناقل الذي يثبت ان الضرر لم يقع في

(*“مصححة بالاستدراك المنشور بالجريدة الرسمية- العدد 78 (مكرر) في.1199/9/571
43
مادة (”ه؟
يسال الناقل الاخير قبل الناقلين السابقين عليه فل المرسل اليه بالمبالغ المستحقة بسبب النقل»
وله حق تحصيلها بالنيابة عنهم واتخاذ الاجراءات القانونية لاستيفايها بما في ذلك استعمال حق الامتياز
علي الشيء موضوع النقل.

مادة (54؟)

-1 تتقادم كل دعوي ناشية عن عقد نقل الاشياء بمضي سنة تبدا من تاريخ تسليم الشيء الي
المرسل اليه او الي الجمرك او الي الامين الذي يعينه القاضي لاستيداع الشيء وتسري المدة
في حالة الهلاك الكلي من تاريخ انقضاء الميعاد المنصوص عليه في الفقرة الثانية من المادة
)110( من هذا القانون.

؟1- كما تتقادم دعوي الناقل في الرجوع علي الناقلين المتعاقبين وفقا للفقرة الثانية من المادة
)157( من هذا القانون بمضي تسعين يوما من تاريخ الوفاء بالتعويض او من تاريخ مطالبته
به رسميا.

""- لا يجوز ان يتمسك بالتقادم المنصوص عليه في هذه المادة من صدر منه او من تابعيه غش او
خطا جسيم.

الفرع الثاني
مادة (ه5؟)

-1 يلتزم الراكب باداء اجرة النقل في الميعاد المتفق عليه او المعين في لوايح النقل والذي يقضي
به العرف.

-1 وعليه اتباع تعليمات الناقل المتعلقة بالنقل.

مادة (55؟)

-1 اذا حالت القوة القاهرة دون مباشرة النقل او قامت قبل مباشرته ظروف تجعله خطرا علي
الارواح» فلا يلتزم الناقل باداء تعويض بسبب عدم تنفيذ النقل ولا يستحق اجرة النقل.

-1 واذا قامت القوة القاهرة او الخطر علي الارواح اثناء تنفيذ النقل فلا يستحق الناقل الاجرة الا
عن الجزء الذي تم من النقل.

مادة (/ا5؟)

-1 اذا عدل الراكب عن النقل قبل مباشرته وجب ان يخطر الناقل بعدوله قبل اليوم المعين لتنفيذ
النقل» ويجوز في احوال الضرورة عمل الاخطار في اليوم المذكور بشرط ان يصل قبل
الساعة المعينة لتنفيذ النقل.

""- اذا حصل الاخطار وفقا للفقرة السابقة فلا يستحق الناقل اجرة النقل.

“- اذا عدل الراكب عن مواصلة النقل بعد مباشرته استحقت عليه الاجرة كاملة الا اذا كان عدوله
لضرورة فلا تستحق عليه الا اجرة الجزء الذي تم من النقل.

مادة (58؟)
مع عدم الاخلال باحكام المادة )151( من هذا القانون» اذا لم يحضر الراكب في الميعاد المعين للنقل
استحقت عليه الاجرة كاملة» واذا كان قد دفعها جاز له تنفيذ النقل في ميعاد لاحق الا اذا اتفق او جري
العرف علي غير ذلك.

مادة (59؟)
اذا تعطل النقل بسبب يرجع الي الناقل او تابعيه او الوسايل التي يستعملها في النقل» جاز للراكب
اختيار وسيلة نقل اخريء وفي هذه الحالة يتحمل الناقل مصاريف ايصاله الي المكان المتفق عليه وله

44
ان يختار الانتظار حتي تعود حركة النقل» وفي هذه الحالة لا يجوز االزامه باداء اية اجرة اضافية مع
عدم الاخلال بحق الراكب في التعويض في الحالتين اذا كان مقتض.
مادة (50؟)
يجوز النزول عن بطاقة النقل قبل مباشرته الا اذا كانت البطاقة باسم الراكب وروعي في اعطايها له
اعتبارات شخصية.
مادة (51؟)
-1 اذا اضطر الراكب الي استعمال مكان في درجة ادني من الدرجة المبينة في بطاقة النقل جاز
له مطالبة الناقل برد الفرق بين اجرتي الدرجتين.
؟- واذا دفع الراكب اجرة اضافية مقابل مزايا خاصة جاز له المطالبة برد هذه الاجرة اذا لم يهي
الناقل المزايا التي تقابلها.
مادة (؟55؟)
للناقل حبس امتعة الراكب ضمانا لاجرة النقل وغيرها من المبالغ المستحقة بسبب النقل وللناقل امتياز
علي الثمن الناتج من التنفيذ علي هذه الامتعة لاستيفاء جميع المبالغ المستحقة له بسبب النقل. ويتبع في
هذا الشان اجراءات التنفيذ علي الاشياء المرهونة رهنا تجاريا.
مادة (51؟)
-1 يلتزم الناقل بنقل الراكب وامتعته الي مكان الوصول في الميعاد المتفق عليه المذكور في لوايح
النقل او الذي يقضي به العرفء وعند عدم التعيين يجب تنفيذ النقل في الميعاد الذي يستغرقه
الناقل العادي اذا وجد في نفس الظروف.
""- يجوز للناقل قبل مباشرة النقل او اثناء الطريق ان يفحص امتعة الراكب بحضوره- ان امكن-
للتحقق من مطابقتها لشروط النقل.
مادة (514؟)
-1 يضمن الناقل بسلامة الراكب اثناء تنفيذ عقد النقل» ويقع باطلا كل اتفاق يقضي باعفاء الناقل
من هذا الضمان.
؟- يشمل تنفيذ عقد النقل الفترة الواقعة بين شروع الراكب في الصعود الي وسيلة النقل في مكان
القيام ونزوله منها في مكان الوصولء وفي حالة وجود ارصفة معدة لوقوف وسيلة النقل يشمل
تنفيذ عقد النقل الفترة الواقعة بين دخول الراكب الي الرصيف في مكان القيام وخروجه من
الرصيف في مكان الوصولء واذا اقتضي الامر تغيير وسيلة النقل في الطريق فلا يشمل
الضمان فترة انتقال الراكب من وسيلة نقل الي اخري في غير حراسة الناقل او تابعيه.
مادة (565؟)
يسال الناقل عن:
(1) التاخير في الوصول. 0 0
(ب) ما يلحق الراكب اثناء تنفيذ عقد النقل من اضرار بدنية او غير بدنية.
مادة (55؟)
لا يجوز للناقل ان ينفي مسيوليته عن التاخير او عن الاضرار البدنية او غير البدنية التي تلحق الراكب
اثناء تنفيذ عقد النقل الا باثبات القوة القاهرة او خطا الراكب.
مادة (51؟)
-1 يقع باطلا كل شرط يقضي باعفاء الناقل كليا او جزييا من المسيولية عما يلحق الراكب من
اضرار بدنية.
415
-1 ويعتبر في حكم الاعفاء من المسيولية كل شرط يكون من شانه الزام الراكب بدفع او بعض

نفقات التامين ضد مسيولية الناقل وكل شرط ينزل بموجبه الراكب للناقل عن حقوقه في
مادة (54؟)

-1 يجوز للناقل ان يشترط اعفاءه كليا او جزييا من المسيولية الناشية عن التاخير او عن
الاضرار غير البدنية التي تلحق الراكب.

-1 ويجب ان يكون شرط الاعفاء من المسيولية او تحديدها مكتوبا والا اعتبر كان لم يكنء واذا
كان عقد النقل محررا علي نماذج مطبوعة وجب ان يكون الشرط واجبا ومكتوبا بكيفية
تسترعي الانتباه» والا جاز للمحكمة ان تعتبر الشرط كان لم يكن.

؟- ولا يجوز ان يتمسك الناقل بشرط الاعفاء من المسيولية او تحديدها اذا ثبت صدور غش او
خطا جسيم منه او من تابعيه.

مادة (59؟)

-1 علي الراكب حراسة الامتعة والحيوانات التي يرخص له في نقلها معه: ولا يسال الناقل عن
ضياعها او عما يلحقها من اضرار الا اذا اثبت الراكب صدور خطا من الناقل او من تابعيه.

؟- يسال الراكب عن الضرر الذي يلحق الناقل او تابعيه او الغير بسبب الامتعة او الحيوانات التي

""'- تسري علي نقل الامتعة التي تسلم للناقل الاحكام الخاصة بنقل الاشياء.

مادة 00 1م

-1 اذا توفي الراكب او اصيب بمرض اثناء تنفيذ عقد النقل التزم الناقل باتخاذ التدابير اللازمة
للمحافظة علي امتعته الي ان تسلم الي ذوي الشان.

؟- اذا وجد احد ذوي الشان عند وقوع الوفاة او المرض جاز له ان يتدخل لمراقبة التدابير التي
يتخذها الناقل وان يطلب منه اقرارا بوجود امتعة الراكب في حيازته.

مادة (171؟)
يجوز لورثة الراكب وللاشخاص الذين يعولهم تنفيذا لالتزام بالنفقة» اقامة دعوي المسيولية علي الناقل
لمطالبته بالتعويض عن الضرر الذي اصاب مورثهم او عايلهم سواء وقعت الوفاة اثر الحادث مباشرة
او بعد انقضاء فترة زمنية من وقوعه.

مادة (1757؟)

-1 تتقادم بمضي سنتين كل دعوي تنشا عن عقد النقل» ويكون موضوعها مطالبة الناقل
بالتعويض عن وفاة الراكب او اصابته باضرار بدنية» وتسري هذه المدة في حالة الوفاة من
تاريخ وقوعهاء وفي حالة الاصابة البدنية من تاريخ وقوع الحادث.

؟- وتتقادم بمضي سنة كل دعوي اخري تنشا عن عقد نقل الاشخاص. وتسري هذه المدة في
الميعاد المعين للوصولء وعند عدم التعيين من الميعاد الذي كان يستغرقه الناقل العادي في
النقل لو وجد في الظروف نفسها. 0

""- لا يجوز ان يتسمك بالتقادم المنصوص عليه في هذه المادة من صدر منه او من تابعيه غش او

الفرع الثالث
الوكالة بالعمولة للنقل",24241
commerce_17_1999,قانون التجارة,17,1999,707,مادة 707,mandatory,False,,46,49,"-1 الوكالة بالعمولة للنقل عقد يلتزم بمقتضاه الوكيل بان يبرم باسمه ولحساب موكله عقد لنقل

اشياء او عقد نقل اشخاص وبان يقوم عن الاقتضاء بالعمليات المرتبطة بهذا النقل.
46
-1 اذا تولي الوكيل بالعمولة النقل بوسايله الخاصة اعتبر ناقلا وتسري عليه احكام عقد النقل.
مادة (075؟)
فيما عدا الاحكام المنصوص عليها في المواد التالية تسري علي الوكالة بالعمولة للنقل الاحكام الخاصة
بعقد الوكالة بالعمولة.
مادة (075؟)
يجوز للموكل في كل وقت الغاء طلب النقل قبل ان يبرم الوكيل عقد النقل بشرط ان يرد الموكل
المصاريف التي تحملها الوكيل وان يعوضه عما قام به من عمل.
مادة (1075؟)

-1 علي الوكيل بالعمولة للنقل تنفيذ تعليمات موكله خاصة ما تعلق منها بميعاد النقل واختيار
الناقل والطريق الواجب اتباعه.

-1 ولا يجوز للوكيل بالعمولة للنقل ان يقيد في حساب موكله اجرة نقل ازيد من الاجرة التي اتفق
عليها مع الناقل. وكل ما يحصل عليه الوكيل من مزايا من الناقل تعود منفعته الي الموكل ما
لم يتفق في عقد الوكالة بالعمولة او يقضي العرف بغير ذلك.

مادة (1017؟)
يضمن الوكيل بالعمولة للنقل سلامة الراكب او الشيء موضوع النقل؛ ويقع باطلا كل اتفاق علي غير
ذلك

مادة (178؟)

-1 يسال الوكيل بالعمولة للنقل من وقت تسلمه الشيء موضوع النقل عن هلاكه كليا او جزييا او
عن تلفه او التاخير في تسليمه» ولا يجوز ان ينفي هذه المسيولية الا باثبات القوة القاهرة او
العيب الذاتي في الشيء او خطا الموكل او المرسل اليه.

-1 وفي نقل الاشخاص يسال الوكيل من اضرار بدنية او غير بدنية» ولا يجوز ان ينفي هذه
المسيولية الا باثبات القوة القاهرة او خطا الراكب.

مادة (1075؟)

-1 يقع باطلا:

(ا) كل شرط يقضي باعفاء الوكيل بالعمولة من المسيولية عن هلاك الشيء موضوع
النقل كليا او جزييا او تلفه.
(ب)كل شرط يقضي باعفايه من المسيولية عما يلحق الراكب من اضرار بدنية.

-1 ويعد في حكم الاعفاء من المسيولية كل شرط يكون من شانه الزام المرسل او المرسل اليه في
نقل الاشياء او الراكب في نقل الاشخاص بدفع كل او بعض نفقات التامين ضد مسيولية الوكيل
بالعمولة للنقل وكل شرط ينزل بموجبه المرسل او المرسل اليه او الراكب للوكيل بالعمولة عن
الحقوق الناشية عن التامين الذي ابرمه ضد مخاطر النقل.

مادة (88؟)

-1 فيما عدا حالتي الغش والخطا الجسيم من الوكيل بالعمولة للنقل او من احد تابعيه او من الناقل
او من احد تابعيه» يجوز للوكيل بالعمولة للنقل ان يشترط:

(ا) تحديد مسيوليته عن هلاك الشيء موضوع النقل كليا او جزييا او تلفه بشرط الا يقل
التعويض المتفق عليه عن ثلث قيمة البضاعة المنقولة من مكان وزمان نقلهاء وكل
اتفاق علي تعويض يقل عن هذا الحد يزاد اليه.

(ب) اعفاءه كليا او جزييا من المسيولية عما يلحق الراكب من اضرار غير بدنية.

417
(ج) اعفاءه كليا او جزييا من المسيولية عن التاخير.

-1 يجب ان يكون شرط الاعفاء من المسيولية او تحديدها مكتوبا والا اعتبر كان لم يكن» واذا كان
عقد الوكالة بالعمولة للنقل محررا علي نماذج مطبوعة وجب ان يكون الشرط واضحا ومكتوبا
بكيفية تسترعي الانتباه والا جاز للمحكمة ان تعتبره كان لم يكن.

مادة (1581؟)
لكل من الموكل والناقل رجوع مباشر علي الاخر للمطالبة بالحقوق الناشية عن عقد العمل؛ وكذلك لكل
من الراكب او المرسل اليه والناقل رجوع مباشر علي الاخر للمطالبة بالحقوق المذكورة» وفي جميع
الاحوال يجب ادخال الوكيل بالعمولة للنقل في الدعوي.
مادة (؟585)
اذا دفع الوكيل بالعمولة اجرة النقل للناقل حل محله فيما له من حقوق.
مادة (819؟)
تسري علي تقادم الدعاوي الناشية عن عقد الوكالة بالعمولة للنقل الاحكام المنصوص عليها في المادتين
)177755( من هذا القانون.
الفرع الرابع
احكام خاصة للنقل الجوي
مادة (584؟)

-1 يقصد بالنقل الجوي في هذا الفرع نقل الاشخاص او الامتعة او البضايع بالطايرات بهدف
تحقيق الربح. 0

-1 ويقصد بلفظ الامتعة الاشياء التي يجوز للمسافر حملها معه في الطايرة وتسلم للناقل لتكون في
حراسته اثناء السفرء ولا يشمل هذا اللفظ الاشياء الصغيرة والشخصية التي تبقي في حراسة
الراكب اثناء السفر.

مادة (86؟)

-1 تسري علي النقل الجوي الدولي احكام الاتفاقيات الدولية النافذة في مصر.

-1 وتسري علي النقل الجوي الداخلي احكام هذا الفرع والاحكام الخاصة المنصوص عليها في
المواد التالية.

""- يكون النقل الجوي داخليا اذا كانت النقطتان المعينتان باتفاق المتعاقدين للقيام والوصول
واقعتين في مصر ولو كانت الطايرة تواصل رحلتها بعد مغادرة نقطة الوصول الي ما وراء
الحدود الاقليمية المصرية.

مادة (85؟)

-1 يجب ان تتضمن وثيقة النقل الجوي بيانا يفيد بان النقل يقع وفقا لاحكام المسيولية المحدودة
المنصوص علياه في المادة )197( من هذا القانون» والا امتنع علي الناقل التمسك بهذه
الاحكا

م8

؟- علي الناقل الجوي التحقق من استيفاء المسافرين علي الطايرة والبضايع المشحونة عليها او
التي يحتفظ المسافرون بحيازتها اثناء السفر للشروط اللازمة للصعود علي الطايرة كما
يقررها القانون ولوايح النقل.

مادة (81؟)
يسال الناقل الجوي عن الضرر الذي يحدث في حالة وفاة الراكب او اصابته بجروح او باي ضرر
بدني اخر اذا وقع الحادث الذي ادي الي الضرر اثناء وجود الراكب في حراسة الناقل او تابعيه داخل
48
مطار القيام او في الطايرة او داخل مطار الوصول او في اي مطار او مكان اخر تهبط فيه الطايرة
اختيارا او اضطرارا.
مادة (88؟)

-1 يسال الناقل الجوي عن الضرر الذي يحدث في حالة هلاك الامتعة او البضايع او تلفها اذا وقع
الحادث الذي ادي الي الضرر اثناء النقل الجوي.

؟- يشمل النقل الجوي الفترة التي تكون فيها الامتعة او البضايع في حراسة الناقل او تابعيه داخل
مطار القيام او اثناء الطيران او داخل مطار الوصول او في اي مطار او مكان اخر تهبط فيه
الطايرة اختيارا او اضطرارا.

؟- لا يشمل النقل الجوي الفترة التي تكون فيها الامتعة او البضايع محل نقل بري او بحري او
نهري يقع خارج المطار الا اذا كان هذا النقل لازما لشحن الامتعة او البضايع او لتسليمها او
لنقلها من طايرة الي اخري تنفيذا لعقد النقل الجوي.",5069
commerce_17_1999,قانون التجارة,17,1999,589,مادة 589,mandatory,False,,49,50,"-1 يسال الناقل الجوي عن الضرر الذي يترتب علي التاخير في وصول الراكب او الامتعة او
البضايع.

-1 تعتبر في حكم الهالكة الامتعة او البضايع التي لا يسلمها الناقل للمرسل اليه او يخطره
بالحضور لتسلمها خلال ثلاثين يوما من تاريخ انقضاء الميعاد للتسليم» وفي حالة عدم التعيين
من تاريخ انقضاء الميعاد الذي يستغرقه الناقل الجوي العادي في النقل اذا وجد في نفس
الظروف.

مادة (0591؟)

-1 لا يجوز للناقل الجوي نفي مسيوليته الا باثبات القوة القاهرة او العيب الذاتي في الشيء او
خطا المرسل او المرسل اليه او الراكب.

؟- اذا اثبت الناقل احد الامور المذكورة في الفقرة السابقة جاز للمدعي نفي هذا الاثبات باقامة
الدليل علي ان الضرر لم يحدث بسبب هذا الامر او انه لم يكن السبب الوحيد في احداث
الضررء وفي هذه الحالة الاخيرة يخفض التعويض بنسبة الضرر الذي ينسب الي الامر الذي
اثبته الناقل الجوي.

مادة (91؟)
لا يسال الناقل الجوي عن الاشياء الصغيرة او الشخصية التي تبقيي في حراسة المسافر اثناء السفر الا
اذا اثبت المسافر صدور خطا من الناقل او من تابعيه.

مادة (؟55؟)

-1 لا يجوز في حالة نقل الاشخاص ان يجاوز التعويض الذي يحكم به علي الناقل الجوي ماية
وخمسين الف جنيه بالنسبة الي كل مسافر الا اذا اتفق صراحة علي تجاوز هذا المبلغ.

-1 وفي حالة نقل الامتعة والبضايع لا يجوز ان يجاوز التعويض خمسين جنيها عن كل
كيلوجرام. ومع ذلك اعلن المرسل عند تسليم الامتعة او البضايع الي الناقل انه يعلق اهمية
خاصة علي تسليمها في مكان الوصول نظرا لقيمتها ودفع ما يطلبه الناقل من اجرة اضافية
نظير ذلكء التزم الناقل باداء التعويض بمقدار القيمة التي اعلنها المرسل الا اذا اثبت الناقل
انها تجاوز القيمة الحقيقة للشيء.

""- وبالنسبة الي الاشياء الصغيرة او الشخصية التي تبقي في حراسة المسافر اثناء السفر لا
يجاوز التعويض الذي يحكم به لكل مسافر عن تلك الاشياء خمسماية جنيه.

5- ولا يجوز للناقل الجوي التمسك بتحديد المسيولية المنصوص عليها في هذه المادة اذا ثبت ان
الضرر نجم عن فعل او امتناع من الناقل او من تابعيه او وكلايه اثناء تادية وظايفهم بقصد
احداث الضرر او برعونة مقرونة بادراك احتمال وقوع الضرر.

49
مادة (:9؟)

-1 اذا اقيمت دعوي التعويض علي احد تابعي الناقل او احد وكلايه جاز له التمسك بتحديد
المسيولية المنصوص عليها في المادة )1917( من هذا القانون اذا ثبت ان الفعل الذي احدث
الضرر وقع منه اثناء تادية وظيفته.

؟1- ولا يجوز لتابع الناقل او وكيله التمسك بتحديد مسيوليته اذا ثبت ان الضرر نجم عن فعل او
امتناع منه اثناء تادية وظيفته بقصد احداث الضرر او برعونة مقرونة بادراك احتمال وقوع
الضرر..

""- ولا يجوز ان يريد مجموع ما يحصل عليه طالب التعويض من الناقل وتابعيه ووكلايه عن
الحدود المنصوص عليها في المادة )1397( من هذا القانون.

مادة (5954؟)

-1 يقع باطلا كل شرط يقضي باعفاء الناقل الجوي من المسيولية او بتحديدها اقل من الحدود",2476
commerce_17_1999,قانون التجارة,17,1999,5157,مادة 5157,mandatory,False,,50,59,"من هذا القانون.

؟- ويعتبر في حكم الاعفاء من المسيولية كل شرط يكون من شانه الزام المسافر او المرسل اليه
بدفع كل او بعض نفقات التامين ضد مسيولية الناقل الجوي وكل شرط ينزل بموجبه المسافر
او المرسل اليه للناقل عن حقوقه في التامين ضد اخطار النقل.

مادة (165؟)
تسلم الامتعة او البضايع دون تحفظ يسقط الحق في الرجوع علي الناقل بسبب الهلاك الجزيي او التلف
ما لم يثبت المسافر او المرسل اليه حالة الامتعة او البضايع ويقيم الدعوي خلال تسعين يوما من تاريخ
التسليم» وتسري في هذا الشان الاحكام المنصوص عليها في الفقرتين الثانية والثالثة من المادة (151؟)
من هذا القانون.

مادة (95؟)

-1 تتقادم بمضي سنة كل دعوي ناشية عن عقد النقل الجوي يكون موضوعها مطالبة الناقل
بالتعويض عن هلاك الامتعة والبضايع او تلفها. وتسري هذه المدة في حالة الهلاك الجزيي او
التلف من تاريخ تسليم الشيء موضوع النقل وفقا للفقرة الاولي من المادة )155( من هذا
القانون» وفي حالة الهلاك الكلي من تاريخ انقضاء الميعاد المنصوص عليه في الفقرة الثانية
من المادة )184( من هذا القانون.

؟- تتقادم بمضي سنتين كل دعوي ناشية عن عقد النقل الجوي يكون موضوعها مطالبة الناقل
بالتعويض عن وفاة المسافر او اصابته باضرار بدنية. وتسري هذه المدة في حالة الوفاء من
تاريخ وقوعهاء وفي حالة الاصابة البدنية من تاريخ وقع الحادث. 1

3 تتقادم بمضي سنة كل دعوي اخري تنشا عن عقد النقل الجوي. وتسري هذه المدة من الميعاد
المعين لوصول الطايرة» وفي حالة عدم التعيين تسري من الميعاد الذي يستغرقه الناقل الجوي
العادي اذا وجد في نفس الظروف.

4- لا يجوز ان يتمسك بالتقادم المنصوص عليه في الفقرات الثلاث السابقة من هذه المادة من
صدر منه او من تابعيه او من وكلايه غش او خطا جسيم.

مادة (91؟)

-1 اذا اتفق علي ان يكون النقل بالمجان فلا يكون الناقل الجوي مسيولا الا اذا اثبت طالب
التعويض ان الضرر نشا عن خطا صدر من الناقل او من احد تابعيه او وكلايه وفي هذه
الحالة يجوز ايضا للناقل الجوي او لتابعيه او لوكيله التمسك بتحديد المسيولية وفقا للمادة 7557
من هذا القانون.

؟- يكون النقل مجانيا اذا كان بدون اجرة ولم يكن الناقل محترفا النقل. فاذا كان محترفا اعتبر
النقل غير مجاني ولو كان بغير اجرة.

50
مادة (18؟)
تكون مسيولية الناقل الجوي في الحدود المنصوص عليها في المادة 7917 من هذا القانون ايا كان
الاساس القانون الذي تقوم عليه دعوي المسيولية وايا كانت صفة الخصوم فيها او عددهم او مقدار ما
يطلبون من تعويضات.
مادة (519؟)
-1 لقايد الطايرة السلطة علي جميع الاشخاص الموجودين فيها.
؟- وله ان يقرر اخراج اي شخص او اي شي يترتب علي وجوده في الطايرة خطر علي سلامتها
او اخلال النظام فيها.
""- وله اثناء الطيران ان يقرر عند الاقتضاء القاء الاشياء المشحونة في الطايرة او بعضها او
وقودهاء علي ان يخطر بذلك من يستثمر الطايرة في اقرب وقت. وعليه ان يبدا بالقاء الاشياء
قليلة القيمة كلما كان ذلك مستطاعا.
5- ويكون الناقل مسيولا عن هلاك الاشياء التي يقرر قايد الطايرة القاءها لسلامة الطايرة.
الباب الثالث
عمليات البنوك
مادة 0( م(
مع مراعاة ما تقرره الفقرة الثالية من المادة (11"") من هذا القانون» تسري احكام هذا الياب علي
العمليات التي تعقدها البنوك مع عملايها تجارا كانوا او غير تجار وايا كانت طبيعة هذه العمليات.
-1 وديعة النقود
مادة )”0051(
وديعة النقود عقد يخول البنك ملكية النقود المودعة والتصرف فيها بما يتفق ونشاطه مع التزامه
برد مثلها للمودع طبقا لشروط العقد.
مادة )”015(
يفتح البنك للمودع حسابا تقيد فيه جميع العمليات التي تتم بين البنك والمودع او بين البنك والغير
لحساب المودع.
مادة )”009(
-1 لا يترتب علي عقد وديعة النقود حق للمودع في سحب مبالغ من حساب الوديعة اذا لم يكن
رصيد هذا الحساب داينا.
؟- اذا اجري البنك عمليات لحساب المودع ترتب عليها ان صار رصيد حساب الوديعة مدينا
وجب علي البنك اخطار المودع فورا لتسوية مركزه.
مادة )”015(
-1 يرسل البنك بيانا بالحساب الي المودع مرة علي الاقل كل سنة الا اذا قضي الاتفاق او العرف
بارسال البيان اكثر من مرة خلال السنة. ويجب ان يتضمن البيان صورة من الحساب بعد اخر
قطع له ومقدار الرصيد المرحل.
؟- لا يقبل اي طلب لتصحيح الحساب ولو كان مبنيا علي غلط او سهو او تكرار وذلك فيما يتعلق
بالقيود التي مضي عليها اكثر من ثلاث سنوات ما لم يخطر المودع البنك خلال هذه المدة بعدم
تسلمه بيانا بحسابه وفقا للاوضاع المذكورة في الفقرة السابقة.
51
مادة زه""

-11 ترد الوديعة بمجرد الطلب ما لم يتفق علي غير لك. وللمودع حق التصرف في رصيده الداين
او في جزء منه؛ ما لم يعلق استعمال هذا الحق علي اخطار سابق او علي حلول الاجل.

""- اذا توفي المودع تستمر الوديعة قايمة وفقا لشروط العقد ما لم يطلب الورثة استردادها قبل
حلول اجلها.

مادة (05.”)
يكون التعامل في فرع البنك الذي فتح فيه الحساب ما لم يتفق علي غير ذلك.

مادة )”11/(
اذا تعددت حسابات المودع في بنك واحد او في فروعه اعتبر كل حساب منها مستقلا عن الحسابات
الاخري.

مادة (8.”)

-1 يجوز ان يفتح البنك حسابا مشتركا بين شخصين او اكثر بالتساوي فيما بينهم ما لم يتفق علي
غير ذلك.

-1 يفتح الحساب المشترك بناء علي طلب اصحابه جميعا ولا يجوز السحب من هذا الحساب الا
بموافقتهم جميعا ما لم يتفق علي خلاف ذلك.

؟- اذا اخطر احد اصحاب الحساب المشترك البنك كتابة بوجود خلاف بينهم وجب علي البنك
تجميد الحساب حتي تتم تسوية الخلاف بينهم رضاء او قضاء.

ء- اذا وقع حجز علي رصيد احد اصحاب الحساب المشترك سري الحجز علي حصة المحجوز
عليه من رصيد الحساب يوم ابلاغ البنك بالحجز. وعلي البنك وقف السحب من الحساب
المشترك بما يساوي الحصة المحجوز عليها واخطار اصحابه او من يمثلهم بالحجز خلال مدة
لا تجاوز خمسة ايام.

5- اذا توفي احد اصحاب الحساب المشترك او فقد الاهلية القانونية وجب علي الباقين اخطار
البنك بذلك وبرغبتهم في استمرار الحساب وذلك خلال مدة لا تجاوز عشرة ايام من تاريخ
الوفاء او فقدان الاهلية» وعلي البنك وقف السحب من الحساب المشترك حتي يتم تحديد الورثة
او تعيين القيم علي من فقد اهليته القانونية.

)”019( مادة

-1 اذا اصدر البنك دفتر توفير وجب ان يذكر في الدفتر اسم من صدر لصالحه وان يدون في
الدفتر المدفوعات والمسحوباتء وتكون البيانات الواردة بالدفتر الموقع عليها من موظف البنك
حجة من اثبات تلك البيانات في العلاقة بين البنك ومن صدر الدفتر لصالحه.

؟- يجوز اصدار دفتر توفير باسم القاصرء ويكون للقاصر ولكل شخص اخر حق الايداع في هذا
الدفترء ولا يكون للقاصر حق السحب منه الا وفقا للاحكام المنصوص عليها في القانون.

*- وديعة الصكوك
مادة )*01(
لا يجوز للبنك ان يستعمل الحقوق الناشية عن الصكوك المودعة لديه ما لم يتفق علي غير ذلك.
مادة )”111(

-1 علي البنك ان يبذل في المحافظة علي الصكوك المودعة عناية المودع لديه باجر. ولا يجوز
الاتفاق علي غير ذلك.

؟- ولا يجوز للبنك ن يتخلي عن حيازة الصكوك المودعة الا بسبب يستلزم ذلك.

52
مادة )”11(
-1 يلتزم البنك بقبض عايد الصك او ارباحه وقيمته اذا استحق او استهلك وكذلك كل مبلغ اخر
يستحق بسبب الصك ما لم يتفق علي غير ذلك. وتقيد تلك المبالغ في حساب المودع.
-1 وعلي البنك القيام بكل عملية لازمة للمحافظة علي الحقوق المتصلة بالصك التي يتقرر منحها
له دون مقابل» كتقديمه للاستبدال او لوضع الاختام او لاضافة قسايم ارباح جديدة اليه.
مادة (1”)
علي البنك ان يخطر المودع بكل امر او حق يتعلق بالصك ويستلزم الحصول علي موافقته او
يتوقف علي اختياره. فاذا لم تصل تعليمات المودع في الوقت المناسب وجب علي البنك ان
العادية.
مادة )”115(
-1 يلتزم البنك برد الصكوك المودعة بمجرد ان يطلب منه المودع ذلك مع مراعاة الوقت الذي
يقتضيه اعداد الصكوك للرد.
-1 يكون الرد في المكان الذي تم فيه الايداع» ويلتزم البنك برد الصكوك بذاتها ما لم يتفق او
يقضي القانون برد صكوك جنسها او صكوك اخري.
مادة )”116(
-1 يكون الرد لمودع الصك او لخلفايه او لمن يعينه هولاء الاشخاص ولو تضمن ما يفيد ملكيته
-1 اذا ادعي شخص استحقاق الصك المودع وجب علي البنك اخطار المودع مباشرة والامتناع
عن رد الصك اليه حتي ينتهي النزاع بشانه رضاء او قضاءء وعلي مدعي استحقاق الصك
اقامة دعواه خلال ثلاثين يوما من تاريخ الادعاء والا اعتبر الادعاء كان لم يكن.
""'- تاجير الخزاين
مادة (15”)
تاجير الخزاين عقد يتعهد بمقتضاه بنك مقابل اجرة بوضع خزانة معينة تحت تصرف المستاجر
للانتفاع بها مدة محددة.
مادة (117”)
-1 يسلم مفتاح الخزانة الي المستاجر ويحتفظ البنك بمفتاح اخر وفيما عدا المستاجر والبنك لا
يجوز تسليم نسخة من الفتاح لاي شخص اخر.
3 يبقي المفتاح الذي يسلم للمستاجر ملكا للبنك ويجب رده اليه عند انتهاء الاجارة.
""- ولا يجوز للبنك ان ياذن لغير المستاجر او وكيله الخاص في استعمال الخزانة.
مادة (18”)
-1 علي البنك اتخاذ التدابير اللازمة لضمان سلامة الخزانة والمحافظة علي محتوياتها.
-1 ولا يجوز للمستاجر ان يضع في الخزانة اشياء تهدد سلامتها او سلامة المكان الذي توجد به.
؟- اذا صارت الخزانة مهددة بخطر او تبين انها تحتوي علي اشياء خطرة وجب علي البنك ان
يخطر المستاجر فورا بالحضور لافراغها او لسحب الاشياء الخطرة منهاء فاذا لم يحضر
المستاجر في الميعاد المعين» جاز للبنك ان يطلب من القاضي المختص اصدار امر علي
عريضة بالاذن له في فتح الخزانة وافراغها او سحب الاشياء الخطرة منها وذلك بحضور من
53
حالاء جاز للبنك وعلي مسيوليته فتح الخزانة وافراغها او سحب الاشياء الخطرة منها دون
اخطار او اذن من القاضي.
مادة (19*)

-1 اذا لم يدفع المستاجر اجرة الخزانة في مواعيد استحقاقها جاز للبنك بعد انقضاء ثلاثين يوما
من اخطاره بالدفع ان يعتبر العقد منتهيا من تلقاء نفسه ويسترد البنك الخزانة بعد اخطار
المستاجر بالحضور لفتحها وافراغ محتوياتها.
امر علي عريضة بالاذن له في فتح الخزانة وافراغ محتوياتها بحضور من يعينه لذلك.
ويحرر محضر بالواقعة تذكر فيه محتويات الخزانة» وللقاضي ان يامر بايداع المحتويات عند
البنك او عند امين يعينه لذلك.

مادة )”71(
للبنلك حق حبس محتويات الخزانة» وله حق امتياز علي الثمن الناتج عن بيعها لاستيفاء الاجرة و
المصاريف المستحقة له.

مادة (11؟”)

-1 يجوز توقيع الحجز التحفظي او الحجز التنفيذي علي الخزانة.

-1 يوقع الحجز بتبليغ البنك مضمون السند الذي يتم الحجز بموجبه» مع تكليفه بالتقرير عما اذا
فورا بتوقيع الحجز وان يمنعه من استعمال الخزانة.

؟- اذا كان الحجز تحفظياء جاز للمستاجر ان يطلب من القاضي المختص اصدار امر علي
عريضة بالترخيص له في سحب بعض محتويات الخزانة في حضور من يندبه القاضي لذلك.

5- واذا كان الحجز تنفيذيا التزم البنك بفتح الخزانة وافراغ محتوياتها بحضور الحاجز او من
يندبه القاضي لذلكء ويخطر المستاجر بالميعاد الذي حدد لفتح الخزانة وتجرد محتوياتها وتسلم
الي البنك او الي امين يعينه قاضي التنفيذ حتي يتم بيعها وفقا للاحكام المنصوص عليها في
قانون المرافعات المدنية والتجارية.

5- واذا كان بالخزانة اوراق او وثايق لا يشملها البيع وجب تسليمها الي المستاجر فاذا لم يكن
حاضرا وقت فتح الخزانة وجب تسليمها الي البنك لحفظها حتي يطلبها المستاجر او ورثته
واذا لم يتقدم المستاجر او ورثته لاستلام الاوراق او الوثايق المشار اليها خلال خمس سنوات
يكون للبنك الحق في عرض الامر علي قاضي الامور الوقتية ليقرر بشانها ما يراه.

مادة (؟5؟”)
يكون اخطار مستاجر الخزانة صحيحا اذا وجه اليه في اخر موطن عينه للبنك.

مادة (؟”)
فيما عدا الحالات المنصوص عليها في القانون» لا يجوز للبنك فتح الخزانة او افراغ محتوياتها الا باذن
من المستاجر او بحضوره او تنفيذا لحكم او امر صادر من القاضي المختص او من النيابة العامة.

رهن الاوراق المالية
مادة (5؟”)
تسري علي رهن الاوراق المالية قواعد الرهن التجاري والاحكام التالية.
54
مادة (65؟”)
-1 اذا كان الداين المرتهن حايزا للاوراق المرهونة لسبب اخر سابق علي الرهن فانه يعتبر حايزا
لها بوصفه داينا مرتهنا بمجرد انشاء الرهن.
؟- يعتبر الغير الذي عينه المتعاقدان لحيازة الاوراق المرهونة انه تنازل عن كل حق له في
حبسها لسبب سابق علي الرهن ما لم يكن قد احتفظ بهذا الحق عند قبوله حيازة الاوراق
المرهونة لحساب الداين المرتهن.
مادة (5؟5”)
اذا كانت الاوراق المرهونة مقدما من غير المدين فلا يلتزم مالكها بوفاء الدين المضمون بالرهن الا
بوصفه كفيلا عينيا.
مادة (510”)
اذا لم تكن القيمة الكاملة للورقة المالية المرهونة قد دفعت وقت تقديمها للرهن وجب علي المدين- اذا
طولب بالجزء غير المدفوع- ان يقدم الي الداين المرتهن النقود اللازمة للوفاء بهذا الجزء قبل ميعاد
استحقاقه بيومين علي الاقل والا جاز للداين المرتهن ان يطلب بيع الورقة باتباع الاجراءات
المنصوص عليها في المادة )115( من هذا القانون ثم يدفع من الثمن الناتج من البيع الجزء غير
المدفوع من قيمة الورقة وينتقل الرهن الي الباقي من الثمن.
مادة (/؟”)
يبقي امتياز الداين المرتهن قايما بمرتبته فيما بين المتعاقدين وبالنسبة الي الغير علي عايد الورقة
المرهونة وملحقاتها وعلي قيمتها عند استهلاكها وعلي الاوراق التي تستبدل بها.
النقل المصرفي
مادة (579*)
-1 النقل المصرفي عملية يقيد البنك بمقتضاها مبلغا معينا في الجانب المدين من حساب الامر
بالنقل بناء علي امر كتابي منه وفي الجانب الداين من حساب اخر.
ويجوز بهذه العملية اجراء ما ياتي:
(ا)- نقل مبلغ معين من شخص الي اخر لكل منهما حساب لدي البنك ذاته او لدي بنكين
(ب)- نقل مبلغ معين من حساب الي اخر كلاهما مفتوح باسم الامر بالنقل لدي البنك ذاته او
لدي بنكين مختلفين. 1
؟- ينظم الاتفاق بين البنك والامر بالنقل شروط اصدار الاامر. ومع ذلك لا يجوز ان يكون امر
النقل لحامله.
؟- يجوز الاتفاق علي ان يتقدم المستفيد بنفسه بامر النقل الي البنك بدلا من تبليغه اليه من الامر
بالنقل.
مادة (0”م)
اذا تم النقل المصرفي بين فرعين للبنك او بين بنكين مختلفين وجب تقديم اي اعتراض صادر من
الغير بشان هذا النقل الي الفرع او البنك الذي يوجد به حساب المستفيد.
مادة (1""”)
يجوز ان يرد امر النقل علي مبالغ مقيدة فعلا في حساب الامر بالنقل او علي مبالغ يتفق مع البنك
علي قيدها في حسابه خلال مدة معينة.
55
مادة (؟98”)
-1 يتملك المستفيد القيمة محل النقل المصرفي من وقت قيدها في الجانب الداين من حسابه
ويجوز للامر الرجوع في امر النقل الي ان يتم هذا القيد.
؟- واذا اتفق علي ان يتقدم المستفيد بنفسه بامر النقل الي البنك» فلا يجوز للامر الرجوع في
الامرء وذلك مع مراعاة ما تقضي به المادة 7117 من هذا القانون.
مادة (99”)
يبقي الدين الذي صدر امر النقل وفاء له قايما بتاميناته وملحقاته الي ان تقيد القيمة فعلا في الجانب
الداين من حساب المستفيد.
مادة (5*”)
يجوز الاتفاق علي ارجاء تنفيذ اوامر النقل الصادرة من نوع الامر او المقدمة من المستفيد مباشرة الي
اخر اليوم لتنفيذها مع غيرها من الاوامر التي من نوعها والصادرة في ذات اليوم.
مادة (ه7”)
-1 اذا كان مقابل الوفاء بامر النقل اقل من القيمة المذكورة في هذا الامر وكان الامر موجها من
الامر بالنقل جاز للبنك ان يرفض تنفيذ الامر علي ان يخطر الامر بذلك دون ابطاء.
؟- واذا كان امر النقل مقدما من المستفيد مباشرة قيد البنك لحسابه المقابل الناقص ما لم يرفض
المستفيد ذلك. وعلي البنك ان يوشر علي امر النقل بقيد المقابل الناقص او بالرفض الصادر
من المستفيد.
؟- ويبقي للامر بالنقل حق التصرف في المقابل الناقص اذا رفض البنك تنفيذ الامر او رفض
المستفيد قيد المقابل الناقص لحسابه.
مادة (95”)
اذا لم ينفذ البنك امر النقل في اول يوم عمل تال ليوم تقديمه اعتبر الامر في حدود المقدار الذي لم ينفذ
كان لم يكن ويجب رده الي من قدمه مقابل ايصال. واذا اتفق علي مدة اطول من ذلك وجب ان يضاف
امر النقل الذي لم ينفذ الي الاوامر التي تقدم في الايام التالية خلال تلك المدة.
كي فضفة
-1 اذا اشهر افلاس المستفيد جاز للامر ان يعترض علي تنفيذ امر النقل ولو تسلمه المستفيد
-1 ولا يحول شهر افلاس الامر دون تنفيذ اوامر النقل التي اصدرها اذا قدمت الي البنك قبل
تاريخ صدور الحكم بشهر الافلاس.
الاعتماد العادي
مادة (9""8”)
-1 الاعتماد العادي عقد يضع البنك بمقتضاه تحت تصرف المستفيد وسايل دفع في حدود مبلغ
-1 يفتح الاعتماد لمدة معينة او غير معينة.
مادة (99”)
-1 اذا فتح الاعتماد لمدة غير معينة جاز للبنك الغاوه في كل وقتء شرط اخطار المستفيد قبل
الميعاد الذي يعينه البنك للالغاء بعشرة ايام علي الاقل ما لم يتم الاتفاق علي غير ذلك.
56
-1 وفي جميع الاحوال يعتبر الاعتماد المفتوح لمدة غير معينة ملغيا بانقضاء ستة اشهر من تاريخ
اخطار المستفيد بفتحه دون ان يستعمله.
مادة (4”*)
اذا فتح الاعتماد لمدة معينة فلا يجوز للبنك الغاوه قبل انقضاء هذه المدة الا في حالة وفاة المستفيد او
الحجر عليه او توقفه عن الدفع ولو لم يصدر حكم بشهر افلاسه او صدور خطا جسيم منه في استعمال
الاعتماد.
الاعتماد المستندي
مادة )*”451(
-1 الاعتماد المستندي عقد يتعهد البنك بمقتضاه بفتح اعتماد بناء علي طلب احد عملايه (ويسمي
الامر) لصالح شخص اخر (ويسمي المستفيد) بضمان مستندات تمثل بضاعة منقولة او معدة
؟- عقد الاعتماد المستندي مستقل عن العقد الذي فتح الاعتماد بسببه» ويبقي البنك اجنبيا عن هذا
العقد.
“""- تسري فيما لم يرد في شانه نص خاص في هذا الفرع القواعد الواردة بالاعراف الموحدة
للاعتمادات المستندية الصادرة من غرفة التجارة الدولية.
مادة (45”)
يلتزم البنك الذي فتح الاعتماد بتنفيذ شروط الوفاء والقبول والخصم المتفق عليها في عقد فتح الاعتماد
اذا كانت المستندات مطابقة لشروط فتح الاعتماد.
مادة (7 4 ”)
-1 يجوز ان يكون الاعتماد المستندي قابلا للالغاء او باتا غير قابل للالغاء.
؟- ويكون الاعتماد غير قابل للالغاء الا اذا اتفق صراحة علي قابليته للالغاء.
مادة (545*)
لا يترتب علي الاعتماد المستندي القابل للالغاء اي التزام علي البنك قبل المستفيد» ويجوز للبنك في كل
وقت تعديله او الغاوه من تلقاء نفسه او بناء علي طلب الامر دون حاجة الي اخطار المستفيد ما لم يكن
قد تم التنفيذ.
مادة (5 4 ”)
-1 يكون التزام البنك في حالة الاعتماد المستندي البات قطعيا ومباشرا قبل المستفيد وكل حامل
حسن النية للصك الذي سحب تنفيذا للعقد الذي فتح الاعتماد بسيه.
-1 ولا يجوز الغاء الاعتماد المستندي البات او تعديله الا باتفاق جميع ذوي الشان فيه.
مادة (45”)
-1 يجوز تاييد الاعتماد المستندي البات من بنك اخر يلتزم بدوره بصورة قطعية ومباشرة قبل
المستفيد.
-1 لا يعتبر مجرد الاخطار بفتح الاعتماد المستندي البات المرسل الي المستفيد عن طريق بنك
اخر تاييدا من هذا البنك للاعتماد.
مادة (/1 4 ”*)
-1 علي البنك ان يتحقق من مطابقة المستندات لتعليمات الامر بفتح الاعتماد.
-1 واذا رفض البنك المستندات وجب ان يخطر الامر فورا بالرفض مبينا اسبابه.
57
مادة (48*)
-1 لا مسيولية علي البنك اذا كانت المستندات في ظاهرها مطابقة للتعليمات التي تلقاها من الامر.
-1 ولا يتحمل البنك اي التزام يتعلق بالبضاعة التي فتح الاعتماد بسببها.
مادة (495*)
لا يجوز تحويل الاعتماد المستندي ولا تجزيته الا اذا كان البنك الذي فتحه ماذونا في تحويله كله او
بعضه الي شخص او الي جملة اشخاص غير المستفيد الاول بناء علي تعليمات صادرة من هذا
المستفيد» ولا يتم التحويل الا اذا وافق عليه البنك ولا يجوز التحويل الا مرة واحدة ما لم يتفق علي غير
ذلك,
مادة (00ه*)
اذا لم يدفع الامر الي البنك قيمة المستندات المطابقة لشروط فتح الاعتماد خلال ستة اشهر من تاريخ
تبليغه بوصول تلك المستندات» جاز للبنك التنفيذ علي البضاعة باتباع اجراءات التنفيذ علي الاشياء
المرهونة رهنا تجاريا.
/- الخصم
مادة (11ه”)

-1 الخصم اتفاق يتعهد البنك بمقتضاه بان يدفع مقدما قيمة صك قابل للتداول الي المستفيد في
الصك مقابل نقل ملكيته الي البنك مع التزام المستفيد برد القيمة الاسمية الي البنك اذا لم يدفعها
المدين الاصلي.

""- يخصم البنك مما يدفعه للمستفيد من الخصم نسبة من مبلغ الصك فضلا عن العمولة ان كانت
مشروطة.

مادة (؟5ه”)
تحسب النسبة علي اساس المدة من تاريخ الخصم حتي تاريخ استحقاق الصك او علي اساس مدة اكثر
من ذلك بالنسبة الي عمليات الرهن وغيرها من العمليات التي تتضمن تعهد المستفيد برد ما قبضه قبل
حلول اجل الصصك.

مادة (3:9ه”)
يلتزم المستفيد بان يرد الي البنك القيمة الاسمية للصك الذي لم يدفع.

مادة (54”)

-1 للبنك قبل المدين الاصلي في الصك والمستفيد وغيرهما من الملتزمين الاخرين جميع الحقوق
الناشية عن الصك الذي خصمه.

""- وللبنك فضلا عن ذلك قبل المستفيد حق مستقل في استرداد المبالغ التي دفعها دون استنزال ما
خصمه البنك من نسبة وما قبضه من عمولة؛ ويكون للبنك استعمال هذا الحق في حدود
الصكوك غير المدفوعة ايا كان سبب الامتناع عن دفعها.

4- خطاب الضمان
مادة (هه”)

-1 خطاب الضمان تعهد مكتوب يصدر من البنك بناء علي طلب شخص (يسمي الامر) بدفع مبلغ
معين او قابل للتعين لشخص اخر (يسمي المستفيد)» اذا طلب منه ذلك خلال المدة المعينة في
الخطاب ودون اعتداد باية معارضة.

56
-1 تسري فيما لم يرد بشانه نص او عرف في هذا الفرع القواعد والعادات السايدة في المعاملات
الدولية بشان خطاب الضمان.
مادة (كه”)
يجوز للبنك ان يطلب تامينا مقابل اصدار خطاب الضمانء ويكون هذا التامين نقدا او صكوكا او بضايع
او تنازلا من الامر عن حقه قبل المستفيد.
مادة (لاه”)
لا يجوز للمستفيد التنازل عن حقه الوارد بخطاب الضمان الا بموافقة البنك» وبشرط ان يكون البنك
ماذونا من قبل الامر باعطاء هذه الموافقة.
مادة (8ه”)
لا يجوز للبنك ان يمتنع عن الوفاء للمستفيد لسبب يرجع الي علاقة البنك بالامر او الي علاقة الامر
بالمستفيد.
مادة (59”)
-1 تبرا ذمة البنك قبل المستفيد اذا لم يصله خلال مدة سريان خطاب الضمان طلب من المستفيد
بالدفع الا اذا اتفق صراحة علي تجديد تلك المدة تلقاييا او وافق البنك علي مدها.
؟- يلتزم البنك بان يرد للامر في نهاية مدة سريان خطاب الضمان ما قدمه من تامين للحصول
علي هذا الخطاب.
مادة (5”)
اذا دفع البنك للمستفيد المبلغ المتفق عليه في خطاب الضمان جاز له الرجوع علي الامر بمقدار المبلغ
المدفوع وعايده من تاريخ دفعه.
-0 الحساب الجاري
مادة (51”)
-1 الحساب الجاري عقد يتفق بمقتضاه طرفان علي ان يقيدا في حساب عن طريق مدفوعات
متبادلة ومتداخلة الديون التي تنشا عن العمليات التي تتم بينهما بحيث يستعيضان عن تسوية
هذه الديون تباعا بتسوية واحدة تقع علي الحساب عند قفله.
-1 لا يعتبر حسابا جاريا الاتفاق علي الا تبدا مدفوعات احد الطرفين الا حين تنتهي مدفوعات
الطرف الاخر.
'- تسري احكام هذا الفرع علي كل حساب جار ولو لم يكن احد الطرفين بنكا.",18951
commerce_17_1999,قانون التجارة,17,1999,08,مادة 08,mandatory,False,,59,63,"من هذا القانون علي الحساب الجاري
المشترك المفتوح لدي البنك.
مادة (55”)
-1 لا تقبل المفردات المقيدة في الحساب الجاري التجزية قبل قفل الحساب واستخراج الرصيد.
مادة (59”)
قيد الدين في الحساب الجاري لا يحول دون استعمال الحقوق المتعلقة بالعملية المنشية لهذا الدين.
59
مادة (554”)
اذا انقضي القيد في الحساب الجاري او خفض مقداره بسبب لاحق لدخوله الحساب وجب الغاء قيده او
تخفيضه وتعديل الحساب تبعا لذلك.

مادة (565”)
يجوز وقف الحساب موقتا اثناء سيره لبيان مركز كل من الطرفين وذلك في المواعيد التي يتفق عليها
الطرفان او يحددها القانون ويكون لكل طرف ان يتصرف في رصيده الداين الذي قد يظهر عند الوقف
الموقت في اي وقت ما لم يتفق علي غير ذلك.

مادة (55”)

-1 لا تنتج المدفوعات في الحساب الجاري عايدا الا اذا اتفق علي غير ذلك ويحسب العايد وفقا
للسعر الذي يتعامل به البنك المركزي وقت استحقاقه ما لم يتفق علي مقابل اقل.

-1 لا يجوز حساب عايد علي العوايد الا اذا كان الحساب جاريا بين بنك وشخص اخر.

مادة (51”)

-1 تقيد في الحساب الجاري جميع الديون الناشية عن علاقات الاعمال التي تتم بين طرفي
الحساب ما لم تكن هذه الديون مصحوبة بتامينات قانونية او اتفاقية.

-1 ومع ذلك يجوز قيد الديون المصحوبة بتامينات اتفاقية سواء اكانت تلك التامينات مقررة من
المدين ام من الغير في الحساب الجاري اذا اتفق جميع ذوي الشان علي ذلكء وفي هذه الحالة
ينتقل التامين لضمان رصيد الحساب الجاري عند قفله بمقدار الدين المضمون دون اعتبار لما
يطرا علي الحساب اثناء تشغيله من تغييرات الا اذا اتفق علي غير ذلك ولا يحتج علي الغير
بانتقال التامين الي رصيد الحساب الا من تاريخ شهره اذا كان القانون يستلزم هذا الشهر.

مادة (58”)

-1 اذا تضمنت مفردات الحساب ديونا نقدية مقومة بعملات مختلفة» او اشياء قيمة جاز للطرفين
ان يتفقا علي ادخالها في الحساب بشرط ان تقيد في اقسام مستقلة يراعي التمايل في
المدفوعات التي تتضمنها وان يصرح الطرفان ببقاء الحساب رغم تعدد اقسامه محتفظا
بوحدته.

-1 ويجب ان تكون ارصدة الاقسام المستقلة قابلة للتحويل فيما بينها بحيث يمكن في الوقت الذي
حدده الطرفان او عند قفل الحساب علي الاكثر اجراء المقاصة بينها لاستخراج رصيد واحد.

مادة (59”)

-1 اذا حددت مدة للحساب الجاري وجب ففله بانتهايها. ويجوز قفله قبل انتهاء المدة باتفاق
الطرفين. 0

3 واذا لم تحدد مدة للحساب الجاري جاز قفله في كل وقت بارادة اي من الطرفين مع مراعاة
مواعيد الاخطار المتفق عليها او التي يجري عليها العرف.

'- وفي جميع الاحوال يقفل الحساب الجاري بوفاة احد طرفيه او شهر افلاسه او اعساره او
الحجر عليه.

مادة )”171(
يستخرج رصيد الحساب الجاري عند قفله» ويكون دين الرصيد حالا ما لم يتفق علي غير ذلك او كان
بعض العمليات الواجب قيدها في الحساب لا يزال جاريا وكان من شان قيدها تعديل مقدار الرصيد»
وفي هذه الحالة يكون دين الرصيد حالا من اليوم التالي لاخر قيد تستلزمه تلك العمليات.
60
مادة (101”)
اذا كان الحساب الجاري مفتوحا بين بنك وطرف اخر اعتبر الحساب مقطوعا في نهاية السنة المالية
للبنك ولا يعتبر هذا القطع قفلا للحساب وانما يظل مفتوحا ويرحل رصيده الي نفس الحساب الذي
يستانف حركته في اليوم التالي لقطعه.

مادة (175”)
تسري القواعد العامة علي تقادم دين الرصيد وعايده ويحسب العايد علي دين الرصيد من تاريخ قفل
الحساب ما لم يتفق علي غير ذلك.

مادة (107”)
يجوز لداين احد طرفي الحساب توقيع الحجز اثناء سير الحساب علي الرصيد الداين لمدينه وقت توقيع
الحجز وفي هذه الحالة يجري الطرف المفتوح لديه الحساب ميزانا موقتا للحساب للكشف عن مركز

مادة (7”375)
اذا افلس احد طرفي الحساب الجاري فلا يجوز الاحتجاج علي جماعة الداينين في تفليسته باي رهن
تقرر علي امواله بعد التاريخ الذي عينته المحكمة للوقوف عن الدفع لضمان دين الرصيد المحتمل»
وذلك في حدود الرصيد المدين وقت تقرير الرهن» ويجوز الاحتجاج بالرهن فيما يتعلق بالفرق- ان
وجد- بين مقدار هذا الرصيد ومقدار الرصيد الذي يظهر وقت قفل الحساب الا اذا ثبت علم الداين وقت
تقرير الرهن بتوقف المدين عن الدفع.

مادة (7”075)

-1 اذا قيدت حصيلة خصم ورقة تجارية في الحساب الجاري ولم تدفع قيمتها في ميعاد الاستحقاق
جاز لمن خصم الورقة؛ ولو بعد شهر افلاس من قدمها للخصمء الغاء القيد باجراء قيد عكسي.

؟1- لا يجوز اجراء القيد العكسي الا فيما يتعلق بالاوراق التجارية التي لم تدفع قيمتها في مواعيد
استحقاقهاء ويقع باطلا كل اتفاق علي غير ذلك.

مادة (1075”)

-1 لا تقبل الدعوي بتصحيح الحساب الجاري ولو كان الطلب مبنيا علي غلط او سهو او تكرار
القيودء وذلك فيما يتعلق بالقيود التي مضي عليها اكثر من ثلاث سنواتء الا اذا حصل خلال
هذه المدة اخطار من احد طرفي الحساب الي الاخر بتمسكه بتصحيح الحساب او اذا لم يثبت
في حالة الحساب مع البنك ان العميل لم يتلق من البنك خلال المدة المذكورة اي بيان بحسابه.

-1 وفي جميع الاحوال تسقط الدعوي بانقضاء خمس سنوات من اليوم الذي ينشا فيه الحق في
تصحيح الحساب.

كي ففضة
اذا كان الحساب الجاري مفتوحا لدي بنك فلا يجوز للبنك اعطاء بيانات او معلومات عن رقم الحساب
او حركته او رصيده الا لصاحب الحساب او وكيله الخاص او لورثته او الموصي لهم بعد وفاته او
وفقا لاحكام القانون رقم 015 لسنة 1110 في شان سرية الحسابات.

الباب الرابع

الاوراق التجارية

مادة (1078”)
تسري احكام هذا الباب علي الكمبيالات والسندات لامر والشيكات وغيرها من الاوراق التجارية
الاخري ايا كانت صفة ذوي الشان فيها او طبيعة الاعمال التي انشيت من اجلها.

61
الفصل الاول
الكمبيالة
1 الاصدار
مادة (179”)
تشتمل الكمبيالة علي البيانات الاتية:
(ا) كلمة ""كمبيالة"" في متن الصك وباللغة التي كتب بها.
(ب) امر غير معلق علي شرط بوفاء مبلغ معين من النقود.
(د) ميعاد الاستحقاق.
() مكان الوفاء.
(و) اسم من يجب الوفاء له او لامره (المستفيد).
(ز) تاريخ ومكان اصدار الكمبيالة.
1ح( توقيع من اصدر الكمبيالة (الساحب) علي نحو مقروء.
مادة اللناية
الصك الخالي من احد البيانات المذكورة في المادة 774 من هذا القانون لا يعد كمبيالة الا في الحالات
الاتية:
(ا) اذا خلت الكمبيالة من بيان ميعاد الاستحقاق اعتبرت مستحقة الوفاء لدي الاطلاع عليها.
(ب) واذا خلت من بيان مكان الوفاء اعتبر المكان المبين بجانب اسم المسحوب عليه مكانا للوفاء
وموطنا للمسحوب عليه في نفس الوقت.
(ج) واذا خلت من بيان مكان الاصدار اعتبرت صادرة في المكان المبين بجانب توقيع الساحب.
مادة (81*)
-1 يجوز سحب الكمبيالة لامر الساحب نفسه.
؟- ويجوز سحبها علي الساحب..
'- ويجوز سحبها لحساب شخص اخر.
مادة (85*)
يجوز ان تكون الكمبيالة مستحقة الوفاء في موطن شخص من الغير سواء في الجهة التي بها موطن
المسحوب عليه او في اية جهة اخري.
مادة (819”)
-1 يجوز لساحب الكمبيالة المستحقة الوفاء لدي الاطلاع او بعد مدة معينة من الاطلاع عليها ان
يشترط عايدا منفصلا عن المبلغ المذكور فيها.
؟1- ويعتبر هذا الشرط في الكمبيالات الاخري كان لم يكن.
'""- ويجب بيان العايد في الكمبيالة» فاذا خلت منه اعتبر الشرط كان لم يكن.
5 - ويحسب العايد من تاريخ اصدار الكمبيالة ما لم يتفق علي تاريخ اخر.
مادة (84*)
-1 اذا كتب مبلغ الكمبيالة بالحروف والارقام معاء فالعبرة عند الاختلاف بالمكتوب بالحروف.
-1 واذا كتب المبلغ عدة مرات بالحروف او بالارقام فالعبرة عند الاختلاف باقلها مبلغا.
62
مادة (765/”)
تكون التزامات ناقصي الاهلية الذين ليسوا تجارا وعديمي الاهلية الناشية عن توقيعاتهم علي الكمبيالة
كساحبين او قابلين او ضامنين احتياطيين او باية صفة اخري باطلة بالنسبة اليهم فقط.
مادة (5م8)
اذا حصلت الكمبيالة توقيعات اشخاص ليست لهم اهلية الالتزام بها او توقيعات مزورة او لاشخاص
وهميين او توقيعات غير ملزمة لاسباب اخري لاصحابها او لمن وقعت الكمبيالة باسمايهم» فان",6583
commerce_17_1999,قانون التجارة,17,1999,8810,مادة 8810,mandatory,False,,63,63,"-1 يخضع شكل الالتزامات بموجب الكمبيالة لقانون الدولة التي صدرت فيها.
3 ومع ذلك اذا كان الالتزام غير صحيح شكلا بموجب القانون المشار اليه في الفقرة في صحة
الالتزامات اللاحقة التي تنشا بموجب الكمبيالة في مصر.
مادة (8*84)
-1 يرجع في تحديد اهلية الملتزم بموجب الكمبيالة الي قانون الدولة التي ينتمي اليها بجنسيته.
؟- واذا كان القانون الواجب التطبيق يعتبر الملتزم بموجب الكمبيالة ناقص الاهلية فان التزامه
يبقي صحيحا اذا وضع توقيعه علي الكمبيالة في دولة يعتبره قانونها كامل الاهلية.
مادة (8*89)
-1 من يوقع كمبيالة نيابة عن شخص اخر بغير تفويض منه يلتزم شخصيا بموجب الكمبيالة فاذا
اوفاها الت اليه الحقوق التي كانت توول الي من ادعي النيابة عنه.
-1 ويسري هذا الحكم علي النايب اذا جاوز حدود سلطته.
مادة )*90(
-1 يضمن ساحب الكمبيالة قبولها ووفاءها.
-1 ويجوز له ان يشترط اعفاءه من ضمان القبول» وكل شرط باعفايه من ضمان الوفاء يعتبر
كان لم يكن.
""- التظهير",838
commerce_17_1999,قانون التجارة,17,1999,891,مادة 891,mandatory,False,,63,63,"-1 كل كمبيالة ولو لم يصرح فيها انها مسحوبة للامر تتداول بالتظهير.
؟- لا يجوز تداول الكمبيالة التي يضع فيها الساحب عبارة ""ليست للامر"" او اية عبارة اخري
تفيد هذا المعني الا باتباع اجراءات حوالة الحق المنصوص عليها في القانون المدني مع ما
يترتب عليها من اثار.
""- يجوز التظهير الي المسحوب عليه سواء قبل الكمبيالة او لم يقبلها» كما يجوز التظهير الي
الساحب او اي ملتزم اخرء ويجوز لجميع هولاء تظهير الكمبيالة من جديد.",409
commerce_17_1999,قانون التجارة,17,1999,895,مادة 895,mandatory,False,,63,64,"-1 يجب ان يكون التظهير غير معلق علي شرطهء وكل شرط يعلق عليه التظهير يعتبر كان لم
؟- ويكون التظهير الجزيي باطلا.
""- ويعتبر التظهير ""لحامله"" تظهيرا علي بياض.
63
مادة وم

-1 يكتب التظهير علي الكمبيالة نفسها او _ ورقمتصلة بها ""وصلة"" ويوقعه المظهر.

""- ويجوز الا يذكر في التظهير اسم المظهر اليه كما يجوز ان يقتصر علي توقيع المظهر
( التظهير علي بياض) ويشترط لصحة التظهير في هذه الحالة الاخيرة ان يكتب علي ظهر
الكمبيالة او علي الوصلة.",427
commerce_17_1999,قانون التجارة,17,1999,595,مادة 595,general,False,,64,64,"-1 ينقل التظهير جميع الحقوق الناشية علي الكمبيالة.
؟- واذا كان التظهير علي بياض جاز للحامل:
(ا) ان يملا البياض بكتابة اسمه او اسم شخص اخر.
(ب)ان يظهر الكمبيالة من جديد علي بياض او الي شخص اخر.
(ج) ان يسلم الكمبيالة الي شخص اخر دون ان يملا البياض ولو لم يظهرها.
مادة (965*)

-1 يضمن المظهر قبول الكمبيالة ووفاءها ما لم يشترط غير ذلك.

؟- ويجوز له حظر تظهيرها من جديدء وفي هذه الحالة لا يكون ملزما بالضمان قبل من توول
اليه الكمبيالة بتظهير لاحق.",443
commerce_17_1999,قانون التجارة,17,1999,895,مادة 895,mandatory,False,,64,64,"-1 يعتبر حايز الكمبيالة حاملها الشرعي اذا اثبت انه صاحب الحق فيها بسلسلة من تظهيرات غير
منقطعة ولو كان اخرها تظهيرا علي بياضء وتعتبر التظهيرات المشطوبة في هذا الشان كان
لم تكن» واذا اعقب التظهير علي بياض تظهير اخر اعتبر الموقع علي هذا التظهير انه هو
الذي ال اليه الحق في الكمبيالة بالتظهير علي بياض.

""- اذا فقد شخص حيازة الكمبيالة فلا يلزم الحامل بالتخلي عنها اذا اثبت حقه فيها طبقا للفقرة
السابقة الا اذا كان قد حصل عليها بسوء نية او ارتكب في سبيل الحصول عليها خطا جسيما.",473
commerce_17_1999,قانون التجارة,17,1999,891,مادة 891,general,False,,64,64,,0
commerce_17_1999,قانون التجارة,17,1999,5,مادة 5,mandatory,False,,64,64,"من هذا القانون ليس لمن اقيمت عليه دعوي بكمبيالة ان يحتج
علي حاملها بالدفوع المبنية علي علاقاته الشخصية بساحبها او بحامليها السابقين ما لم يكن قصد
الحامل وقت حصوله عليها الاضرار بالمدين.

مادة (89/8)

-1 اذا اشتمل التظهير علي عبارة ""القيمة للتحصيل"" او ""القيمة للقبض"""", او ""للتوكيل"" او اي بيان
اخر يفيد التوكيل جاز للحامل استعمال جميع الحقوق الناشية عن الكمبيالة ولكن لا يجوز له
تظهيرها الا علي سبيل التوكيل.

-1 وليس للملتزمين في هذه الحالة الاحتجاج علي الحامل الا بالدفوع التي يجوز الاحتجاج بها
علي المظهر. 1

3 لا تنقضي الوكالة التي يتضمنها التظهير بوفاة الموكل او الحجر عليه.",577
commerce_17_1999,قانون التجارة,17,1999,899,مادة 899,mandatory,False,,64,71,"-1 اذا اشتمل التظهير علي عبارة ""القيمة للضمان"" او ""القيمة للرهن"" او اي بيان اخر يفيد الرهن
جاز للحامل استعمال جميع الحقوق الناشية عن الكمبيالة» ومع ذلك اذا ظهر الكمبيالة اعتبر
التظهير حاصلا علي سبيل التوكيل.

""- وليس للملتزمين بالكمبيالة الاحتجاج علي الحامل بالدفوع المبنية علي علاقاتهم الشخصية
بالمظهر ما لم يكن قصد الحامل وقت حصوله علي الكمبيالة الاضرار بالمدين» وتكون حماية
الحامل في هذا الشان في حدود دينه المضمون بالرهن.

64
مادة )4001(
-1 التظهير اللاحق لميعاد الاستحقاق ينتج اثار التظهير السابق عليه: اما التظهير اللاحق
لاحتجاج عدم الوفاء فلا ينتج الا اثار حوالة الحق.
-1 يفترض في التظهير الخالي من التاريخ انه حصل قبل انقضاء الميعاد المحدد لعمل الاحتجاج
مالم يثبت غير ذلك.
""- مقابل الوفاء
مادة )401051(
علي ساحب الكمبيالة او من سحبت لحسابه ان يوجد لدي المسحوب عليه مقابل وفايها ويسال
الساحب لحساب غيره قبل مظهري الكمبيالة وحاملها دون غيرهم عن ايجاد مقابل الوفاء.
مادة )4015(
يعتبر مقابل الوفاء موجودا اذا كان المسحوب عليه مدينا للساحب او للاامر بالسحب في ميعاد
استحقاق الكمبيالة بمبلغ من النقود مستحق الاداء ومساو بالاقل لمبلغ الكمبيالة.
مادة )419(
-1 يعتبر قبول الكمبيالة قرينة علي وجود مقابل الوفاء لدي القابل» ولا يجوز نقض هذه القرينة
في علاقة المسحوب عليها بالحامل.
؟- وعلي الساحب وحده ان يثبت في حالة الانكار سواء حصل قبول الكمبيالة ام لم يحصل ان
المسحوب عليه كان لديه مقابل الوفاء في ميعاد الاستحقاق فاذا لم يثبت ذلك كان ضامنا للوفاء
ولو عمل الاحتجاج بعد الميعاد المحدد قانوناء فاذا اثبت الساحب وجود المقابل واستمرار
وجوده حتي الميعاد الذي كان يجب فيه عمل الاحتجاج بريت ذمته بمقدار هذا المقابل ما لم
يكن قد استعمل في مصلحته.
مادة )4015(
-1 تنتقل ملكية مقابل الوفاء بحكم القانون الي حملة الكمبيالة المتعاقبين.
؟- واذا كان مقابل الوفاء اقل من قيمة الكمبيالة كان للحامل علي هذا المقابل الناقص جميع
الحقوق المقررة له علي المقابل بالكامل» ويسري هذا الحكم اذا كان مقابل الوفاء دينا متنازعا
عليه او غير حال عند استحقاق الكمبيالة.
مادة )40165(
علي الساحبء ولو عمل الاحتجاج بعد الميعاد المحدد له قانوناء ان يسلم حامل الكمبيالة المستندات
اللازمة للحصول علي مقابل الوفاء؛» الموجود علي وجه صحيح لدي المسحوب عليه.
مادة )415(
اذا افلس الساحب ولو قبل حلول ميعاد استحقاق الكمبيالة فللحامل دون غيره من دايني الساحب استيفاء
حقه من مقابل الوفاء الموجود علي وجه صحيح لدي المسحوب عليه.
مادة )411/(
-1 اذا افلس المسحوب عليه وكان مقابل الوفاء دينا في ذمته للساحب دخل هذا الدين في
موجودات التفليسة.
؟- اما اذا كان للساحب لدي المسحوب عليه بضايع او اوراق تجارية او اوراق مالية او غير ذلك
من الاموال التي يجوز استردادها طبقا لاحكام الافلاس وكانت هذه الاموال مخصصة صراحة
او ضمنا لوفاء الكمبيالة فللحامل الاولوية في استيفاء حقه في قيمتها.
65
مادة 401/1
1 نا سحبت عدة كمبيالات علي مقابل وفا. واحد لا يكفي لوفايها كلها فيراعي ترتيب تواريد
سحبها فيما يتعلق بحقوق حامليها في استيفاء ديونهم من مقابل الوفاء المذكورء ويكون حامل
الكمبيالة السابق تاريخها علي تواريخ الكمبيالات الاخري مقدما علي غيره.
-1 فاذا سحبت الكمبيالات في تاريخ واحد قدمت الكمبيالة التي تحمل قبول المسحوب عليه.
'- واذا لم تحمل اية كمبيالة قبول المسحوب عليه قدمت الكمبيالة التي خصص لها مقابل الوفاء.
5- اما الكمبيالات التي تشتمل علي شرط عدم القبول فتاتي في المرتبة الاخيرة.
4 - القبول
مادة )40105(
يجوز لحامل الكمبيالة ولكل حايز لها حتي ميعاد الاستحقاق تقديمها الي المسحوب عليه في موطنه
لقبولها.
مادة )401(
-1 يجوز لساحب الكمبيالة ان يشترط تقديمها للقبول في ميعاد يحدده او بغير تحديد ميعاد.
؟- وللساحب ان يشترط عدم تقديم الكمبيالة للقبول» ومع ذلك لا يجوز وضع هذا الشرط اذا كانت
الكمبيالة مستحقة الدفع عند شخص اخر غير المسحوب عليه او كانت مستحقة الوفاء في محل
اخر غير المحل الذي يوجد فيه موطن المسحوب عليه او كانت مستحقة الدفع بعد مدة معينة
من الاطلاع عليها.
؟- وللساحب ان يشترط ايضا عدم تقديم الكمبيالة للقبول قبل ميعاد معين.
4- ولكل مظهر ان يشترط تقديم الكمبيالة للقبول في ميعاد يحدده او بغير تحديد ميعاد» ما لم يكن
الساحب قد اشترط عدم تقديمها للقبول.
مادة )4111(
-1 الكمبيالة المستحقة الوفاء بعد مضي مدة معينة من الاطلاع عليها يجب تقديمها للقبول خلال
سنة من تاريخها. 0
؟- وللساحب تقصير هذا الميعاد او اطالته.
مادة )415(
-1 يجوز للمسحوب عليه ان يطلب تقديم الكمبيالة للقبول مرة ثانية في اليوم التالي للتقديم الاول»
ولا يقبل من ذوي المصلحة الادعاء بان هذا الطلب قد رفض الا اذا ذكر في الاحتجاج.
؟- ولا يلزم حامل الكمبيالة المقدمة للقبول بالتخلي عنها للمسحوب عليه.
مادة )4117(
-1 يكتب القبول علي الكمبيالة نفسهاء ويودي بلفظ ""مقبول"" او باية عبارة اخري تفيد معناه
ويوقعه المسحوب عليه.
""- ويعتبر قبولا مجرد وضع المسحوب عليه توقيعه علي صدر الكمبيالة.
؟- فاذا كانت الكمبيالة مستحقة الوفاء بعد مدة معينة من الاطلاع عليها او كانت واجبة التقديم
للقبول في مدة معينة بناء علي شرط خاصء وجب بيان تاريخ القبول باليوم الذي وقع فيه الا
اذا اوجب الحامل بيان تاريخ القبول بيوم تقديم الكمبيالة» فاذا خلا القبول من التاريخ جاز
للحامل- حفاظا علي حقوقه في الرجوع علي المظهرين وعلي الساحب- اثبات عدم وجود
التاريخ باحتجاج يعمل في وقت يكون فيه مجديا.
66
مادة )415(
-1 يجب ان يكون القبول غير معلق علي شرطء ومع ذلك يجوز للمسحوب عليه قصره علي جزء
من مبلغ الكمبيالة.
""- وكل تعديل اخر لبيانات الكمبيالة يقع في صيغة القبول يعتبر رفضا للقبول» ومع ذلك يبقي
القابل ملزما بما تضمنته صيغة قبوله.
مادة )41165(
-1 اذا عين الساحب في الكمبيالة محلا للوفاء غير موطن المسحوب عليه دون ان يعين اسم
الشخص الذي يجب الوفاء عنده جاز للمسحوب عليه تعيينه عند القبول» فاذا لم يعينه اعتبر
المسحوب عليه القابل ملزما بالدفع في مكان الوفاء.
عنوانا في نفس الجهة التي بها موطنه ليقع فيه الوفاء.
مادة )4115(
-1 اذا قبل المسحوب عليه الكمبيالة صار ملزما بوفاء قيمتها في ميعاد استحقاقها.
""- * وفي حالة عدم الوفاء يكون للحامل ولو كان هو الساحب نفسه مطالبة المسحوب عليه القابل
بدعوي مباشرة ناشية عن الكمبيالة بكل ما تجوز المطالبة به بموجب المادتين 57 5» 5455 من
هذا القانون.
مادة )4111/(
-1 اذا شطب المسحوب عليه قبوله المكتوب علي الكمبيالة قبل ردها اعتبر القبول مرفوضا
ويعتبر الشنطب حاصلا قبل رد الكمبيالة ما لم يثبت العكس.
؟- ومع ذلك اذا اخطر المسحوب عليه الحامل او اي موقع اخر كتابة بقبوله التزم قبلهم في حدود
هذا القبول.
5 الضمان الاحتياطي
مادة )4118(
-1 يجوز ضمان وفاء مبلغ الكمبيالة كله او بعضه من ضامن احتياطي.
-1 ويكون هذا الضمان من اي شخص ولو كان ممن وقعوا الكمبيالة.
مادة )4119(
-1 يكتب الضمان الاحتياطي علي الكمبيالة او علي وصلة.
-1 ويودي الضمان بعبارة ""للضمان الاحتياطي"" او باية عبارة اخري تفيد هذا المعني ويوقعه
الضامن.
'""'- ويستفاد هذا الضمان من مجرد توقيع الضامن علي صدر الكمبيالة ما لم يكن هذا التوقيع
صادرا من المسحوب عليه او من الساحب.
5- يذكر في الضمان اسم المضمونء والا اعتبر الضمان حاصلا للساحب.
مادة )451(
-1 يلتزم الضامن الاحتياطي بالكيفية التي التزم بها المضمون.
؟- ويكون التزام الضامن الاحتياطي صحيحا ولو كان الالتزام الذي ضمنه باطلا لاي سبب اخر
غير عيب في الشكل.
* مصصحة بالاستدراك المنشور بالجريدة الرسمية- العدد 0 (مكرر) في 1599/9/517.
67
؟- واذا اوفي الضامن الاحتياطي الكمبيالة الت اليه الحقوق الناشية عنها قبل كل ملتزم بمقتضي

كمبيالة تجاه المضمون.
5- الاستحقاق
مادة (11؟4)
-1 يجوز سحب الكمبيالة مستحقة الوفاء:
(ا) لدي الاطلاع.
(ب) بعد مدة معينة من الاطلاع.
1ج( بعد مدة معينة من تاريخ اصدارها.
(د) في تاريخ معين.

؟- الكمبيالات المشتملة علي مواعيد استحقاق غير المذكورة في الفقرة السابقة او علي مواعيد

استحقاق متعاقبة تكون باطلة. 1
مادة (5؟4)

-1 الكمبيالة المستحقة الوفاء لدي الاطلاع تكون واجبة الوفاء بمجرد تقديمهاء ويجب ان تقدم
للوفاء خلال سنة من تاريخ اصدارهاء وللساحب تقصير هذا الميعاد او اطالته وللمظهرين
تفصيره.

3 للساحب ان يشترط عدم تقديم الكمبيالة المستحقة الوفاء لدي الاطلاع قبل انقضاء اجل معين»
وفي هذه الحالة يحسب ميعاد التقديم ابتداء من حلول هذا الاجل.

مادة (7؟4)

-1 يبدا ميعاد استحقاق الكمبيالة الواجبة الوفاء بعد مدة من الاطلاع من تاريخ القبول او من تاريخ
الاحتجاج.

؟- فاذا لم يعمل الاحتجاج اعتبر القبول غير المورخ حاصلا بالنسبة الي القابل في اليوم الاخير
من الميعاد المقرر لتقديم الكمبيالة للقبول.

مادة (14؟4)

-1 الكمبيالة المسحوبة لشهر او لعدة شهور من تاريخ اصدارها او من تاريخ الاطلاع عليها يكون
هذا الشهر كان الاستحقاق في اليوم الاخير منه.

؟- واذا سحبت الكمبيالة لشهر ونصف شهر او لعدة شهور ونصف شهر من تاريخ اصدارها او
من تاريخ الاطلاع عليهاء وجب البدء بحساب الشهور كاملة.

""- واذا كان الاستحقاق في اول الشهر او في منتصفه او في اخره كان المقصود اليوم الاول او
الخامس عشر او الاخير من الشهر.

5 - وتعني عبارة ""نصف شهر"" خمسة عشر يوما.

مادة (5؟4)

-1 اذا كانت الكمبيالة مستحقة الوفاء في تاريخ معين وفي مكان يختلف فيه التقويم عن تقويم مكان
اصدارها اعتبر تاريخ الاستحقاق محددا وفقا لتقويم مكان الوفاء.

""- واذا سحبت الكمبيالة بين مكانين مختلفي التقويم وكانت مستحقة الوفاء بعد مدة معينة من
تاريخ اصدارها وجب ارجاع تاريخ اصدارها الي اليوم المقابل في تقويم مكان الوفاء ويحدد
ميعاد الاستحقاق وفقا لذلك.

؟- يحسب ميعاد تقديم الكمبيالات وفقا للاحكام المقررة في الفقرة السابقة.

5- ولا تسري هذه الاحكام اذا اتضح من شروط الكمبيالة او بياناتها اتجاه القصد الي اتباع احكام
اخري.

68
- الوفاء
مادة (5؟4)

-1 علي حامل الكمبيالة المستحقة الوفاء في تاريخ معين او بعد مدة معينة من تاريخ اصدارها او
من تاريخ الاطلاع عليها ان يقدمها للوفاء في يوم استحقاقها او في احد يومي العمل التاليين
لهذا اليوم.

؟- يعتبر تقديم الكمبيالة الي احدي غرف المقاصة المعترف بها قانونا في حكم تقديمها للوفاء.

مادة (/1؟4)

-1 اذا اوفي المسحوب عليه الكمبيالة جاز له استردادها من حاملها موقعا عليها بما يفيد الوفاء.

-1 لا يجوز لحامل الكمبيالة ان يمتنع عن قبول الوفاء الجزيي.

“""- واذا كان الوفاء جزييا جاز للمسحوب عليه ان يطلب اثباته علي الكمبيالة واعطاءه مخالصة
به.

5 - وتبرا ذمة الساحب والمظهرين وغيرهم من الملتزمين في الكمبيالة بقدر ما يدفع من قيمتهاء
وعلي حاملها عمل الاحتجاج عن القدر غير المدفوع.

مادة (8؟4)

-1 لا يجبر حامل الكمبيالة علي قبض قيمتها قبل ميعاد الاستحقاق.

؟- واذا اوفي المسحوب عليه قبل ميعاد الاستحقاق تحمل تبعة ذلك.

'""'- وفاء الكمبيالة في ميعاد الاستحقاق دون معارضة صحيحة يبري ذمة الموفي الا اذا وقع منه
غش او خطا جسيمء وعليه ان يستوثق من انتظام تسلسل التظهيرات ولكنه غير ملزم بالتحقق
من صحة توقيعات المظهرين.

مادة (9؟4)
صرف محياء وجب الوفاء في مصر بهذه العملة الا اذا نص في الكمبيالة علي جواز الوفاء
بقيمتها بالعملة الوطنية حسب سعر البيع او الاقفال او التحويلات لدي البنك المركزي
المصري او حسب سعر البنكنوت اذا لم يعلن البنك المركزي سعر تحويلات لعملة الكمبيالة»
وذلك في يوم الاستحقاق فاذا لم يتم الوفاء في هذا اليوم كان لحاملها الخيار بين المطالبة بمبلغ
الكمبيالة مقوما بالعملة الوطنية حسب السعر المشار اليه يوم الاستحقاق او يوم الوفاء.

؟- اذا عين مبلغ الكمبيالة بعملة تحمل تسمية مشتركة وتختلف قيمتها في بلد الاصدار عن قيمتها
في بلد الوفاء افترض ان المقصود عملة بلد الوفاء.

مادة (0""7؛)

-1 اذا لم تقدم الكمبيالة للوفاء في يوم الاستحقاق جاز لكل مدين بها ايداع مبلغها خزانة المحكمة
التي يقع في دايرتها مكان الوفاءء» ويكون الايداع علي نفقة الحامل وتحت مسيوليته.

3 يسلم قلم كتاب المحكمة المودع وثيقة يذكر فيها ايداع المبلغ ومقداره وتاريخ اصدار الكمبيالة

""- فاذا طالب الحامل المدين بالوفاء وجب علي المدين تسليم وثيقة الايداع اليه مقابل تسليم
الكمبيالة منه موشرا عليها بوقوع الوفاء بموجب وثيقة الايداع» وللحامل قبض المبلغ من قلم
كتاب المحكمة بموجب هذه الوثيقة» فاذا لم يسلم المدين وثيقة الايداع الي الحامل وجب عليه
وفاء قيمة الكمبيالة له.

مادة )4""11(
لا يقبل الاعتراض علي وفاء الكمبيالة الا في حالة ضياعها او افلاس حاملها او الحجر عليه
69
45571 مادة

-1 اذا ضاعت كمبيالة غير مقبولة وكانت مور لمن عدة نسخ جاز لمستحق قيمتها ان يطالب
بالوفاء بموجب احدي النسخ الاخري.

-1 واذا كانت الكمبيالة محررة من عدة نسخ وضاعت النسخة التي تحمل صيغة القبول فلا تجوز
المطالبة بوفايها بموجب احدي النسخ الاخري الا بامر من القاضي المختص وبشرط تقديم

مادة (9:” 4)
يجوز لمن ضاعت منه كمبيالة- مقبولة او غير مقبولة- ولم يتمكن من تقديم احدي النسخ الاخري ان
يستصدر امرا من القاضي المختص بوفايها بشرط ان يثبت ملكيته لها وان يقدم كفيلا.

مادة (4*""5)

-1 في حالة الامتناع عن وفاء قيمة الكمبيالة الضايعة بعد المطالبة بها وفقا لاحكام الفقرة الثانية
من المادة 577 واحكام المادة 577 من هذا القانون يجب علي مالكها للمحافظة علي حقوقه ان
يثبت ذلك في احتجاج يحرره في اليوم التالي لميعاد الاستحقاق ويعلنه للساحب والمظهرين
بالطريقة وفي المواعيد المقررة في المادة 550 من هذا القانون.

؟""- ويجب تحرير الاحتجاج في الميعاد المذكور في الفقرة السابقة ولو تعذر استصدار امر القاضي
في الوقت المناسب.

مادة (7”5؛)

-1 يجوز لمالك الكمبيالة الضايعة الحصول علي نسخة منهاء ويكون ذلك بالرجوع الي من ظهر
اليه الكمبيالة» ويلتزم هذا المظهر بمعاونته والاذن له باستعمال اسمه في مطالبة المظهر
السابق» ويرقي المالك في هذه المطالبة من مظهر الي مظهر حتي يصل الي الساحب.

-1 ويلتزم كل مظهر بكتابة تظهيره علي نسخة الكمبيالة المسلمة من الساحب بعد التاشير عليها
بما يفيد انها بدل فاقد.

""- ولا يجوز طلب الوفاء بموجب هذه النسخة الا بامر من القاضي المختص وبشرط تقديم كفيل.

5- وتكون جميع المصروفات علي مالك الكمبيالة الضايعة.

مادة (7""5؛)
الوفاء في ميعاد الاستحقاق بناء علي امر القاضي في الاحوال المشار اليها في المواد السابقة يبري ذمة
0 بي اشني ٍ

مادة (/471)
ينقضي التزام الكفيل المنصوص عليه في الفقرة الثانية من المادة 577 والمادتين 7؟5؛: 455 من هذا
القانون بمضي ثلاث سنوات اذا لم تحصل خلالها مطالبة او دعوي.

- الرجوع

مادة (8""؛)

-1 لحامل الكمبيالة عند عدم وفايها في ميعاد الاستحقاق الرجوع علي المظهرين والساحب
وغيرهم من الملتزمين لها. 1

-1 ويجوز للحامل الرجوع قبل ميعاد الاستحقاق في الاحوال الاتية:

(ا) الامتناع الكلي او الجزيي عن القبول.
0
(ب)افلاس المسحوب عليه قابلا كان للكمبيالة او غير قابل» او توقفه عن الدفع ولو لم يثبت
بحكم؛ او الحجز علي امواله حجزا غير مجد.
(ج) افلاس ساحب الكمبيالة المشروط فيها عدم تقديمها للقبول.

""- ويجوز لكل ضامن عند الرجوع عليه قبل ميعاد الاستحقاق في الحالات المبينة في البندين ب»
ج من الفقرة السابقة ان يقدم الي القاضي المختص بالمحكمة التي يقع في دايرتها موطنه
وخلال ثلاثة ايام من تاريخ الرجوع عليه عريضة بطلب منحة مهلة للوفاء» فاذا راي القاضي
مبررا لمنح المهلة حدد في امره الميعاد الذي يجب فيه الوفاء بشرط الا يجاوز التاريخ المعين
للاستحقاق» ويكون هذا الامر نهاييا.

مادة (47*9)

-1 يكون اثبات الامتناع عن قبول الكمبيالة او عن وفايها باحتجاج عدم القبول او احتجاج عدم
الوفاء.

-1 * يجب عمل احتجاج عدم القبول في المواعيد المحددة لتقديم الكمبيالة للقبول» فاذا وقع التقديم
الاول للقبول وفقا للفقرة الاولي من المادة 511 من هذا القانون في اليوم الاخير من الميعاد
المحدد للتقديم» جاز عمل الاحتجاج في اليوم التالي.

""- يجب عمل احتجاج عدم الوفاء عن الكمبيالة المستحقة الوفاء في يوم معين او بعد مدة معينة
من تاريخ اصدارها او من تاريخ الاطلاع عليها خلال ايام العمل الاربعة التالية ليوم
الاستحقاق. واذا كانت الكمبيالة مستحقة الوفاء لدي الاطلاع وجب عمل احتجاج عدم الوفاء
وفقا للشروط المبينة بالفقرة السابقة بشان احتجاج عدم القبول.

5- في حالة توقف المسحوب عليه عن الدفع سواء كان قابلا للكمبيالة او غير قابل» او توقيع حجز
غير مجد علي امواله» لا يجوز لحامل الكمبيالة الرجوع علي الضامنين الا بعد تقديم الكمبيالة
للمسحوب عليه لوفايها وبعد عمل احتجاج عدم الوفاء.

5- في حالة شهر افلاس المسحوب عليه» سواء كان قابلا للكمبيالة او غير قابل» وكذلك في حالة
شهر افلاس ساحب الكمبيالة المشروط عدم تقديمها للقبول يكون تقديم حكم شهر الافلاس كافيا
لتمكين الحامل من استعمال حقوقه في الرجوع علي الضامنين.",14263
commerce_17_1999,قانون التجارة,17,1999,44,مادة 44,general,False,,71,72,"-1 علي حامل الكمبيالة ان يخطر من ظهرها له والساحب بعدم قبولها او بعدم وفايها خلال ايام
العمل الاربعة التالية ليوم عمل الاحتجاج او ليوم تقديم الكمبيالة للقبول او للوفاء اذا اشتملت
علي شرط الرجوع بلا مصاريف. وعلي كل مظهر خلال يومي العمل التاليين ليوم تسلمه
الاخطار ان يخطر بدوره من ظهر له الكمبيالة بتسلمه هذا الاخطار مبينا له اسماء من قاموا
بالاخطارات السابقة وعناوينهم» وهكذا من مظهر الي مظهر حتي الساحبء ويبدا الميعاد
بالنسبة الي كل مظهر من التاريخ الذي تسلم فيه الاخطار من المظهر السابق عليه.

؟- ومتي اخطر احد الموقعين علي الكمبيالة طبقا للفقرة السابقة وجب ايضا اخطار ضامنه
الاحتياطي في الميعاد ذاته.

""'- اذا لم يبين احد المظهرين عنوانه او بينه بطريقة مجهله او غير مقروءة اكتفي باخطار المظهر
السابق عليه.

5- ولمن وجب عليه الاخطار ان يقوم به بخطاب مسجل او ببرقية او تلكس او فاكس او باية
طريقة اخري ولو برد الكمبيالة ذاتهاء وعليه اثبات قيامه بالاخطار في الميعاد المقرر له»
ويعتبر الميعاد مرعيا اذا سلم الخطاب المسجل او البرقية الي ادارة البريد او البرق في الميعاد
المذكور.

5 لا تسقط حقوق من وجب عليه الاخطار اذا لم يقم به في الميعاد المقرر له وانما يلزمه عند
الاقتضاء تعويض الضرر المترتب علي اهماله بشرط الا يجاوز التعويض مبلغ الكمبيالة.

“مصححة بالاستدراك المنشور بالجريدة الرسمية- العدد 8"" (مكرر) في.119199/9//707
71
)4411( مادة

-1 للساحب ولكل مظهر او ضامن احتياطي ان يعفي الحامل من عمل احتجاج عدم القبول او
احتجاج عدم الوفاء عند استعمال حقه في الرجوع اذا كتب علي الكمبيالة شرط ""الرجوع بلا
مصاريف"" او ""بدون احتجاج"" او اي شرط اخر يفيد هذا المعني ووقع الشرط.

-1 ولا يعفي هذا الشرط الحامل من تقديم الكمبيالة في المواعيد المقررة ولا من عمل الاخطارات
اللازمة» وعلي من يتمسك تجاه الحامل بعدم مراعاة هذه المواعيد اثبات ذلك. 1 1

3 اذا كتب الساحب شرط الرجوع بلا مصاريف؛ سرت اثاره علي كل الموقعين اما اذا كتبه احد
المظهرين او الضامنين الاحتياطيين»ء سرت اثاره عليه وحده.

ع واذا كان الساحب هو الذي وضع الشرط وعمل الحامل احتجاجا رغم ذلك تحمل وحده
المصاريفء اما اذا كان الشرط صادرا من مظهر او ضامن احتياطي جاز الرجوع علي جميع
الموقعين الاخرين بمصاريف الاحتجاج ان عمل.",1963
commerce_17_1999,قانون التجارة,17,1999,447,مادة 447,mandatory,False,,72,72,"-1 الاشخاص الملتزمون بموجب كمبيالة مسيولون بالتضامن قبل حاملها.

-1 ولحامل الكمبيالة الرجوع علي هولاء الملتزمين منفردين او مجتمعين دون ان يلزم بمراعاة
ترتيب التزاماتهم.

""- ويثبت هذا الحق لكل موقع علي الكمبيالة اذا دفع قيمتها.

:- الدعوي المقامة علي احد الملتزمين لا تحول دون الرجوع علي الباقين ولو كانوا لاحقين
للملتزم الذي وجهت اليه الدعوي ابتداء.",349
commerce_17_1999,قانون التجارة,17,1999,4437,مادة 4437,mandatory,False,,72,72,"لحامل الكمبيالة مطالبة من له حق الرجوع عليه بما ياتي:-

(ا) اصل مبلغ الكمبيالة غير المقبولة او غير المدفوعة مع العايد المتفق عليه.

(ب) العايد محسوبا وفقا للسعر الذي يتعامل به البنك المركزي وذلك ابتداء من يوم الاستحقاق.

(ج) مصاريف الاحتجاج والاخطارات والدمغة وغيرها.

(د) في احوال الرجوع قبل ميعاد استحقاق الكمبيالة يجب ان يستنزل من قيمتها ما يساوي سعر",353
commerce_17_1999,قانون التجارة,17,1999,444,مادة 444,optional,False,,72,72,"يجوز لمن اوفي الكمبيالة مطالبة ضامنيه بما ياتي:

(ا) المبلغ الذي اوفاه.

1ب عايد هذا المبلغ محسوبا من يوم الوفاء وفقا للسعر الذي يتعامل به البنك المركزي.

(ج) المصاريف التي تحملها.",180
commerce_17_1999,قانون التجارة,17,1999,445,مادة 445,general,False,,72,72,"-1 لكل ملتزم طولب بكمبيالة علي وجه الرجوع او كان مستهدفا للمطالبة بها ان يطلب في حالة
قيامه بالوفاء تسليم الكمبيالة اليه ومعها الاحتجاج ومخالصة بما وفاه.

-1 ولكل مظهر اوفي الكمبيالة ان يشطب تظهيره والتظهيرات اللاحقة له.",220
commerce_17_1999,قانون التجارة,17,1999,445,مادة 445,optional,False,,72,73,"في حالة الرجوع بعد قبول جزيي يجوز لمن اوفي القدر غير المقبول من قيمة الكمبيالة ان يطلب اثبات
هذا الوفاء علي الكمبيالة وتسليمه مخالصة به» ويجب علي الحامل فضلا عن ذلك ان يسلمه صورة
طبق الاصل من الكمبيالة موقعا عليها منه وان يسلمه الاحتجاج تمكينا له من استعمال حقه في الرجوع
علي غيره.
12
مادة (/4 4

-1 تسقط حقوق حامل الكمبيالة قبل المظهر ان والساحب وغيرهم من الملتزمين ما عدا القابل
بمضي المواعيد المعينة لاجراء ما يلي:-

(ا) تقديم الكمبيالات المستحقة الوفاء لدي الاطلاع او بعد مدة معينة من الاطلاع.
(ب)عمل احتجاج عدم القبول او احتجاج عدم الدفع.
(ج) تقديم الكمبيالة للوفاء في حالة اشتمالها علي شرط الرجوع بلا مصاريف.

-1 ومع ذلك لا يفيد الساحب من هذا السقوط الا اذا اثبت انه اوجد مقابل الوفاء في ميعاد
الاستحقاق» وفي هذه الحالة لا يبقي للحامل الا الرجوع علي المسحوب عليه.

""- واذا لم تقدم الكمبيالة للقبول في الميعاد الذي اشترطه الساحب سقطت حقوق الحامل في
الرجوع بسبب عدم القبول وعدم الوفاء علي السواء الا اذا تبين من عبارة الشرط ان الساحب
لم يقصد منه سوي اعفاء نفسه من ضمان القبول وحده.

ع اذا كان المظهر هو الذي اشترط في التظهير ميعادا لتقديم الكمبيالة للقبول» فله وحده الافادة
من هذا الشرط.",1091
commerce_17_1999,قانون التجارة,17,1999,448,مادة 448,general,False,,73,73,"-1 اذا حالت قوة قاهرة دون تقديم الكمبيالة او عمل الاحتجاج في المواعيد المقررة لذلك امتدت
هذه المواعيد.

؟- وعلي الحامل ان يخطر دون ابطاء من ظهر له الكمبيالة بالقوة القاهرة وان يثبت هذا الاخطار",192
commerce_17_1999,قانون التجارة,17,1999,550,مادة 550,general,False,,73,73,"من
هذا القانون.

'- وعلي الحامل بعد زوال القوة القاهرة تقديم الكمبيالة للقبول او للوفاء دون ابطاء ثم عمل
الاحتجاج عند الاقتضاء.

:- اذا استمرت القوة القاهرة لاكثر من ثلاثين يوما محسوبة من يوم الاستحقاق جاز الرجوع
علي الملتزمين دون حاجة الي تقديم الكمبيالة او عمل الاحتجاج.

5 اذا كانت الكمبيالة مستحقة الوفاء لدي الاطلاع او بعد مدة معينة من الاطلاع سري ميعاد
الثلاثين يوما من التاريخ الذي اخطر فيه الحامل من ظهر له الكمبيالة بالقوة القاهرة ولو وقع
هذا التاريخ قبل انتهاء مواعيد تقديم الكمبيالة. وتزاد مدة الاطلاع علي ميعاد الثلاثين يوما اذا
كانت الكمبيالة مستحقة الوفاء بعد مدة معينة من الاطلاع عليها.

7- لا يعتبر من القوة القاهرة الامور المتصلة بشخص حامل الكمبيالة او بمن كلفه بتقديمها او
بعمل الاحتجاج.",705
commerce_17_1999,قانون التجارة,17,1999,445,مادة 445,optional,False,,73,74,"يجوز لحامل الكمبيالة المعمول عنها احتجاج عدم الوفاء ان يوقع حجزا تحفظيا بغير كفالة علي اموال
كل من الساحب او القابل او المظهر او الضامن الاحتياطي او غيرهم من الملتزمين بالكمبيالة مع
مراعاة الاحكام المقررة في قانون المرافعات المدنية والتجارية.
4- التدخل
اولاء احكام عامة
مادة )4500(

-1 لساحب الكمبيالة او مظهرها او ضامنها الاحتياطي ان يعين شخصا ليقبلها او لوفاء قيمتها عند
الاقتضاء. 1

؟- ويجوز قبول الكمبيالة او وفاوها من شخص يتدخل لمصلحة اي مدين بها يكون مستهدفا
للرجوع عليه, وذلك مع مراعاة الشروط المنصوص عليها في المواد التالية.

13
""- يجوز ان يكون المتدخل من الغير ولو كانت المسحوب عليه غير القابل» كما يجوز ان يكون
المتدخل اي شخص ملتزم بالكمبيالة ما عدا المسحوب عليه بالقابل.

5- ويجب علي المتدخل ان يخطر من وقع التدخل لمصلحته خلال يومي العمل التاليين والا كان
مسيولا عند الاقتضاء عن تعويض ما يترتب علي اهماله من ضرر بشرط الا يجاوز
التعويض مبلغ الكمبيالة.

ثانيا: القبول بالتدخل
مادة )4511(

-1 يجوز القبول بالتدخل في جميع الاحوال التي يكون فيها لحامل كمبيالة جايزة القبول» حق
الرجوع قبل ميعاد استحقاقها.

-1 اذا عين في الكمبيالة من يقبلها او يوفي قيمتها عند الاقتضاء في مكان وفايها فليس للحامل ان
يرجع قبل ميعاد استحقاقها علي من صدر عنه هذا التعيين ولا علي الموقعين اللاحقين له الا
اذا قدم الكمبيالة الي من عين لقبولها او لوفايها وامتنع هذا الشخص عن قبولها واثبت الحامل
هذا الامتناع باحتجاج.

'- وللحامل في الاحوال الاخري رفض القبول بالتدخل؛ فاذا قبله فقد حقوقه في الرجوع قبل ميعاد
الاستحقاق من حصل التدخل لمصلحته وعلي الموقعين اللاحقين له.

مادة (؟55؛4)
يذكر القبول بالتدخل علي الكمبيالة ويوقعه المتدخل ويبين فيه اسم من حصل التدخل لمصلحته» فاذا
خلا القبول بالتدخل من هذا البيان الاخير اعتبر حاصلا لمصلحة الساحب.",1619
commerce_17_1999,قانون التجارة,17,1999,4539,مادة 4539,mandatory,False,,74,74,"-1 يلتزم القابل بالتدخل قبل حامل الكمبيالة والمظهرين اللاحقين لمن حصل التدخل لمصلحته
بالاوجه التي يلتزم بها هذا الاخير.

؟- يجوز لمن حصل التدخل لمصلحته ولضامنيه علي الرغم من حصول القبول بالتدخل ان
يلزموا الحامل في مقابل وفاء المبالغ المنصوص عليها في المادة 451 من هذا القانون بتسليم
الكمبيالة والاحتجاج وتقديم مخالصة بقبض المبالغ المذكورة.

ثالثا: الوفاء بالتدخل",362
commerce_17_1999,قانون التجارة,17,1999,454,مادة 454,mandatory,False,,74,75,"-1 يجوز وفاء الكمبيالة بالتدخل في جميع الاحوال التي يكون فيها لحاملها عند حلول ميعاد
الاستحقاق او قبل حلوله حق الرجوع علي الملتزمين بها.

-1 ويكون هذا الوفاء باداء كل المبلغ الذي كان يجب علي من حصل التدخل لمصلحته اداوه.

""- ويجب ان يقع الوفاء علي الاكثر في اليوم الثالث لاخر يوم يجوز فيه عمل احتجاج عدم
الوفاء.

مادة (هه؛)

-1 اذا كان لمن قبلوا الكمبيالة بالتدخل او لمن عينوا لوفايها عند الاقتضاء موطن في مكان الوفاء
وجب علي الحامل تقديم الكمبيالة لهولاء الاشخاص جميعا لوفايها وعليه ان يقوم بعمل احتجاج
عدم الوفاء اذا لزم الحال في اليوم التالي علي الاكثر لاخر يوم يجوز فيه عمل هذا الاحتجاج.

-1 واذا لم يعمل الاحتجاج في هذا الميعاد بريت ذمة من عين الموفي عند الاقتضاء او من حصل
قبوله الكمبيالة بالتدخل لمصلحته» وكذلك تبرا ذمة المظهرين اللاحقين لهذا الشخص.

74
مادة (كه4
اذا رفض حامل الكمبيانة الوفاء بالتدخل فق حنه في الرجوع علي كل من كانت ذمته تبرا بهذا
الوفاء.

مادة (لاه؛4)

-1 يجب بيان الوفاء بالتدخل بكتابة مخالصة علي الكمبيالة يعين فيها من حصل الوفاء لمصلحته:
فاذا خلت المخالصة من هذا البيان اعتبر الوفاء بالتدخل حاصلا لمصلحة الساحب.

-1 يجب تسليم الكمبيالة والاحتجاج ان عمل للموفي بالتدخل.

مادة (8/ه45)

-1 يكتسب من اوفي كمبيالة بطريق التدخل جميع الحقوق الناشية عنها قبل من حصل الوفاء
لمصلحته وقبل الملتزمين تجاه هذا الشخص بموجب الكمبيالة» ومع ذلك لا يجوز للموفي
بالتدخل تظهير الكمبيالة من جديد.

؟- وتبرا ذمة المظهرين اللاحقين لمن حصل الوفاء لمصلحته.

""- اذا تزاحم عدة اشخاص علي الوفاء بالتدخل فضل من يترتب علي الوفاء منه ابراء اكبر عدد
من الملتزمين. ومن يتدخل للوفاء بالمخالفة لهذه القاعدة مع علمه بذلك يفقد حقه في الرجوع
علي من كانت ذمته تبرا ولو روعيت القاعدة.

0 تعدد النسخ",1586
commerce_17_1999,قانون التجارة,17,1999,459,مادة 459,mandatory,False,,75,75,"-1 يجوز سحب الكمبيالة من نسخ متعددة يطابق بعضها بعضا.

-1 ويجب ان يوضع في متن كل نسخة رقمها وعدد النسخ التي حررت منها والا اعتبرت كل
نسخة كمبيالة قايمة بذاتها.

؟- لكل حامل كمبيالة غير مذكور فيها انها سحبت من نسخة وحيدة ان يطلب نسخا منها علي
نفقته. ويجب عليه تحقيقا لذلك ان يلجا الي من ظهرها له الذي يلتزم بان يعاونه لدي المظهر
السابق» وهكذا حتي يرقي الي الساحب.

4- وعلي كل مظهر كتابة تظهيره علي النسخ الجديدة.",411
commerce_17_1999,قانون التجارة,17,1999,45,مادة 45,mandatory,False,,75,76,"-1 وفاء الكمبيالة بمقتضي احدي نسخها مبري للذمة ولو لم يكن مشروطا فيها ان هذا الوفاء يبطل
اثر النسخ الاخري» ومع ذلك يبقي المسحوب عليه ملتزما بالوفاء بمقتضي كل نسخة وقع
عليها بالقبول ولم يستردها. 0

؟- المظهر الذي ظهر نسخ الكمبيالة لاشخاص مختلفين وكذلك المظهرون اللاحقون له ملزمون
بمقتضي كل النسخ التي تحمل توقيعاتهم ولم يستردوها.

مادة )4511(
علي من ارسل احدي نسخ الكمبيالة لقبول ان يبين علي النسخ الاخري اسم الشخص الذي تكون تلك
النسخة في حيازته وعلي هذا الشخص ان يسلمها للحامل الشرعي لاية نسخة اخريء فاذا رفض
تسليمها فلا يكون للحامل حق الرجوع الا اذا عمل احتجاجا يذكر فيه:
(ا) ان النسخة التي ارسلت للقبول لم تسلم له رغم طلبه لها.
(ب)وان القبول او الوفاء لم يحصل بموجب نسخة اخري.
15
11 الصور
مادة (؟455)

-1 لحامل الكمبيالة ان يحرر صورا منها.

-1 يجب ان تكون الصور مطابقة تماما لاصل الكمبيالة وما تحمل من تظهيرات وبيانات اخري»
كما يجب ان يبين فيها الحد الذي ينتهي عنده النسخ من الاصل.

""- يجوز تظهير الصورة وضمانها احيتاطيا بالكيفية التي يجري بها تظهير او ضمان الاصل
وبالاثار نفسها.",981
commerce_17_1999,قانون التجارة,17,1999,451,مادة 451,general,False,,76,76,"-1 يبين في صورة الكمبيالة اسم حايز الاصلء وعلي هذا الحايز ان يسلم الاصل للحامل الشرعي
للصورة.:

؟- واذا امتنع حايز الاصل عن تسليمه فلا يكون لحامل الصورة حق الرجوع علي مظهريها او
ضامنيها الاحيتاطين الا اذا عمل احتجاجا يذكر فيه ان الاصل لم يسلم اليه بناء علي طلبه.

'""'- اذا كتب علي الاصل عقب التظهير الاخير الحاصل قبل عمل الصورة عبارة ""منذ الان لا
يصح التظهير الا علي الصورة"" او اية عبارة اخري تفيد هذا المعني» فكل تظهير يكتب علي
الاصل بعد ذلك يعتبر كان لم يكن.

1 التحريف",471
commerce_17_1999,قانون التجارة,17,1999,4554,مادة 4554,general,False,,76,76,"اذا وقع تحريف في متن الكمبيالة التزم الموقعون اللاحقون لهذا التحريف بما ورد في المتن المحرف.
اما الموقعون السابقون فيلزمون بما ورد في المتن الاصلي.
* التقادم",157
commerce_17_1999,قانون التجارة,17,1999,4565,مادة 4565,general,False,,76,76,"-1 تتقادم الدعاوي الناشية عن الكمبيالة تجاه قابلها بمضي ثلاث سنوات من تاريخ الاستحقاق.

3 وتتقادم دعاوي الحامل قبل المظهرين وقبل الساحب بمضي سنة من تاريخ الاحتجاج المحرر
في الميعاد القانوني او من تاريخ الاستحقاق اذا اشتملت الكمبيالة علي شرط الرجوع بلا
مصاريف.

ا وتتقادم دعاوي المظهرين قبل بعضهم البعض وقبل الساحب بمضي ستة اشهر من اليوم الذي
اوفي فيه المظهر الكمبيالة او من يوم اقامة الدعوي عليه.",396
commerce_17_1999,قانون التجارة,17,1999,455,مادة 455,general,False,,76,77,"-1 اذا اقيمت الدعوي فلا تسري مدد التقادم المنصوص عليها في المادة السابقة الا من تاريخ اخر

-1 كما لا يسري التقادم المذكور اذا صدر حكم بالدين او اقر به المدين في سند مستقل اقرارا
يترتب عليه تجديد الدين.

مادة (/51؛)
لا يكون لانقطاع المدة المقررة لتقادم الدعوي اثر الا بالنسبة الي من اتخذ قبله الاجراء القاطع للمدة.
16
الفصل الثاني
السند لامر",340
commerce_17_1999,قانون التجارة,17,1999,454,مادة 454,mandatory,False,,77,77,"يشتمل السند لامر علي البيانات الاتية:
(ا) شرط الامر او عبارة ""سند لامر"" او اي عبارة اخري تفيد هذا المعني مكتوبة في متن السند
باللغة التي كتب بها.
(ب) تعهد غير معلق علي شرط بوفاء مبلغ معين من النقود.
رد مكان الوفاء.
() اسم من يجب الوفاء له او لامره (المستفيد).
(و) تاريخ ومكان انشاء السند.
(ز) توقيع من انشا السند (المحرر).",322
commerce_17_1999,قانون التجارة,17,1999,459,مادة 459,general,False,,77,77,"الصك الخالي من احد البيانات المذكورة في المادة السابقة لا يعتبر سندا لامر الا في الاحوال الاتية:
(ا) اذا خلا السند لامر من بيان ميعاد الاستحقاق اعتبر واجب الوفاء لدي الاطلاع.
(ب) واذا خلا السند لامر من بيان مكان الوفاء او موطن المحرر اعتبر محل انشايه مكانا للوفاء به
وموطنا لمحرره.
(ج) واذا خلا السند لامر من بيان مكان انشايه اعتبر منشا في المكان المبين بجانب اسم المحرر.
مادة )4371(
تسري علي السند لامر احكام الكمبيالة بالقدر الذي لا تتعارض فيه مع ماهيته» وتسري بوجه خاص
الاحكام المتعلقة بالمسايل الاتية:
الاهلية.
- التظهير.
-2 الضمان الاحتياطي مع مراعاة انه اذا لم يذكر في صيغة الضمان اسم الملتزم المضمون اعتبر
الضمان حاصلا لمصلحة محرر السند.
-2 الاستحقاق.
- الوفاء والوفاء بالتدخل والاعتراض علي الوفاء.
- الرجوع والاحتجاج.
- الصور وتعدد النسخ.
-- التحريف.
- التقادم.",769
commerce_17_1999,قانون التجارة,17,1999,4071,مادة 4071,mandatory,False,,77,78,"-1 يلتزم محرر السند لامر علي الوجه الذي يلتزم به قابل الكمبيالة.

-1 يجب تقديم السند لامر المستحق الوفاء بعد مدة معينة من الاطلاع الي المحرر في الميعاد
المنصوص عليه في المادة 511 من هذا القانون للتاشير عليه بما يفيد الاطلاع عليه» ويجب
ان يكون التاشير مورخا وموقعا من المحرر. وتبدا مدة الاطلاع من تاريخ هذا التاشير» واذا
امتنع المحرر عن وضع التاشير وجب اثبات امتناعه باحتجاج ويعتبر تاريخ هذا الاحتجاج
بداية لسريان مدة الاطلاع.

7
الفصل الثالث
الشيك
-1 الاصدار",458
commerce_17_1999,قانون التجارة,17,1999,43757,مادة 43757,general,False,,78,78,"في المسايل التي لم ترد بشانها نصوص خاصة في هذا الفصل تسري علي الشيك احكام الكمبيالة
بالقدر الذي لا تتعارض فيه مع طبيعته.",120
commerce_17_1999,قانون التجارة,17,1999,4377,مادة 4377,mandatory,False,,78,78,"يجب ان يشتمل الشيك علي البيانات الاتية:
(ا) كلمة شيك مكتوبة في متن الصك وباللغة التي كتب بها.
(ب) امر غير معلق علي شرط بوفاء مبلغ معين من النقود مكتوبا بالحروف والارقام.
(ج) اسم البنك المسحوب عليه.
رد مكان الوفاء.
(5) تاريخ ومكان اصدار الشيك.
(و) اسم وتوقيع من اصدر الشيك.",272
commerce_17_1999,قانون التجارة,17,1999,4075,مادة 4075,general,False,,78,78,"الصك الخالي من احد البيانات المذكورة في المادة “57 من هذا القانون لا يعتبر شيكا الا في الحالات
الاتية:
ا) اذا كان الشيك خاليا من بيان مكان الوفاء اعتبر مستحق الوفاء في المكان الذي يوجد به المركز
الرييسي للبنك المسحوب عليه.
ب) اذا خلا الشيك من بيان مكان اصداره اعتبر انه صدر في موطن الساحب.",289
commerce_17_1999,قانون التجارة,17,1999,4075,مادة 4075,mandatory,False,,78,78,"الشيك الصادر في مصر والمستحق الوفاء فيها لا يجوز سحبه الا علي بنك» والصك المسحوب في
صورة شيك علي غير بنك او المحرر علي غير نماذج البنك المسحوب عليه لا يعتبر شيكا. 1",164
commerce_17_1999,قانون التجارة,17,1999,4375,مادة 4375,optional,False,,78,78,"اذا اختلف مبلغ الشيك المكتوب بالحروف وبالارقام فالعبرة عند الاختلاف تكون بالمبلغ المكتوب
بالحروف.
مادة (/411)
-1 يجوز اشتراط وفاء الشيك الي:-
(ا) شخص مسمي مع النص صراحة علي شرط الامر او بدون النص علي هذا الشرط.
(ب) حامل الشيك.
؟- الشيك المسحوب لمصلحة شخص مسمي ومنصوص فيه عبارة ""او لحامله"" او اية عبارة
اخري تفيد هذا المعني يعتبر شيكا لحامله.
""- الشيك الذي لا يذكر فيه اسم المستفيد يعتبر شيكا لحامله.
5- الشيك المستحق الوفاء في مصر والمشتمل علي شرط غير قابل للتداول ولا يدفع الا للمستفيد
الذي تسلمه مقترنا بهذا الشرط.",516
commerce_17_1999,قانون التجارة,17,1999,4078,مادة 4078,optional,False,,78,79,"-1 يجوز سحب الشيك لامر ساحبه.
-1 كما يجوز سحبه لحساب شخص اخر.
78
""- ولا يجوز سحبه علي ساحبه الا في حالة سحبه من بنك علي احد فروعه او من فرع علي
فرع اخر بشرط الا يكون الشيك مستحق الوفاء لحامله.",192
commerce_17_1999,قانون التجارة,17,1999,4179,مادة 4179,general,False,,79,79,"تكون التزامات ناقصي الاهلية الذي ليسوا تجارا وعديمي الاهلية الناشية عن توقيعاتهم علي الشيك
كساحبين او مظهرين او ضامنين احتياطيين او باية صفة اخري باطلة بالنسبة اليهم فقط.",170
commerce_17_1999,قانون التجارة,17,1999,47,مادة 47,general,False,,79,79,"اذا حمل الشيك توقيعات اشخاص ليست لهم اهلية الالتزام به او توقيعات مزورة او لاشخاص وهميين
او توقيعات غير ملزمة لاصحابها لاسباب اخري او لمن وقع الشيك باسمايهم؛ فان التزامات غيرهم من
الموقعين عليه تبقي مع ذلك صحيحة.",212
commerce_17_1999,قانون التجارة,17,1999,481,مادة 481,mandatory,False,,79,79,"-11 يخضع شكل الالتزام بموجب الشيك لقانون الدولة التي صدر فيها.
”؟- ومع ذلك اذا كان الالتزام غير صحيح شكلا بموجب القانون المشار اليه في الفقرة السابقة
الالتزامات اللاحقة التي تنشا بموجب الشيك في مصر.
مادة (؟4785)
-1 لا قبول في الشيك فاذا كتبت عليه صيغة القبول اعتبرت كان لم تكن.
-1 ومع ذلك يجوز تقديم الشيك للمسحوب عليه للتاشير عليه بالاعتماد» ويفيد هذا التاشير وجود
مقابل الوفاء لدي المسحوب عليه في تاريخ التاشير» ويعتبر توقيع المسحوب عليه علي صدر
الشيك اعتمادا له.
""- لا يجوز للمسحوب عليه رفض اعتماد الشيك اذا كان لديه مقابل وفاء يكفي لدفع قيمته.
5- ويبقي مقابل وفاء الشيك الموشر عليه بالاعتماد مجمدا لدي المسحوب عليه وتحت مسيوليته
لمصلحة الحامل الي حين انتهاء مواعيد تقديم الشيك للوفاء.",688
commerce_17_1999,قانون التجارة,17,1999,478,مادة 478,general,False,,79,79,يعتبر شرط العايد في الشيك كان لم يكن.,37
commerce_17_1999,قانون التجارة,17,1999,4854,مادة 4854,optional,False,,79,79,"يجوز بموجب اتفاق خاص بين الساحب والمسحوب عليه النص في الشيك علي الوفاء به في مقر بنك
اخر.",89
commerce_17_1999,قانون التجارة,17,1999,4765,مادة 4765,general,False,,79,79,يضمن الساحب وفاء قيمة الشيك» وكل شرط يعفي به الساحب نفسه من هذا الضمان يعتبر كان لم يكن.,88
commerce_17_1999,قانون التجارة,17,1999,485,مادة 485,mandatory,False,,79,80,"-1 يتداول الشيك لحامله بمجرد التسليم.
؟- الشيك المشروط دفعه لشخص مسمي سواء نص فيه علي شرط الامر او لم ينص يكون قابلا
للتداول بالتظهير.
""- الشيك المشروط دفعه لشخص مسمي والمكتوب فيه عبارة ليس للامر او اية عبارة اخري بهذا
المعني لا يجوز تداوله الا باتباع احكام حوالة الحق المنصوص عليها في القانون المدني مع ما
يترتب علي هذه الحوالة من اثار.
79
4- يجوز تظهير الشيك للساحب او لاي ملتزم اخرء ويجوز لهولاء تظهير الشيك من جديد.",419
commerce_17_1999,قانون التجارة,17,1999,481,مادة 481,general,False,,80,80,"-1 يكون التظهير غير معلق علي شرط وكل شرط يعلق عليه التظهير يعتبر كان لم يكن ويبقي
التظهير صحيحا.
؟- يكون التظهير الجزيي باطلا.",126
commerce_17_1999,قانون التجارة,17,1999,488,مادة 488,general,False,,80,80,"يكتب التظهير علي الشيك نفسه؛ ويجوز ان يقتصر علي توقيع المظهر ""التظهير علي بياض"" ويشترط
لصحة هذا التظهير ان يتم علي ظهر الشيك.",125
commerce_17_1999,قانون التجارة,17,1999,4895,مادة 4895,optional,False,,80,80,"-1 ينقل التظهير جميع الحقوق الناشية عن الشيك الي المظهر اليه.
""- اذا كان التظهير علي بياض جاز للحامل:
(ا) ان يملا البياض بكتابة اسمه او اسم شخص اخر.
(ب) ان يظهر الشيك من جديد علي بياض او الي شخص اخر.
(ج) ان يسلم الشيك الي شخص اخر دون ان يملا البياض ولو لم يظهره.
مادة )450(
-1 يضمن المظهر الوفاء بقيمة الشيك ما لم علي يتفق علي غير ذلك.
؟- يجوز للمظهر حظر تظهير الشيك من جديد. وفي هذه الحالة لا يكون ملزما بالضمان قبل من
يوول اليهم الشيك بتظهير لاحق.
مادة )4911(
يعتبر حايز الشيك القابل للتظهير انه حامله الشرعي متي كانت التظهيرات الواردة بالشيك غير منقطعة
ولو كان اخرها تظهيرا علي بياضء والتظهيرات المشطوبة تعتبر في هذا الشان كان لم تكنء واذا
مادة (؟4915)
التظهير المكتوب علي شيك لحامله يجعل المظهر مسيولا طبقا لاحكام الرجوع؛ ولا لا يترتب علي هذا
التظهير ان يصير الصك شيكا لامر.",778
commerce_17_1999,قانون التجارة,17,1999,4917,مادة 4917,mandatory,False,,80,80,"اذا فقد شخص حيازة شيك للحامل او قابل للتظهير فلا يلزم من ال اليه هذا الشيك بالتخلي عنه الا اذا
كان قد حصل عليه بسوء نية او ارتكب في سبيل الحصول عليه خطا جسيما وبشرط- في حالة الشيك
القابل للتظهير- ان يثبت حقه فيه طبقا لاحكام المادة 511 من هذا القانون.",250
commerce_17_1999,قانون التجارة,17,1999,4915,مادة 4915,general,False,,80,80,"مع عدم الاخلال باحكام المادة 574 من هذا القانون ليس لمن اقيمت عليه دعوي بموجب شيك ان يحتج
علي حامله بالدفوع المبنية علي علاقاته الشخصية بساحب الشيك او بحامليه السابقين ما لم يكن قصد
50",184
commerce_17_1999,قانون التجارة,17,1999,4165,مادة 4165,mandatory,False,,81,81,"-1 اذا اشتمل التظهير علي عبارة (القيمة للتحصيل) او القيمة للقبض او للتوكيل او اي بيان اخر
يفيد التوكيل» جاز للحامل استعمال جميع الحقوق الناشية عن الشيك؛ ولكن لا يجوز له تظهيره
الا علي سبيل التوكيل.

؟- وليس للملتزمين في هذه الحالة الاحتجاج علي حامل الشيك الا بالدفوع التي يجوز الاحتجاج

""- لا تنقضي الوكالة التي يتضمنها التظهير بوفاة الموكل او الحجر عليه.",355
commerce_17_1999,قانون التجارة,17,1999,495,مادة 495,mandatory,False,,81,81,"-1 التظهير اللاحق للاحتجاج او ما يقوم مقامه وكذلك التظهير الحاصل بعد انقضاء ميعاد تقديم
الشيك لا يترتب عليهما الا اثار حوالة الحق المنصوص عليها في القانون المدني. 0

-1 يفترض في التظهير الخالي من التاريخ انه حصل قبل عمل الاحتجاج او ما يقوم مقامه او قبل

3 لا يجوز تقديم تاريخ التظهيرء فاذا حصل عد تزويرا.

؟- مقابل الوفاء
مادة (/4191)

-1 علي ساحب الشيك او من سحب الشيك لحسابه ان يوجد لدي المسحوب عليه مقابل وفاء
الشيك» ويسال الساحب لحساب غيره قبل المظهرين والحامل دون غيرهم عن ايجاد مقابل
الوفاء.

-1 ومع مراعاة حكم المادة 507 من هذا القانون يكون مقابل الوفاء موجودا اذا كان للساحب او
للامر بالسحب لدي المسحوب عليه وقت اصدار الشيك مبلغ من النقود مستحق الاداء مساو
بالاقل لمبلغ الشيك وجايز التصرف فيه بموجب شيك طبقا لاتفاق صريح او ضمني بين
الساحب والمسحوب عليه.",761
commerce_17_1999,قانون التجارة,17,1999,418,مادة 418,mandatory,False,,81,81,"علي الساحب دون غيره ان يثبت عند الانكار ان المسحوب عليه كان لديه مقابل الوفاء في وقت اصدار
الشيك؛ فاذا لم يثبت ذلك كان ضامنا وفاء الشيك ولو عمل الاحتجاج او ما يقوم مقامه بعد الميعاد
المحدد قانوناء واذا اثبت الساحب وجود مقابل الوفاء واستمرار وجوده حتي الميعاد الذي كان يجب فيه
عمل الاحتجاج او ما يقوم مقامه» بريت ذمته بمقدار هذا المقابل ما لم يكن قد استعمل في مصلحته.",366
commerce_17_1999,قانون التجارة,17,1999,49195,مادة 49195,mandatory,False,,81,85,"-1 تنتقل ملكية مقابل الوفاء بحكم القانون الي حملة الشيك المتعاقبين.

-1 اذا كان مقابل الوفاء اقل من قيمة الشيك كان للحامل علي المقابل الناقص جميع الحقوق
المقررة له علي المقابل الكامل.

""- للحامل رفض المقابل الناقص اذا عرضه عليه المسحوب عليه, وللحامل ان يقبضه؛ وفي هذه
الحالة يوشر المسحوب عليه علي الشيك بالمبلغ المدفوع ويطلب من الحامل تسليمه مخالصة
به ويقوم الحامل بعمل الاحتجاج او ما يقوم مقامه عن الجزء الباقي.

5- وتبرا ذمة الساحب او المظهرين والضامنين الاحتياطيين بقدر المقابل الناقص في حالة الوفاء
به والتاشير بذلك علي الشيك.

*- الضمان الاحتياطي
مادة 1 0(
-1 يجوز ضمان الوفاء بقيمة الشيك كلها او بعضها من ضامن احتياطي.
81
-1 ويجوز ان يقدم هذا الضمان من الغير عند المسحوب عليه؛ كما يجوز تقديمه من احد الموقعين
علي الشيك.
مادة (0510ه)
-1 يكتب الضمان الاحتياطي علي الشيك.
-1 ويودي الضمان بعبارة ""للضمان الاحتياطي"" او باية عبارة اخري تفيد هذا المعني» ويوقعه
الضامن.
:- ويذكر في الضمان الاحتياطي اسم المضمون والا اعتبر الضمان حاصلا للساحب.
مادة (0510ه)
-1 يلتزم الضامن الاحتياطي بالكيفية التي التزم بها المضمون.
؟- ويكون التزام الضامن الاحتياطي صحيحا ولو كان الالتزام الذي ضمنه باطلا لاي سبب اخر
غير عيب في الشكل.
؟- واذا اوفي الضامن الاحتياطي قيمة الشيك الت اليه الحقوق الناشية عنه قبل المضمون وكل
ملتزم بموجب الشيك قبل هذا المضمون.
5- الوفاء
مادة (090ه)
-1 يكون الشيك مستحق الوفاء بمجرد الاطلاع, وكل بيان يخالف ذلك يعتبر كان لم يكن.
؟- واذا قدم الشيك للوفاء قبل اليوم المبين فيه كتاريخ لاصداره وجب وفاوه في يوم تقديمه وذلك
باستثناء الشيكات الحكومية المتعلقة بالمرتبات والمعاشات فلا تدفع قيمتها الا في التاريخ المبين
بها كتاريخ لاصدارها.
مادة )50154(
3 والشيك المسحوب في اي بلد اخر خارج مصر والمستحق الوفاء فيها يجب تقديمه للوفاء خلال
اربعة اشهر.
""- يبدا سريان الميعاد المذكور في كل من الفقرتين السابقتين من التاريخ المبين في الشيك.
5- يعتبر تقديم الشيك الي احدي غرف المقاصة المعترف بها قانونا في حكم تقديمه للوفاء.
مادة (510ه)
اذا سحب الشيك بين مكانين مختلفي التقويم ارجع تاريخ اصداره الي اليوم المقابل في تقويم مكان
الوفاء.
مادة (0510ه)
كان لديه مقابل وفاء ولو انقضي ميعاد تقديمه.
مادة (/010ه)
-1 لا يقبل الاعتراض في وفاء الشيك الا في حالة ضياعه او افلاس حامله او الحجر عليه.
؟- واذا حصل الاعتراض علي الرغم من هذا الحظر لاسباب اخري تعين علي محكمة الامور
المستعجلة بناء علي طلب الحامل ان تقضي بشطب الاعتراض ولو في حالة قيام دعوي
اصلية.
52
مادة (/0ثه
وفاة الساحب او فقدانه الاهلية او افلاسه بعد ل يك لا يوثر في الاحكام التي تترتب علي
الشيك.

)51095( مادة

-1 اذا قدمت عدة شيكات في وقت واحد وكان مقابل الوفاء غير كاف لوفايها, وجب مراعاة
ترتيب تواريخ اصدارها.

-1 واذا كانت هذه الشيكات مفصولة من دفتر شيكات واحد وتحمل تاريخ اصدار واحد اعتبر
الشيك الاسبق رقما صادرا قبل غيره. واذا كانت الشيكات مفصولة من دفاتر مختلفة وجب
الوفاء اولا بالشيك الاقل مبلغا.

)5011( مادة

-1 اذا اشترط الوفاء بمبلغ الشيك في مصر بنقد اجنبي معين, وجب الوفاء بهذا النقد اذا كان
للساحب لدي المسحوب عليه مقابل وفاء به.

-1 واذا اشترط الوفاء بمبلغ الشيك في مصر بنقد اجنبي معين دون ان يكون للساحب لدي
المسحوب عليه مقابل الوفاء بهذا النقد, جاز الوفاء بالعملة المصرية وفقا لسعر الصرف
المعلن بيع/ تحويلات لدي المسحوب عليه وقت تقديم الشيك للوفاء اذا وجد عند المسحوب
عليه مقابل وفاء بهذه العملة ما لم يرفض الحامل هذا الوفاء.

3 اذا لم يتم الوفاء وقت تقديم الشيك, كان للحامل الخيار بين سعر الصرف الساري يوم التقديم
""اقفال"" او وقت الوفاء.
وفي مجال تطبيق حكمي البندين "", ” فانه اذا لم يوجد سعر معلن للتحويلات فيتم تطبيق
سعر البنكنوت.

5- اذا قدم الشيك للمرة الاولي بعد انقضاء ميعاد التقديم كانت العبرة بسعر الصرف الساري في
اليوم الذي انتهي فيه ميعاد التقديم.

5- اذا عين مبلغ الشيك بنقد يحمل تسمية مشتركة وتختلف قيمته في بلد الاصدار عن قيمته في بلد
الوفاء افترض ان المقصود نقد بلد الوفاء.

5- اذا عين مبلغ الشيك بنقد يحمل تسمية مشتركة من عملات اجنبية مختلفة ليس من بينها نقد بلد
الوفاء كانت العبرة بنوع العملة الموجودة بحساب الساحب لدي البنك المسحوب عليه او علي
اساس عملة البلد الذي صدر فيه الشيك اذا لم يوجد بحسابات الساحب عملة تحمل الاسم
المشترك. فاذا تعددت العملات الموجودة بحسابات الساحب لدي المسحوب عليه وتعذر تحديد
العملة المقصودة في الشيك يتم الوفاء بقيمة الشيك من العملة الاقل قيمة ويحصل كله ما لم
يرفض الحامل سداد قيمة الشيك وفقا لتلك الاسس.

)0111( مادة

555 تسري في حالة ضياع الشيك لامر الاحكام المنصوص عليها في المواد من 5577 الي -1
من هذا القانون.

؟- ينقضي التزام الكفيل الذي يقدم في حالة ضياع الشيك لامر بمضي ستة اشهر من تاريخ
الصرف اذا لم تحصل خلالها مطالبة او دعوي.

مادة (511ه)

-1 اذا ضاع شيك لحامله او هلك جاز لمالكه ان يعترض لدي المسحوب عليه علي الوفاء بقيمته
ويجب ان يشتمل الاعتراض علي رقم الشيك ومبلغه واسم ساحبه وكل بيان اخر يساعد علي
التعرف عليه والظروف التي احاطت بفقده او هلاكه واذا تعذر تقديم بعض هذه البيانات وجب
ذكر اسباب ذلك. واذا لم يكن للمعترض موطن في مصر وجب ان يعين له موطنا مختارا بها.

؟- ومتي تلقي المسحوب عليه الاعتراض وجب عليه الامتناع عن الوفاء بقيمة الشيك لحايزه
وتجنيب مقابل وفاء الشيك الي ان يفصل في امره.

583
""'- ويقوم المعترض بنشر رقم الشيك المفقود او الهالك ومبلغه واسم الساحب واسم المسحوب
عليه واسم المعترض وعنوانه في احدي الصحف اليومية, ويكون باطلا كل تصرف يقع علي
الشيك بعد تاريخ هذا النشر.

مادة (711ه)

-1 يجوز لحايز الشيك لحامله في حالة ضياعه ان ينازع لدي المسحوب عليه في الاعتراض الذي
قدم لمنع الوفاء به. وعلي المسحوب عليه ان يوشر علي الشيك بحصول الاعتراض والاحتفاظ
بصورة منه ثم يخطر المعترض باسم حايز الشيك وعنوانه.

""- وعلي حايز الشيك اخطار المعترض بكتاب مسجل بعلم الوصول بوجوب رفع دعوي استحقاق
الشيك خلال ثلاثين يوما من تاريخ تسلمه الاخطار. ويشتمل الاخطار علي اسباب حيازة
الشيك وتاريخها.

""- واذا لم يرفع المعترض دعوي الاستحقاق خلال الميعاد المنصوص عليه في الفقرة السابقة
تعين علي قاضي الامور المستعجلة بناء علي طلب حايز الشيك ان يقضي بشطب الاعتراض.
وفي هذه الحالة يعتبر حايز الشيك بالنسبة الي المسحوب عليه مالكه الشرعي.

4- واذا رفع المعترض دعوي استحقاق الشيك فلا يجوز للمسحوب عليه ان يدفع قيمته الا لمن
يتقدم له من الخصمين بحكم نهايي بملكية الشيك او بتسوية ودية مصدق عليها من الطرفين
تقر له بالملكية.

)515( مادة

-1 اذا انقضت ستة اشهر من تاريخ الاعتراض المنصوص عليه في المادة 511 من هذا القانون
دون ان يتقدم حايز الشيك للمطالبة بالوفاء, جاز للمعترض ان يطلب من المحكمة الاذن له
بقبض مبلغ الشيك. ويصدر هذا الحكم في مواجهة المسحوب عليه وبعد ان تتحقق المحكمة من
ملكية المعترض علي الشيك.

-1 واذا لم يرفع المعترض الدعوي المشار اليها في الفقرة السابقة, او رفعها ورفضتها المحكمة
وجب علي المسحوب عليه ان يعيد قيد مقابل الوفاء في جانب الاصول من حساب الساحب.
مادة (6511ه)

-1 لساحب الشيك او حامله ان يسطره بوضع خطين متوازيين علي صدر الشيك.

""- يكون التسطير عاما او خاصا.

'- اذا خلا ما بين الخطين من اي بيان او اذا كتب بينهما كلمة (بنك) او اي عبارة اخري بهذا
المعني كان التسطير عاما. اما اذا كتب اسم (بنك) معين يبين الخطين كان التسطير خاصا.

:- ويجوز تحويل التسطير العام الي تسطير خاص. اما التسطير الخاص فلا يجوز تحويله الي
تسطير عام. 1

5- يعتبر شطب التسطير او شطب اسم (البنك) المكتوب بين الخطين كان لم يكن.

مادة (511ه)

-1 لا يجوز للمسحوب عليه في حالة التسطير العام ان يدفع قيمة الشيك الا الي بنك او الي احد
عملايه.

؟- ولا يجوز للمسحوب عليه في حالة التسطير الخاص ان يدفع قيمة الشيك الا الي البنك المكتوب
اسمه بين الخطين, واذا كان هذا البنك هو نفسه البنك المسحوب عليه جاز الوفاء لعميل له
بطريق قيد قيمة الشيك في حساب هذا العميل. ويجوز للبنك المكتوب اسمه بين الخطين ان
يعهد الي بنك اخر بقبض قيمة الشيك بموجب تظهير توكيلي.

""- ولا يجوز لبنك ان يتسلم شيكا مسطرا لوفاء قيمته الا من احد عملايه او من بنك اخر, كما لا
يجوز له ان يقبض قيمة هذا الشيك لحساب اشخاص اخرين غيرهما.

:- اذا حمل الشيك اكثر من تسطير خاص واحد فلا يجوز للمسحوب عليه وفاوه الا اذا كان يحمل

584
5- اذا خالف المسحوب عليه الاحكام المنصوص عليها في هذه المادة كان مسيولا عن تعويض
الضرر بما لا يجاوز مبلغ الشيك.

كك يقصد بكلمة (عميل) في حكم هذه المادة كل شخص له حساب لدي المسحوب عليه وحصل منه
علي دفتر شيكات او كان من حقه الحصول علي هذا الدفتر.

مادة (/111ه)

-1 يجوز لساحب الشيك او حامله ان يشترط عدم وفايه نقدا بان يضع علي صدره عبارة (للقيد في
الحساب) او اية عبارة اخري بهذا المعني, وفي هذه الحالة لا يكون للمسحوب عليه الا تسوية
قيمة الشيك بطريق قيود كتابية كالقيد في الحساب او النقل المصرفي او المقاصة. وتقوم
التسوية بطريق هذه القيود مقام الوفاء.

؟- لا يعتد بشطب عبارة (للقيد في الحساب).

؟- واذا خالف المسحوب عليه الاحكام المنصوص عليها في هذه المادة كان مسيولا عن تعويض
الضرر بما لا يجاوز مبلغ الشيك.

5 الرجوع
مادة (17ه)

-1 لحامل الشيك الرجوع علي الساحب والمظهرين وغيرهم من الملتزمين به اذا قدمه خلال
ميعاد التقديم ولم تدفع قيمته واثبت الامتناع عن الدفع باحتجاج. ويجوز عوضا عن الاحتجاج
اثبات الامتناع عن الدفع وسببه ببيان يصدر من المسحوب عليه مع ذكر وقت تقديم الشيك.
ويكون البيان مورخا ومكتوبا علي الشيك نفسه ومذيلا بتوقيع من اصدره ويجوز ان يصدر
هذا البيان علي انموذج خاص او من غرفة مقاصة علي ان يذكر فيه ان الشيك قدم في الميعاد
ولم تدفع قيمته.

؟1- لا يجوز الامتناع عن اصدار البيان المشار اليه في الفقرة السابقة اذا طلبه الحامل ولو كان
الشيك يشتمل علي شرط الرجوع بلا مصاريف. ومع ذلك يجوز للملتزم باصدار البيان طلب
مهلة لا تجاوز يوم العمل التالي لتقديم الشيك ولو قدم في اليوم الاخير من ميعاد التقديم.

؟- ويجب اثبات الامتناع عن الدفع بالكيفية المنصوص عليها في الفقرة الاولي من هذه المادة قبل
انقضاء ميعاد التقديم. فاذا قدم الشيك في اخر يوم من هذا الميعاد جاز اثبات الامتناع عن الدفع
في يوم العمل التالي له.",8888
commerce_17_1999,قانون التجارة,17,1999,519,مادة 519,mandatory,False,,85,87,"علي حامل الشيك اخطار من ظهره اليه والساحب بعدم وفاء قيمته, وعلي كل مظهر ان يخطر

بدوره من ظهر اليه الشيك, وتسري علي هذه الاخطارات الاحكام المنصوص عليها في المادة

0 من هذا القانون.

مادة )551(
يجوز ان يكتب في الشيك شرط (الرجوع بلا مصاريف) وتسري عنديذ الاحكام المنصوص عليها
في المادة 451 من هذا القانون.

)5511( مادة

-1 الاشخاص الملتزمون بموجب شيك مسيولون بالتضامن قبل حامله.

-1 وللحامل الرجوع علي هولاء الملتزمين منفردين او مجتمعين دون ان يلزم بمراعاة ترتيب
التزاماتهم.

""- ويثبت هذا الحق لكل ملتزم في الشيك اذا دفع قيمته.

5- والدعوي المقامة علي احد الملتزمين لا تحول دون الرجوع علي الباقين ولو كانوا لاحقين
للملتزم الذي وجهت اليه الدعوي ابتداء.

زه
مادة (5؟ه)
لحامل الشيك مطالبة من له حق الرجوع عليه بما ياتي:
(ا) اصل مبلغ الشيك غير المدفوع.
(ب)العايد محسوبا من تاريخ تقديم الشيك وفقا للسعر الذي يتعامل به البنك المركزي.
(ج) مصاريف الاحتجاج او ما يقوم مقامه ومصاريف الاخطارات والدمغة وغيرها.
مادة (؟59ه)
لمن اوفي قيمة الشيك مطالبة ضامنيه بما ياتي:
(ا) المبلغ الذي اوفاه. 1
(ب)عايد هذا المبلغ محسوبا من تاريخ الوفاء وفقا للسعر الذي يتعامل به البنك المركزي.
(ج) المصاريف التي تحملها.
مادة (14؟5ه)
-1 لكل ملتزم طولب بوفاء قيمة الشيك او كان مستهدفا للمطالبة بها ان يطلب في حالة قيامه
بالوفاء تسليم الشيك اليه ومعه الاحتجاج او ما يقوم مقامه ومخالصة بما اوفاه.
؟- ولكل مظهر اوفي قيمة الشيك ان يشطب تظهيره والتظهيرات اللاحقة له.
مادة (65؟ه)

لحامل الشيك المعمول عنه احتجاج عدم الوفاء او ما يقوم مقامه ان يوقع حجزا تحفظيا بغير كفالة علي

اموال كل من الساحب او المظهر او الضامن الاحتياطي وذلك بمراعاة الاحكام المقررة بشان هذا

الحجز في قانون المرافعات المدنية والتجارية.

مادة (5؟ه)

-1 اذا حالت قوة قاهرة دون تقديم الشيك للوفاء او عمل الاحتجاج او ما يقوم مقامه في المواعيد
المقررة لذلك امتدت هذه المواعيد.

-1 وعلي الحامل ان يخطر دون ابطاء من ظهر له الشيك بالقوة القاهرة وان يثبت هذا الاخطار
مورخا وموقعا منه في الشيك, وتسلسل الاخطارات وفقا للمادة 450 من هذا القانون.

""- وعلي الحامل بعد زوال القوة القاهرة تقديم الشيك للوفاء دون ابطاء وعمل الاحتجاج او ما يقوم
مقامه عند الاقتضاء.

5- اذا استمرت القوة القاهرة اكثر من ثلاثين يوما محسوبة من التاريخ الذي قام فيه الحامل باخطار
من ظهر له الشيك بقيام القوة القاهرة ولو وقع هذا التاريخ قبل انقضاء ميعاد تقديم الشيك جاز
الرجوع علي الملتزمين دون الحاجة الي تقديم الشيك او عمل الاحتجاج او ما يقوم مقامه الا اذا
كان حق الرجوع موقوفا بموجب القانون لمدة اطول.

5- ولا يعتبر من القوة القاهرة الامور المتصلة بشخص حامل الشيك او بمن كلفه بتقديمه او بعمل
الاحتجاج او ما يقوم مقامه.

مادة (10؟ه)

يحتفظ حامل الشيك بحقه في الرجوع علي الساحب ولو لم يقدم الشيك الي المسحوب عليه او لم يقم

بعمل الاحتجاج او ما يقوم مقامه في الميعاد القانوني, الا اذا كان الساحب قد قدم مقابل الوفاء وظل هذا

المقابل موجودا عند المسحوب عليه حتي انقضاء ميعاد تقديم الشيك ثم زال المقابل بفعل غير منسوب

الي الساحب.

586
مادة (/5ه
-1 يتحمل المسحوب عليه وحدة الضرر ل 3 علي وفاء شيك زور فيه توقيع الساحب او
حرفت فيه بياناته اذا لم يمكن نسبة اي خطا الي الساحب. وكل شرط علي خلاف ذلك يعتبر
كان لم يكن. 1
-1 ويعتبر الساحب مخطا علي وجه الخصوص اذا لم يبذل في المحافظة علي دفتر الشيكات
المسلم اليه عناية الشخص العادي.
""'- ولا يلتزم المسحوب عليه بالتحقق من صحة توقيعات المظهرين او الضامنين الاحتياطيين ولا
يسال عن تزويرها.
5 التحريف
مادة (519ه)
اذا وقع تحريف في متن الشيك التزم الموقعون اللاحقون للتحريف بما ورد في المتن المحرفء اما
الموقعون السابقون فيلتزمون بما ورد في المتن الاصلي.",3277
commerce_17_1999,قانون التجارة,17,1999,570,مادة 570,penalty,False,,87,89,"-1 علي كل بنك يسلم عميله دفترا يشتمل علي نماذج شيكات علي بياض للدفع بموجبها من خزاينه ان
يكتب علي كل نموذج منها رقم الشيك واسم البنك او احد فروعه واسم العميل الذي تسلم الدفتر
ورقم حسابه.

؟- يعتبر القبول الصريح او الضمني من العميل لكشف الحساب الدوري الذي يرسله اليه البنك ابراء
لذمة البنك مما قيده في هذا الحساب بالخصم او الاضافة من مبالغ الشيكات؛ ويكون قبولا ضمنيا
علي وجه الخصوص عدم اعتراض العميل علي كشف الحساب خلال ثلاثين يوما من تاريخ
تسلمه. ويجوز للبنك بعد قبول كشف الحساب ان يرد الي العميل الشيكات التي دفعها خصما علي
الحساب وان يحتفظ بتسجيلات مصورة لهذه الشيكات تكون لها حجية كاملة لصالحه.

/ا- التقادم
مادة (171ه)

-1 تتقادم دعاوي رجوع حامل الشيك علي الساحب والمظهرين وغيرهم من الملتزمين بدفع قيمة
الشيك بمضي ستة اشهر من تاريخ تقديمه للوفاء او من تاريخ انقضاء ميعاد تقديمه.

ا وتتقادم دعوي حامل الشيك علي المسحوب عليه بمضي ثلاث سنوات من تاريخ تقديمه للوفاء او
من تاريخ انقضاء ميعاد تقديمه.

""- وتتقادم دعاوي رجوع الملتزمين بعضهم علي بعض الاخر بمضي ستة اشهر من اليوم الذي اوفي
فيه الملتزم قيمة الشيك او من يوم مطالبته قضاييا بالوفاء.

5- اذا اقيمت الدعوي فلا تسري مدة التقادم المنصوص عليها في هذه المادة الا من تاريخ اخر اجراء
في الدعوي.

5- ولا تسري مدة هذا التقادم اذا صدر حكم بالدين او اقر به المدين بسند منفرد اقرارا يترتب عليه
تجديده.

5- تسري علي انقطاع هذا التقادم او وقفه الاحكام المنصوص عليها في القانون المدني.

مادة (؟7”5ه)

يجوز لحامل الشيك رغم تقادم دعوي المطالبة بقيمته ان يطالب الساحب الذي لم يقدم مقابل الوفاء او

قدمه ثم استرده كله او بعضه برد ما اثري به بغير وجه حق وكذلك يجوز للحامل توجيه هذه المطالبة

الي كل مظهر يحقق اثراء بغير وجه حق.

57
7 العقوبات
مادة (9""ه)
-1 يعاقب بالغرامة التي لا تقل عن ثلاثة الاف جنيه ولا تجاوز عشرة الاف جنيه كل موظف
بالبنلك ارتكب عمدا احد الافعال الاتية:
(0)- التصر يح علي خلاف | لحقيقة بعدم وجود مقابل وفاء للشيلك او بوجود مقابل وفاء اقل من
(ب)- الرفض بسوء نية وفاء شيك له مقابل وفاء كامل او جزيي ولم يقدم بشانه اعتراض صحيح.
(ج)- الامتناع عن وضع او تسليم البيان المشار اليه في الفقرة الاولي من المادة 514 من هذا
القانون.
(د)- تسليم احد العملاء دفتر شيكات لا يشتمل علي البيانات المنصوص عليها في المادة 571 من
هذا القانون.
""- ويكون البنك مسيولا بالتضامن مع موظفيه المحكوم عليهم عن سداد العقوبات المالية المحكوم
بها.
مادة (5*5)
-1 يعاقب الحبس وبغرامة لا تجاوز خمسين الف جنيه او باحدي هاتين العقوبتين كل من ارتكب
عمدا احد الافعال الاتية:
(ا) اصدار شيك ليس له مقابل وفاء قابل للصرف.
(ب)استرداد كل الرصيد او بعضه او التصرف فيه بعد اصدار الشيك بحيث يصبح الباقي
لا يفي بقيمة الشيك.
(ج) اصدار امر للمسحوب عليه بعدم صرف الشيك في غير الحالات المقررة قانونا.
(د) تحرير شيك او التوقيع عليه بسوء نية علي نحو يحول دون صرفه.
؟- يعاقب بالعقوبة المنصوص عليها في الفقرة السابقة كل من ظهر لغيره شيكا تظهيرا ناقلا
للملكية او سلمه شيكا مستحق الدفع لحامله مع علمه بانه ليس له مقابل وفاء يفي بكامل قيمته
او انه غير قابل للصرف.
""- واذا عاد الجاني الي ارتكاب احدي هذه الجرايم خلال خمس سنوات من تاريخ الحكم عليه
نهاييا في اي منها تكون العقوبة الحبس والغرامة التي لا تجاوز ماية الف جنيه. |
:- وللمجني عليه ولوكيله الخاص في الجرايم المنصوص عليها في هذه المادة ان يطلب من
النيابة العامة او المحكمة بحسب الاحوال وفي اية حالة كانت عليها الدعوي اثبات صلحه مع
المتهم.
ويترتب علي الصلح انقضاء الدعوي الجنايية ولو كانت مرفوعة بطريق الادعاء المباشرء وتامر
النيابة العامة بوقف العقوبة اذا تم الصلح اثناء تنفيذها ولو بعد صيرورة الحكم باتا.
مادة (ه ""7 ه)
يعاقب بغرامة لا تجاوز الف جنيه المستفيد الذي يحصل بسوء نية علي شيك ليس له مقابل وفاءء سواء
في ذلك اكان شخصا طبيعيا ام اعتباريا.
مادة (5""ه)
يعاقب بالحبس وبغرامة لا تجاوز نصف قيمة الشيك او باحدي هاتين العقوبتين كل من ادعي بسوء نية
تزوير شيك وحكم نهاييا بعدم صحة هذا الادعاء.
58
مادة (71ه)

-1 اذا قضت المحكمة بالادانة في احدي جرايم الشيك المنصوص عليها في المادة 575 من هذا
القانون جاز لها ان تامر بنشر الحكم علي نفقة المحكوم عليه في صحيفة يومية ويجب ان
يتضمن هذا النشر اسم المحكوم عليه وموطنه ومهنته والعقوبة المحكوم عليه بها.

3 ويجوز للمحكمة في حالة العود ان تامر بسحب دفتر الشيكات من المحكوم عليه ومنع اعطايه
دفاتر شيكات جديدة لمدة تعينهاء وتتولي النيابة العامة تبليغ هذا الامر الي جميع البنوك.

مادة (8""ه)
توقع الجزاءات المقررة للجرايم المنصوص عليها في المواد ""57, 575, 5755 من هذا القانون علي
كل من يرتكب خارج مصر فعلا يجعله فاعلا او شريكا في جريمة من هذه الجرايم تتعلق بشيك

مادة (99ه)
يجوز لحامل الشيلك الذي ادعي مدنيا في الدعوي الجنايية والمقامة تطبيقا للمادة 75؟57؛ من هذا القانون
ان يطلب الحكم له بالقدر غير المدفوع من قيمة الشيك» وتسري علي هذا الطلب والطعن فيه احكام
الدعوي المدنية التبعية.

الفصل الرابع

احكام مشتركة",4401
commerce_17_1999,قانون التجارة,17,1999,540,مادة 540,mandatory,False,,89,89,"يحرر احتجاج عدم القبول او عدم الوفاء وفقا للقواعد المقررة في قانون المرافعات المدنية والتجارية
لاوراق المحضرين في موطن الملتزم بقبول الورقة التجارية او بوفايها او في اخر موطن معروف له.

مادة )0411(
يشتمل الاحتجاج فضلا عن البيانات الواجب ذكرها في اوراق المحضرين علي صورة حرفية للورقة
التجارية وكل ما ورد بها خاص بقبولها وتظهيرها وضمانها احتياطيا ووفاء قيمتها عند الاقتضاء وغير
ذلك من البيانات» كما يجب ان يشتمل الاحتجاج علي التنبيه بقبول الورقة او وفايها و اثبات حضور او
غياب من عليه القبول او الوفاء واسباب الامتناع عنهما والعجز عن وضع الامضاء او الامتناع عنه
ومقدار ما دفع من قيمة الورقة في حالة الوفاء الجزيي.

مادة (45ه)
لا تقوم اية ورقة اخري مقام الاحتجاج الا في الاحوال المنصوص عليها في القانون.

مادة (47 ه0)

-11 علي المحضر المكلف بعمل الاحتجاج ترك صورة منه لمن حرر في مواجهته.

-1 وعلي المحضرين قيد اوراق الاحتجاج بتمامها يوما فيوما مع مراعاة ترتيب تواريخها في
سجل خاص يصدر بتنظيمه قرار من وزير العدل.",909
commerce_17_1999,قانون التجارة,17,1999,545,مادة 545,mandatory,False,,89,90,"-1 علي قلم المحضرين خلال الايام العشرة الاولي من كل شهر ان يرسل الي مكتب السجل
التجاري الكاين في دايرته مكان عمل الاحتجاج قايمة باحتجاجات عدم الوفاء التي حررها
خلال الشهر السابق عن الكمبيالات المقبولة والسندات لامر.

؟- ويجب ان تشتمل هذه القايمة علي البيانات الاتية:

(ا) تاريخ الاحتجاج.

(ب)اسم صاحب الكمبيالة ومهنته وموطنه.

(ج) اسم محرر السند لامر او اسم قابل الكمبيالة ومهنته وموطنه.
89
(د) تاريخ الاستحقاق.
(ه) مبلغ الكمبيالة او السند لامر.
(و) ملخص اسباب الامتناع عن الوفاء التي ذكرها المدين وقت تحرير الاحتجاج.
'""- يمسك مكتب السجل التجاري دفترا لقيد البيانات المذكورة في الفقرة السابقة» ويجوز لكل
شخص الاطلاع عليها مقابل الرسوم المقررة» ويقوم مكتب السجل التجاري بعمل نشرة
تتضمن تلك البيانات.
مادة (5 4 ه)
-1 اذا وافق استحقاق الورقة التجارية يوم عطلة رسمية او يوم العطلة الاسبوعية في منشاة المدين
فلا يجوز المطالبة بوفاء الورقة الا في يوم العمل التالي. ا ا
""- ولا يجوز القيام باي اجراء يتعلق بالورقة التجارية لتقديمها للقبول او الوفاء او عمل الاحتجاج
الا في يوم عمل.
""- واذا حدد لعمل اي اجراء يتعلق بالورقة التجارية ميعاد معين ووافق يومه الاخير يوم عطلة
رسمية او يوم العطلة الاسبوعية في منشاة المدين امتد الميعاد الي اليوم التالي.
5- تحسب في كل ميعاد ايام العطلة التي تتخلله.
5- علي كل تاجر ان يعلن في مكان بارز في منشاته عن يوم العطلة الاسبوعية في المنشاة والا
افترض انه يوم الجمعة من كل اسبوع.
مادة (45ه)
لا يدخل في حساب المواعيد القانونية او الاتفاقية المتعلقة بالاوراق التجارية اليوم الاول منها
ويكمل الميعاد بانقضاء اخر يوم منه.
مادة (/41 ه)
لا يجوز للمحاكم ان تمنح مهلة للوفاء بقيمة الورقة التجارية او للقيام باي اجراء متعلق بها الا في
الاحوال وفي الحدود التي ينص عليها القانون.
مادة (48ه)
-1 في الاحوال التي يتطلب فيها القانون التوقيع علي الورقة التجارية بالامضاء يجوز ان يقوم
الخاتم او بصمة الاصبع مقام هذا الامضاء.
؟- وفي جميع الاحوال يجب ان يكون التوقيع مقروءا او يسهل معه التعرف علي اسم الموقع
ولقبه والا جاز للمحكمة ان تعتبر التوقيع كان لم يكن. 0 1
""- اذا شهد شاهدان علي الورقة التجارية او علي الوصلة الملحقة بها بان صاحب الخاتم او
البصمة وضع خاتمه او بصمته امامها وهو علي علم بمضمون الالتزام امتنع علي الموقع
الادعاء بعدم علمه بهذا المضمونء وذلك باستثناء حالتي التدليس والاكراه.",2097
commerce_17_1999,قانون التجارة,17,1999,0495,مادة 0495,mandatory,False,,90,96,"لا يترتب علي قبول الداين تسلم ورقة تجارية وفاء لدينه تجديد هذا الدين الا اذا تبين وضوح اتجاه قصد
المتعاقدين الي احداث التجديد.
5290
الباب الخامس
الافلاس والصلح الواقي منه

الفصل الاول

شهر الافلاس

مادة (00هه)

-1 يعد في حالة افلاس كل تاجر ملزم بموجب احكام هذا القانون بامساك دفاتر تجارية اذا توقف
عن ديونه التجارية اثر اضطراب اعماله المالية.

؟- ولا يترتب علي التوقف عن الدفع اثر قبل صدور حكم شهر الافلاسء ما لم ينص القانون علي
غير ذلك.

مادة (11هه)

-1 يجوز شهر افلاس التاجر بعد وفاته او اعتزاله التجارة اذا توفي او اعتزل التجارة وهو في
حالة توقف عن الدفع» ويجب تقديم طلب شهر الافلاس خلال السنة التالية للوفاة او اعتزال
التجارة. ولا يسري هذا الميعاد في حالة اعتزال التجارة الا من تاريخ شطب اسم التاجر من
السجل التجاري.

""- يجوز لورثة التاجر طلب شهر افلاسه بعد وفاته مع مراعاة الميعاد المذكور في الفقرة السابقة»
فاذا اعترض بعض الورثة علي شهر الافلاس وجب ان تسمع المحكمة اقوالهم ثم تفصل في
الطلب وفقا لمصلحة ذوي الشان.

""- تعلن صحيفة دعوي شهر الافلاس في حالة وفاة التاجر الي الورثة جملة في اخر موطن
للمتوفي.

مادة (؟هه)
يشهر افلاس التاجر بناء علي طلبه او طلب احد الداينين او النيابة العامة. ويجوز للمحكمة ان تقضي
بشهر الافلاس من تلقاء ذاتها.

مادة (9هه)

-1 يجب علي التاجر ان يطلب شهر افلاسه خلال خمسة عشر يوما من تاريخ توقفه عن الدفع
ويكون الطلب بصحيفة تودع قلم كتاب المحكمة تذكر فيه اسباب التوقف عن الدفع وترفق بها
الوثايق الاتية:

(ا) الدفاتر التجارية الرييسية.

(ب)صورة من اخر ميزانية وحساب الارباح والخساير.

(ج) بيان اجمالي بالمصروفات الشخصية عن السنتين السابقتين علي تقديم طلب شهر
الافلاس او عن مدة اشتغاله بالتجارة اذا كانت اقل من ذلك.

(د) بيان تفصيلي بما يملكه من عقارات ومنقولات وقيمتها التقريبية في تاريخ التوقف عن
الدفع» وكذلك المبالغ النقدية المودعة ياسمه لدي البنوك سواء في مصر او خارجها.

(ه) بيان باسماء الداينين والمدينين وعناوينهم ومقدار حقوقهم او ديونهم والتامينات
الضامنة لها.

(و) بيان بالاحتجاجات التي حررت ضد التاجر خلا السنتين السابقتين علي تقديم طلب
شهر الافلاس.

؟- يجب ان تكون الوثايق المشار اليها في الفترة السابقة مورخة وموقعة من التاجر» واذا تعذر
تقديم بعض هذه الوثايق او استيفاء بياناتها وجب عليه ايضاح اسباب ذلك.

91
مادة (4 مه

-1 لكل داين بدين تجاري خال من النزاع 8 اس"" ان يطلب الحكم بشهر افلاس مدينه التاجر»
ويكون للداين بدين مدني حال هذا الحق اذا اثبت ان التاجر قد توقف عن دفع ديونه التجارية
الحالة فضلا عن دينه المدني.

-1 ويكون للداين بدين اجل الحق في طلب شهر الافلاس اذا لم يكن لمدينه التاجر موطن معروف
في مصر او اذا لجا الي الفرار او اغلق متجره او شرع في تصفيته او جري تصرفات ضارة
بداينيه بشرط ان يقدم الداين ما يثبت ان المدين توقف عن دفع ديونه التجارية الحالة.

""- ويطلب الداين شهر افلاس مدينه بصحيفة تودع قلم كتاب المحكمة المختصة مصحوبة بما يفيد
ايداع مبلغ الف جنيه خزانة المحكمة علي سبيل الامانة لحساب مصروفات نشر الحكم الصادر
بشهر الافلاس» يطلب فيها اتخاذ الاجراءات التحفظية اللازمة ويبين فيها الظروف التي يستدل
منها علي توقف المدين عن دفع ديونه؛ ويحدد قلم كتاب المحكمة اقرب جلسة لنظر الدعوي
ويعلن بها المدين.

مادة (ههه)
لا يجوز شهر افلاس التاجر بسبب توقفه عن دفع ما يستحق عليه من غرامات جنايية او ضرايب او
رسوم او تامينات اجتماعية.

مادة (كهه)

-1 اذا طلبت النيابة العامة شهر افلاس التاجر او اذا رات المحكمة شهر افلاسه من تلقاء ذاتها
وجب علي قلم الكتاب ان يعلنه بيوم الجلسة.

-1 في حالة وفاة التاجر او اعتزاله التجارة لا يجوز للمحكمة ان تنظر في شهر افلاسه من تلقاء
ذاتها او بناء علي طلب النيابة العامة بعد انقضاء الميعاد المشار اليه في الفقرة الاولي من
المادة 15ه من هذا القانون. 1

مادة (لاهه)
يخطر قلم الكتاب النيابة العامة بطلب شهر الافلاس ولا يحول عدم حضورها او عدم ابداء الراي دون
الحكم في دعوي الافلاس.

مادة (8هه)
يجوز للمحكمة المختصة بنظر دعوي الافلاس ان تامر باتخاذ التدابير اللازمة للمحافظة علي اموال
المدين او ادارتها الي ان يتم الفصل في الدعويء كما يجوز ان تتخذ من الاجراءات ما يمكنها من
الاحاطة بحالة المدين المالية واسباب توقفه عن الدفع.

مادة (59ه)

-1 تختص بشهر الافلاس المحكمة الابتدايية التي يقع في دايرتها موطن تجاري للمدين» فاذا لم
يكن له موطن تجاري كانت المحكمة المختصة هي التي يقع في دايرتها محل اقامته المعتادة.

-1 ومع عدم الاخلال بالاتفاقات الدولية الثنايية او المتعددة الاطراف النافذة في مصر يجوز شهر
افلاس التاجر الذي له في مصر فرع او وكالة ولو لم يصدر حكم بشهر افلاسه في دولة اجنبية
وفي هذه الحالة تكون المحكمة المختصة بشهر الافلاس في مصر هي التي تقع في دايرتها
الفرع او الوكالة.

مادة (5ه)

-1 تكون المحكمة التي شهرت الافلاس مختصة بنظر جميع الدعاوي الناشية عن التفليسة.

؟- وتعتبر الدعوي ناشية عن التفليسة علي وجه الخصوص اذا كانت متعلقة بادارتها او كان
الفصل فيها يقتضي تطبيق احكام الافلاس» ولا يشمل ذلك الدعاوي الناشية عن الديون التي
للتفليسة علي الغير او للغير عليها.

592
مادة (11كه

-1 تحدد المحكمة في حكم شهر الافلاس 30 35 للتوقف عن الدفع» وتعين امينا للتفليسة»
وتختار احد قضاة المحكمة ليكون قاضيا للتفليسة. وتامر بوضع الاختام علي محل تجارة
المدين.

-1 وللمحكمة؛ عند الضرورة؛ ان تامر باتخاذ الاجراءات اللازمة للتحفظ علي شخص المدين» ولا
يجوز للمحكمة ان تامر بهذا الاجراء في حكم شهر الافلاس اذا طلب المدين شهر افلاسه
خلال الميعاد المشار اليه في الفقرة الاولي من المادة 557 من هذا القانون.

""- ويرسل قلم كتاب المحكمة الي النيابة العامة ملخصا من حكم شهر الافلاس فور صدوره.

مادة (؟5ك5ه)

-1 اذا لم يعين في حكم شهر الافلاس التاريخ الذي توقف فيه المدين عن الدفع اعتبر تاريخ
صدور حكم شهر الافلاس تاريخا موقتا للتوقف عن الدفع.

-1 واذا صدر حكم شهر الافلاس بعد وفاة المدين او بعد اعتزاله التجارة ولم يعين فيه تاريخ
التوقف عن الدفع اعتبر تاريخ الوفاة او اعتزال التجارة تاريخا موقتا للتوقف عن الدفع.

""- تستعين المحكمة في تعيين تاريخ التوقف عن الدفع بكل فعل او قول او تصرف يصدر من
المدين ويكشف عن اضطراب اعماله او سعيه الي الاستمرار في نشاطه التجاري بوسايل غير
مشروعة او ضارة بداينيه. ويدخل في ذلك علي- وجه الخصوص شروع المدين في الهرب او
الانتحار»ء او اخفاء امواله او بيعها بخسارة او عقد قروض بشروط باهظة او الدخول في
مضاربات طايشة. 1

مادة (519ه)

-1 يجوز للمحكمة من تلقاء ذاتهاء او بناء علي طلب النيابة العامة او المدين او احد الداينين او
امين التفليسة او غيرهم من ذوي المصلحة» تعديل التاريخ الموقت للتوقف عن الدفع وذلك الي
انقضاء عشرة ايام من تاريخ ايداع قايمة الديون المحققة قلم كتاب المحكمة طبقا للفقرة الاولي
من المادة 657 من هذا القانون وبعد انقضاء هذا الميعاد يصير التاريخ المعين للتوقف عن
الدفع نهاييا.

-1 وفي جميع الاحوال لا يجوز ارجاع تاريخ التوقف عن الدفع الي اكثر من سنتين سابقتين علي
تاريخ صدور الحكم بشهر الافلاس.

مادة (554ه)

-1 يقوم قلم كتاب المحكمة التي اصدرت الحكم بشهر الافلاس باخطار امين التفليسة فور صدور
الحكم بكتاب مسجل بعلم الوصول بمباشرة اعمال التفليسة.

-1 وعلي امين التفليسة شهر الحكم وكذلك الحكم بتعديل تاريخ التوقف عن الدفع في السجل
التجاري.

؟- ويتولي امين التفليسة نشر ملخص الحكم في صحيفة يومية تعينها المحكمة في حكم شهر
الافلاس» ويجب ان يتم النشر خلال عشرة ايام من تاريخ اخطاره بالحكم ويشتمل الملخص
المذكور فيما يتعلق بحكم شهر الافلاس علي اسم المفلس وموطنه ورقم قيده في السجل
التجاري والمحكمة التي اصدرت الحكم وتاريخ صدوره والتاريخ الموقت للتوقف عن الدفع
واسم قاضي التفليسة. وفي حالة تعديل تاريخ التوقف عن الدفع فيشتمل النشر فضلا عن
البيانات المذكورة علي التاريخ الجديد الذي عينته المحكمة.

533 وعلي امين التفليسة» خلال ثلاثين يوما من تاريخ اخطاره بحكم شهر الافلاس» قيد ملخصه
باسم جماعة الداينين. في كل مكتب للشهر العقاري يوجد في دايرته عقار للمفلس» ولا يترتب
علي هذا القيد اي حق اخر لجماعة الداينين.

53
مادة (هكه)

-1 يجوز لكل ذي مصلحة من غير الخصوم ان يعترض علي حكم شهر الافلاس امام المحكمة
التي اصدرته خلال ثلاثين يوما من تاريخ نشره في الصحفء ما لم يكن قد طعن عليه
بالاستيناف فيرفع الاعتراض الي المحكمة التي تنظر الاستيناف.

-1 ومع عدم الاخلال باحكام الفقرة الاولي من المادة 577 من هذا القانون يكون ميعاد الاعتراض
في جميع الاحكام الصادرة في الدعاوي الناشية عن التفليسة ثلاثين يوما من تاريخ صدورها
مالم تكن واجبة الشهر فيسري الميعاد من تاريخ شهرها.

3 ويسري علي ميعاد استيناف الحكم الصادر في دعوي شهر الافلاس وغيره من الاحكام
الصادرة في الدعاوي الناشية عن التفليسة وطريقة رفعها احكام قانون المرافعات المدنية
والتجارية.

مادة (ككه)
تكون الاحكام الصادرة في دعاوي الافلاس واجبة النفاذ المعجل بلا كفالة ما لم ينص علي غير ذلك.
مادة (لاكه)
لا يجوز الطعن باي طريق في:
(ا) الاحكام او القرارات الخاصة بتعيين او استبدال قاضي التفليسة او امينها او مراقبها.
(ب)الاحكام الصادرة في الطعن في قرارات قاضي التفليسة.
رج( الاوامر الصادرة بالغاء اجراءات المحافظة علي شخص المفلس.
(د) الاحكام الصادرة بوقف اجراءات التفليسة الي حين الفصل في الطعن في قرار قاضي
التفليسة بشان قبول الديون او رفضها.
(0) الاحكام الصادرة بشان قبول الديون المتنازع فيها موقتا.
مادة (مكه)
اذا اوفي المدين جميع ما هو مستحق عليه من ديون تجارية قبل ان يحوز حكم شهر الافلاس قوة
الشيء المقضي به وجب ان تقضي بالغاء حكم شهر الافلاس علي ان يتحمل المدين كافة مصاريف
الدعوي.
مادة (59ه)
اذا لم توجد في التفليسة» وقت شهرهاء نقود حاضرة لمواجهة شهر حكم الافلاس ونشره او وضع
الاختام علي اموال المفلس او رفعها او التحفظ علي شخص المفلس وجب دفع هذه المصاريف من مبلغ
الامانة التي اودعها طالب شهر الافلاس المبينة بالمادة 7/555 من هذا القانون ويسترد طالب شهر
الافلاس المبالغ التي دفعها بالامتياز علي جميع الداينين من اول نقود تدخل التفليسة» كما يجوز لقاضي
التفليسة ان يامر بالمبادرة ببيع بعض اموال التفليسة لمواجهة هذه المصاريف.
مادة (1307ه)

-1 اذا طلب المدين شهر افلاسه وقضت المحكمة برفض الطلب جاز لها ان تحكم عليه بغرامة لا
تقل عن الف جنيه ولا تجاوز خمسة الاف جنيه اذا تبين لها انه تعمد اصطناع الافلاس.

-1 واذا طلب احد الداينين شهر الافلاس وقضت المحكمة برفض الطلب جاز لها ان تحكم علي
الداين بالغرامة المنصوص عليها في الفقرة السابقة وبنشر الحكم علي نفقته في الصحف التي
تعينهاء اذا تبين لها انه تعمد الاساءة الي سمعة المدين التجارية» وذلك مع عدم الاخلال بحق
المدين في طلب التعويض.

94
الفصل الثاني
الاشخاص الذين يديرون التفليسة
مادة (1/اه)
-1 تعين المحكمة في حكم الافلاس وكيلا لادارة التفليسة يسمي ""امين التفليسة"".
-1 ويجوز في كل وقت لقاضي التفليسة من تلقاء نفسه او بناء علي طلب المفلس او المراقب
الامر باضافة امين او اكثر بشرط الا يزيد عددهم علي ثلاثة.
""- يصدر بتنظيم مهنة امناء التفليسات قرار من الوزير المختص.
مادة (؟/اه)
-1 لا يجوز ان يعين امينا للتفليسة من كان زوجا للمفلس او قريبا له الي الدرجة الرابعة او من
كان خلال السنتين السابقتين علي شهر الافلاس شريكا له او مستخدما عنده او محاسبا له او
وكيلا عنه.
؟- وكذلك لا يجوز ان يعين امينا للتفليسة من سبق الحكم عليه بالادانة في جناية او في جنحة
ماسة بالشرف والامانة.
مادة (""لاه)
-1 يقوم امين التفليسة بادارة اموال التفليسة والمحافظة عليها وينوب عن المفلس في جميع
الدعاوي والاعمال التي تقتضيها هذه الادارة.
-1 يدون امين التفليسة» يوما بيوم» جميع الاعمال المتعلقة بادارة التفليسة في دفتر خاص ترقم
صفحاته ويضع عليها قاضي التفليسة توقيعه او ختمه ويوشر في نهاية الدفتر بما يفيد انتهاءه.
""- ويجوز للمحكمة ولقاضي التفليسة وللمراقب الاطلاع علي هذا الدفتر في كل وقت» وللمفلس
ايضا الاطلاع عليه باذن من قاضي التفليسة.
مادة (4/اه)
-1 اذا تعدد امناء التفليسة وجب ان يعملوا مجتمعين ويسالون بالتضامن عن ادارتهم.
؟- ويجوز لقاضي التفليسة ان يقسم العمل بينهم او ان يعهد الي احدهم بعمل معين» وفي هذه
الحالة لا يكون امين التفليسة مسيولا الا عن العمل الذي يكلف به.
""'- ويجوز لامناء التفليسة ان ينيبوا بعضهم البعض في القيام بالاعمال المعهود بها اليهم؛ ولا
يجوز لهم انابة الغير الا باذن من قاضي التفليسة» وفي هذه الحالة يكون امين التفليسة ونايبه
مسيولين بالتضامن عن الاعمال المذكورة.
مادة (ه/اه)
يجوز للمفلس وللمراقب الاعتراض لدي قاضي التفليسة علي اعمال امينها قبل اتمامهاء ويترتب علي
الاعتراض وقف اجراء العمل؛ ويجب ان يفصل قاضي التفليسة في الاعتراض خلال خمسة ايام من
تاريخ تقديمه» ويكون قرار قاضي التفليسة واجب النفاذ فورا.
مادة (كلاه)
يجوز للمحكمة» من تلقاء ذاتها او بناء علي طلب قاضي التفليسة او المفلس او المراقب» ان تامر بعزل
امين التفليسة وتعيين غيره او بانقاص عدد الامناء اذا تعددوا.
مادة (ل/الاه)
-1 تقدر اتعاب ومصاريف امين التفليسة بقرار من قاضي التفليسة بعد ان يقدم الامين تقريرا عن
ادارته.
-1 ويجوز لقاضي التفليسة ان يامر بصرف مبالغ لامين التفليسة قبل تقديم التقرير المذكور في
الفقرة السابقة خصما من اتعابه.
95
؟- ويجوز لكل ذي شان الطعن امام المحكمة في قرار قاضي التفليسة الخاص بتقدير اتعاب امين
التفليسة ومصاريفه.
مادة (8/اه)
-1 يتولي قاضي التفليسة بالاضافة الي السلطات المقررة بنصوص خاصة مراقبة ادارة التفليسة
وملاحظة سير اجراءاتها والامر باتخاذ التدابير اللازمة للمحافظة علي اموالها.
؟- ويدعو الداينين الي الاجتماع في الاحوال المبينة في القانون ويتولي رياسة الاجتماعات.
""'- ويقدم للمحكمة كل ثلاثة اشهر تقريرا عن حالة التفليسة» كما يقدم لها تقريرا عن كل نزاع
يتعلق بالتفليسة ويكون من اختصاصها الفصل فيه. 00
:- وله في كل وقت استدعاء المفلس او ورثته او وكلايه او مستخدميه او اي شخص اخر لسماع
اقوالهم في شيون التفليسة.
مادة (ةلاه)
تودع القرارات التي يصدرها قاضي التفليسة قلم كتاب المحكمة في اليوم التالي لصدورهاء وللقاضي
ان يامر قلم الكتاب بتبليغها الي الاشخاص الذين تعينهم» ويكون التبليغ بكتاب مسجل مصحوب بعلم
الوصولء الا اذا نص القانون او امر قاضي التفليسة بتبليغها بطريقة اخري.
مادة (7ه)
-1 لا يجوز الطعن في القرارات التي يصدرها قاضي التفليسة ما لم ينص القانون علي غير ذلك
او كان القرار مما يجاوز اختصاصه.
؟- يقدم الطعن بصحيفة تودع قلم كتاب المحكمة وتعلن لذوي الشان خلال عشرة ايام من تاريخ
الايداع او التبليغ علي حسب الاحوال» وتنظره المحكمة في اول جلسة, علي الا يشترك قاضي
التفليسة المطعون في قراره في نظر هذا الطعن» ويوقف الطعن تنفيذ القرار حتي تفصل
المحكمة في امره ما لم تامر باستمرار تنفيذه.
؟- اذا رفضت المحكمة الطعن جاز لها ان تحكم علي الطاعن بغرامة لا تقل عن خمسماية جنيه
ولا تجاوز الفي جنيه اذا تبين لها ان انه تعمد تعطيل تنفيذ قرار قاضي التفليسة.
مادة (171/ه)
-1 للمحكمة في كل وقتء ان تستبدل بقاضي التفليسة غيره من قضاة المحكمة.
-1 وفي حالة الغياب الموقت يعين رييس المحكمة احد قضاتها لينوب عن قاضي التفليسة.
مادة (85ه)
-1 يعين قاضي التفليسة مراقبا او اكثر من بين الداينين الذين يرشحون انفسهم لذلك.
-1 ويجوز للمفلس ولكل داين الاعتراض علي قرار قاضي التفليسة الخاص بتعيين المراقب دون
ان يترتب علي الاعتراض وقف تنفيذ القرار» ويقدم الاعتراض الي قاضي التفليسة نفسه»
ويجب ان يفصل فيه علي وجه السرعة.
مادة (""يه)
لا يجوز ان يكون المراقب او النايب عن الشخص الاعتباري المعين مراقباء زوجا للمفلس او قريبا له
الي الدرجة الرابعة.",13407
commerce_17_1999,قانون التجارة,17,1999,084,مادة 084,mandatory,False,,96,98,"-1 يقوم المراقبء بالاضافة الي السلطات المقررة له» بنصوص خاصة بفحص الميزانية والتقرير
المقدمين من المدين وغير ذلك من المهام التي يكلفه بها قاضي التفليسة في شان الرقابة علي
اعمال امينهاء ومعاونة قاضي التفليسة في ذلك.
596
-1 وللمراقب ان يطلب من امين التفليسة ايضاحات عن سير اجراءاتها وعن ايراداتها

ومصروفاتها وحالة الدعاوي المتعلقة بها.
مادة (5ي/ه)

-1 لا يتقاضي المراقب اجرا نظير عمله: ومع ذلك يجوز للمحكمة ان تقرر له مكافاة اجمالية علي
عمله ذا بدل جهدا غير عادي وكانت الحالة المالية للتفليسة تسمح بذلك.

؟- ويجوز عزل المراقب بقرار من قاضي التفليسة.

؟- ولا يسال المراقب الا عن خطيه الجسيم.

الفصل الثالث
اثار الافلاس

-1 اثار الافلاس بالنسبة الي المدين
مادة (كيره)

-1 يجوز للمحكمة بناء علي طلب قاضي التفليسة او النيابة العامة او امين التفليسة او المراقب ان
تامر عند الاقتضاء بالتحفظ علي شخص المفلس او بمنعه من مغادرة البلاد لمدة محددة قابلة
للتجديدء وللمفلس ان يتظلم من هذا الامر دون ان يترتب علي التظلم وقف تنفيذه.

-1 وللمحكمة ان تقرر في كل وقت الغاء التحفظ علي شخص المفلس او امر المنع من مغادرة
البلاد.

مادة (/امه)
لا يجوز للمفلس ان يتغيب عن موطنه دون ان يخطر امين التفليسة كتابة بمحل وجوده؛» ولا يجوز له
ان يغير موطنه الا باذن من قاضي التفليسة.

مادة (88ه)

-1 لا يجوز لمن شهر افلاسه ان يكون ناخبا او عضوا في المجالس النيابية او المجالس المحلية او
الغرف التجارية او الصناعية او النقابات المهنية» ولا ان يكون مديرا او عضوا في مجلس
ادارة اية شركة ولا ان يشتغل باعمال البنوك او الوكالة التجارية او التصدير والاستيراد او
السمسرة في بيع او شراء الاوراق المالية او البيع بالمزاد العلني» كل ذلك ما لم يرد اليه
اعتباره.

-1 ولا يجوز لمن شهر افلاسه ان ينوب عن غيره في ادارة امواله» ومع ذلك يجوز للمحكمة
المختصة ان تاذنه في ادارة اموال اولاده القصر اذا لم يترتب علي ذلك ضرر لهم.

مادة (0/5)

-1 تغل يد المفلس بمجرد صدور حكم شهر الافلاس عن ادارة امواله والتصرف فيهاء وتعتبر
التصرفات التي يجريها المفلس في يوم صدور حكم شهر الافلاس حاصلة بعد صدوره.

؟- اذا كان التصرف مما لا يحتج به علي الغير الا بالقيد او التسجيل او غير ذلك من الاجراءات
فلا يسري علي جماعة الداينين الا اذا تم الاجراء قبل صدور حكم شهر الافلاس.

“- لا يحول غل يد المفلس عن ادارة امواله والتصرف فيها دون قيامه بالاجراءات اللازمة

)550( مادة

-1 لا يجوز للمفلس بعد صدور حكم شهر الافلاس الوفاء بما عليه من ديون او استيفاء ماله من
حقوق.

-1 ومع ذلك اذا كان المفلس حاملا لورقة تجارية جاز الوفاء له بقيمتها عند حلول ميعاد استحقاقها
الا اذا عارض امين التفليسة في هذا الوفاء طبقا للمادة 5*1 من هذا القانون.

597
مادة 1151ه
لا تقع المقاصة بعد صدور حكم شهر الافلاس ما لس من حقوق وما عليه من التزامات الا اذا
وجد ارتباط بينهماء ويوجد الارتباط علي وجه الخصوص اذا نشات الحقوق والالتزامات عن سبب
واحد او شملها حساب جار.",2565
commerce_17_1999,قانون التجارة,17,1999,595,مادة 595,mandatory,False,,98,98,"-1 يشمل غل اليد جميع الاموال التي تكون ملكا للمفلس في يوم صدور حكم شهر الافلاس
والاموال التي توول اليه ملكيتها وهو في حالة الافلاس.
-1 ومع ذلك لا يشمل غل اليد ما ياتي:-

(ا) الاموال التي لا يجوز الحجز عليها قانونا والاعانة التي تتقرر للمفلس.

(ب)الاموال المملوكة لغير المفلس.

(ج) الحقوق المتصلة بشخص المفلس او باحواله الشخصية.

(د) التعويضات التي تستحق للمستفيد في عقد تامين صحيح ابرمه المفلس قبل صدور حكم
شهر الافلاس ومع ذلك يلتزم المستفيد بان يرد الي التفليسة جميع اقساط التامين التي
دفعها المفلس ابتداء من التاريخ الذي عينته المحكمة للتوقف عن الدفع ما لم ينص القانون
علي غير ذلك.

مادة (:595)
اذا الت الي المفلس تركة فلا يكون لداينيه حق علي اموالها الا بعد ان يستوفي داينو المورث حقوقهم
من هذه الاموال» ولا يكون لدايني المورث اي حق علي اموال التفليسة.",755
commerce_17_1999,قانون التجارة,17,1999,5954,مادة 5954,mandatory,False,,98,98,"-1 لا يجوز بعد صدور حكم شهر الافلاس رفع دعوي من المفلس او عليه او السير فيها مع
استثناء ما ياتي:
(ا) الدعاوي المتعلقة بالاموال والتصرفات التي لا يشملها غل اليد.
(ب)الدعاوي المتعلقة باعمال التفليسة التي يجيز القانون للمفلس القيام بها.
(ت)الدعاوي الجنايية.
""- يجوز للمحكمة ان تاذن بادخال المفلس في الدعاوي المتعلقة بالتفليسة» كما يجوز لها ان تاذن
بادخال الداين في هذه الدعاوي اذا كانت له مصلحة خاصة فيها.
- اذا رفع المفلس او رفعت عليه دعوي جنايية او دعوي متعلقة بشخصه او باحواله الشخصية
وجب ادخال امين التفليسة فيها اذا اشتملت علي طلبات مالية.",541
commerce_17_1999,قانون التجارة,17,1999,5965,مادة 5965,optional,False,,98,99,"اذا حكم علي المفلس بعد شهر افلاسه بالتعويض عن ضرر احدثه للغير جاز للمحكوم له الدخول في
التفليسة بالتعويض المقضي به ما لم يثبت تواطوه مع المفلس.
مادة (95ه)
-1 يجوز لقاضي التفليسة بعد سماع اقوال امينها ان يقرر اعانة للمفلس تصرف من اموال

التفليسة بناء علي طلبه او طلب من يعولهم.

-1 لمن طلب الاعانة ولامين التفليسة التظلم من تقديرها امام قاضي التفليسة دون ان يترتب علي

ذلك وقف صرف الاعانة.

""- يجوز في كل وقت لقاضي التفليسة من تلقاء ذاته او بناء علي طلب امين التفليسة ان يعدل
مقدار الاعانة او ان يامر بالغايهاء ويجوز التظلم من هذا القرار امام قاضي التفليسة نفسه.
598
4- يوقف صرف الاعانة متي حاز حكم التصديق علي الصلح قوة الشيء المقضيء واذا لم يقع
الصلح يوقف صرف الاعانة بمجرد قيام حالة الاتحاد.
مادة (/191ه)
مع مراعاة حكم المادة 58 من هذا القانون يجوز للمفلس بدون اذن» ان يمارس تجارة جديدة بغير
اموال التفليسة ويكون للداينين الذين تنشا ديونهم بمناسبة هذه التجارة الاولوية في استيفاء حقوقهم من
اموالها.",900
commerce_17_1999,قانون التجارة,17,1999,097,مادة 097,mandatory,False,,99,99,"لا يجوز التمسك في مواجهة جماعة الداينين بالتصرفات التالية اذا قام بها المدين بعد تاريخ التوقف عن
الدفع وقبل الحكم بشهر الافلاس:-
(ا) منح التبرعات ايا كان نوعها ما عدا الهدايا الصغيرة التي يجري عليها العرف.
(ب) وفاء الديون قبل حلول الاجل ايا كانت كيفية الوفاء» ويعتبر انشاء مقابل وفاء ورقة تجارية لم
يحل ميعاد استحقاقها في حكم الوفاء قبل حلول الاجل.
(ج) وفاء الديون الحالة بغير الشيء المتفق عليه» ويعتبر الوفاء بطريق الاوراق التجارية او النقل
المصرفي في حكم الوفاء بالنقود.
(د) كل رهن او تامين اتفاقي اخر وكذلك كل اختصاص يتقرر علي اموال المدين ضمانا لدين
سابق علي التامين.",571
commerce_17_1999,قانون التجارة,17,1999,5995,مادة 5995,mandatory,False,,99,99,"كل ما اجراه المفلس من تصرفات غير ما ذكر في المادة 537 من هذا القانون وخلال الفترة المشار
اليها فيها يجوز الحكم بعدم نفاذه في مواجهة جماعة الداينين اذا كان التصرف ضارا بها وكان
المتصرف اليه يعلم وقت وقوع التصرف بتوقف المفلس عن الدفع.
مادة )5060(
اذا دفعت قيمة ورقة تجارية بعد تاريخ التوقع عن الدفع وقبل الحكم بشهر الافلاس فلا يجوز ان يسترد
من الحامل ما دفع له؛ وانما يلزم الساحب او من سحبت الورقة التجارية لحسابه برد القيمة المدفوعة
اذا كان يعلم وقت انشاء الورقة التجارية بتوقف المفلس عن الدفع» ويقع الالتزام بالرد في حالة السند
للامر علي المظهر الاول اذا كان يعلم وقت حصوله علي السند بتوقف المفلس عن الدفع.",606
commerce_17_1999,قانون التجارة,17,1999,5051,مادة 5051,optional,False,,99,99,"-1 حقوق الرهن او الامتياز او الاختصاص المقررة علي اموال المدين يجوز الحكم بعدم نفاذها
في مواجهة جماعة الداينين اذا قيدت بعد تاريخ التوقف عن الدفع وبعد انقضاء ثلاثين يوما من
تاريخ تقرير الرهن او الامتياز او الاختصاص.
؟- ياخذ الداين صاحب الرهن او الاختصاص التالي للرهن او الاختصاص الذي حكم بعدم نفاذه
في مواجهة جماعة الداينين مرتبة هذا التامين ومع ذلك لا يعطي الداين المذكور من الثمن
الناتج من بيع المال المقرر عليه التامين الا ما كان يحصل عليه بغرض نفاذ الرهن او
الاختصاص السابق ويوول الفرق الي جماعة الداينين.",509
commerce_17_1999,قانون التجارة,17,1999,505,مادة 505,mandatory,False,,99,100,"-1 اذا حكم بعدم نفاذ اي تصرف في حق جماعة الداينين التزم المتصرف اليه بان يرد اليه
التفليسة ما حصل عليه من المفلس بمقتضي هذا التصرف او قيمة الشيء وقت قبضه.
كما يلزم بدفع عوايد ما قبضه او ثماره من تاريخ القبض. 1
-1 ويكون للمتصرف اليه الحق في استرداد العوض الذي قدمه للمفلس اذا وجد هذا العوض
بعينه في التفليسة» فاذا لم يوجد كان من حق المتصرف اليه ان يطالب جماعة الداينين
99
بالمنفعة التي عادت عليها من التصرف وان يشترك في التفليسة بوصفه داينا عاديا بما
يزيد علي قيمة هذه 1 ذه لمنفعة.",480
commerce_17_1999,قانون التجارة,17,1999,5059,مادة 5059,optional,False,,100,100,يجوز لامين التفليسة وحده ان يطلب عدم نفاذ تصرفات المدين في حق جماعة الداينين اذا وقع,84
commerce_17_1999,قانون التجارة,17,1999,505,مادة 505,mandatory,False,,100,100,"تسقط الدعاوي الناشية عن تطبيق الاحكام المنصوص عليها في المواد 514 الي 501 والمادة 5651
من هذا القانون بمضي سنتين من تاريخ صدور الحكم بشهر الافلاس.
؟- اثار الافلاس بالنسبة الي الداينين
مادة )50065(
-1 لا يجوز للداينين العاديين او الداينين اصحاب حقوق الامتياز العامة بعد صدور حكم شهر
الافلاس اقامة دعاوي فردية علي التفليسة او اتخاذ اية اجراءات قضايية اخري ضدها.
؟- وكذلك يترتب علي صدور حكم شهر الافلاس وقف الدعاوي الفردية المقامة من الداينين
المذكورين في الفقرة السابقة ووقف اجراءات التنفيذ التي بداها هولاء الداينون قبل صدور
حكم شهر الافلاس ومع ذلك اذا تحدد يوم لبيع عقار المفلس جاز الاستمرار في اجراءات
التنفيذ باذن من قاضي التفليسة.
-0 اما الداينون المرتهنون واصحاب حقوق الامتياز الخاصة والحاصلون علي اختصاص علي
اموال المدين فيجوز لهم اقامة الدعاوي الفردية او الاستمرار فيها في مواجهة امين التفليسة»
كما يجوز لهم التنفيذ او الاستمرار فيه علي الاموال التي تقع عليها تاميناتهم.",876
commerce_17_1999,قانون التجارة,17,1999,505,مادة 505,general,False,,100,100,"الحكم بشهر الافلاس يسقط اجال جميع الديون النقدية التي علي المفلس سواء اكانت عادية ام مضمونة
بامتياز عام او خاص.
مادة (/501)
الحكم بشهر الافلاس يوقف سريان عوايد الديون العادية بالنسبة الي جماعة الداينين فقط ولا تجوز
المطالبة بعوايد الديون المضمونة برهن او امتياز او اختصاص الا من المبالغ الناتجة من بيع الاموال
التي يقع عليها التامين ويستنزل اصل الدين اولا ثم العوايد المستحقة قبل صدور الحكم بشهر الافلاس
ثم العوايد المستحقة بعد صدوره.",434
commerce_17_1999,قانون التجارة,17,1999,508,مادة 508,general,False,,100,100,"للمحكمة ان تستنزل من الدين الاجل الذي لم يشترط فيه عايد مبلغا يعادل العايد المستحق عن المدة من
تاريخ الحكم بشهر الافلاس الي تاريخ استحقاق الدين.",144
commerce_17_1999,قانون التجارة,17,1999,505,مادة 505,optional,False,,100,101,"شرط واقف فيجنب نصيبها في التوزيعات الي ان تتبين نتيجة الشرط.
مادة )511(
-1 اذا وجد جملة ملتزمين بدين واحد وشهر افلاس احدهم فلا يترتب علي هذا الافلاس اثر
بالنسبة الي الملتزمين الاخرين ما لم ينص القانون علي غير ذلك.
100
؟- واذا تم الصلح مع الملتزم الذي افلس فلا تسري شروطه علي الملتزمين الاخرين.
مادة )511(
اذا استوفي الداين من احد الملتزمين بدين واحد جزءا من الدين ثم افلس باقي الملتزمين او افلس احدهم
فلا يجوز للداين ان يشترك في التفليسات الا بالباقي من دينه ويبقي محتفظا بحقه في مطالبة الملتزم
غير المفلس بهذا الباقي» ويجوز لهذا الملتزم ان يشترك في كل تفليسة بما وفاه عنها.
مادة (؟51)

-1 اذا افلس جميع الملتزمين بدين واحد دفعة واحدة» جاز للداين ان يشترك في كل تفليسة بكل
دينه الي ان يستوفيه؛ بتمامهء من اصل وعوايد ومصاريف.

؟- ولا يجوز لتفليسة الرجوع علي تفليسة اخري بما اوفته عنها.

""- واذا كان مجموع ما حصل عليه الداين يزيد علي دينه وتوابعه عادت الزيادة الي تفليسة من
يكون مكفولا من الاخرين بحسب ترتيب التزاماتهم بالدين فاذا لم يوجد هذا الترتيب عادت
الزيادة الي التفليسات التي دفعت اكثر من حصتها في الدين.

*- اثار الافلاس بالنسبة الي اصحاب
الديون المضمونة برهن او امتياز علي منقول",1085
commerce_17_1999,قانون التجارة,17,1999,51,مادة 51,optional,False,,101,101,"لا تدرج اسماء دايني المفلس الحايزين» بوجه قانوني» علي رهن او امتياز خاص علي منقول في
جماعة الداينين الا علي سبيل التذكرة.

مادة )5115(
يجوز لامين التفليسة في كل وقت وبعد الحصول علي اذن من قاضي التفليسة» دفع الدين المضمون
برهن او استرداد الاشياء المرهونة لحساب جماعة الداينين.

)5116( مادة

-1 اذا بيع المنقول المرهون بناء علي طلب الداين المرتهن بثمن يجاوز الدين» وجب علي امين
التفليسة قبض المقدار الزايد لحساب جماعة الداينين» واذا كان الثمن اقل من الدين اشترك
الداين المرتهن بالباقي له في التفليسة بوصفه داينا عاديا بشرط ان يكون دينه قد حقق طبقا
لاحكام هذا القانون.

؟- ويجوز لامين التفليسة ان يعذر الداين المرتهن بكتاب مسجل مصحوب بعلم الوصول بوجوب
اتخاذ الاجراءات القانونية للتنفيذ علي الاشياء المرهونة قبل انتهاء حالة الاتحاد فاذا لم يتخذ
الداين المرتهن او اخطاره؛ الاذن لامين التفليسة ببيع المنقولات المرهونة؛ ويبلغ قرار قاضي
التفليسة بالاذن الي الداين المرتهن ويجوز لهذا الداين الطعن في القرارء ويترتب علي الطعن
وقف تنفيذ البيع ما لم تامر المحكمة بغير ذلك.",960
commerce_17_1999,قانون التجارة,17,1999,515,مادة 515,general,False,,101,102,"-1 علي امين التفليسة بعد استيذان قاضي التفليسة ان يدفع خلال الايام العشرة التالية لصدور
الحكم بشهر الافلاس مما يكون تحت يده من نقود التفليسة وبالرغم من وجود اي دين اخرء
الاجور والمرتبات والمبالغ المستحقة قبل صدور الحكم بشهر الافلاس عن مدة ثلاثين يوما
للعاملين لدي المفلسء فاذا لم يكن لدي امين التفليسة النقود اللازمة لوفاء هذه الديون وجب
الوفاء من اول نقود تدخل التفليسة ولو وجدت ديون اخري تسبقها في مرتبة الامتياز.

-1 ويكون للمبالغ المستحقة للطوايف المذكورة والزايدة علي ما تقدم مرتبة الامتياز المقررة
قانونا.

101
مادة (/511
يكون للموجر في حالة انهاء ايجار العقار الذي رسن 4ه المفلس التجارة طبقا للمادة 175 من هذا
القانون امتياز لضمان الاجرة المستحقة له عن السنة السابقة علي صدور حكم شهر الافلاس وعن السنة
الجارية» واذا بيعت المنقولات الموجودة في العين الموجرة او نقلت ظل الموجر محتفظا بحقه في
الي: ٍ",803
commerce_17_1999,قانون التجارة,17,1999,518,مادة 518,general,False,,102,102,"لا يشمل الامتياز المقرر للحكومة بسبب الضرايب علي اختلاف انواعها الا دين الضريبة المستحقة
علي المفلس عن السنتين السابقتين علي صدور الحكم بشهر الافلاس» وتدخل الضرايب الاخري",170
commerce_17_1999,قانون التجارة,17,1999,519,مادة 519,mandatory,False,,102,103,"يجوز لقاضي التفليسة بناء علي اقتراح امينها ان يامر عند الاقتضاء باستخدام اول نقود تدخل التفليسة
في الوفاء بحقوق الداينين الذين لهم امتياز علي منقولات المفلس بشرط ان تكون اسماوهم قد وردت
بالقايمة النهايية للديون غير المتنازع فيها المشار اليها في الفقرة الاولي من المادة 555 من هذا
القانيون» واذا حصلت منازعة في الامتياز فلا يجوز الوفاء الا بعد الفصل فيها بحكم نهايي.

4- اثار الافلاس بالنسبة الي
اصحاب الديون المضمونة برهن او امتياز
او اختصاص علي عقار

مادة 0( 6
اذا حصل توزيع ثمن العقارات قبل توزيع ثمن المنقولات او حصل التوزيعان معا كان للداينين
المرتهنين او الممتازين او الحاصلين علي اختصاص الذين لم يستوفوا حقوقهم كلها او بعضها من ثمن
العقارات المحملة بالتامين ان يشتركوا بالباقي لهم مع الداينين العاديين في توزيع الاموال التي يتعلق
بها حق جماعة الداينين بشرط ان تكون ديونهم قد حققت طبقا لاحكام هذا القانون.

)5711( مادة

-1 اذا اجري توزيع واحد او اكثر لثمن المنقولات قبل توزيع ثمن العقارات كان للداينين
المرتهنين او الممتازين او الحاصلين علي اختصاص ان يشتركوا في التوزيعات بكل ديونهم
بشرط ان تكون قد حققت طبقا لاحكام هذا القانون» ويجنب نصيبهم في هذه التوزيعات الي
حين اجراء التسوية النهايية.

؟- وبعد بيع العقارات واجراء التسوية النهايية بحسب مراتب الداينين المرتهنين والممتازين
واصحاب حقوق الاختصاص لا يجوز لمن توهله مرتبته للحصول علي كل دينه من ثمن
العقارات المذكورة. قبضص الدين الا بعد استنزال المقدار الذي جنب له ويرد هذا المقدار الي
جماعة الداينين العاديين.

-0“ واذا كانت مرتبة الداين المرتهن او الممتاز او صاحب حق الاختصاص لا توهله الا للحمصول
علي جزء من دينه كان من حقه الاشتراك في قسمة الغرماء بالباقي له من الدين» واذا تبين
عند التسوية النهايية ان ما حصل عليه وما جنب لحسابه يزيد علي مقدار دينه وجب استنزال
الجزء الزايد ورده الي جماعة الداينين العاديين.

مادة (؟575)
الداينون المرتهنون او الممتازون او اصحاب حقوق الاختصاص الذين لا يحصلون علي شي من ثمن
العقارات التي تقع عليها تاميناتهم يعتبرون داينين عاديين وتسري عليهم بهذه الصفة جميع الاثار
الناشية عن اعمال جماعة الداينين وعن الصلح القضايي ان وقع.
102
ه- اثر الافلاس في العقود الصحيحة المبرمة قبل شهره",1968
commerce_17_1999,قانون التجارة,17,1999,57,مادة 57,mandatory,False,,103,103,"-1 لا يترتب علي الحكم بشهر الافلاس فسخ العقود الملزمة للجانبين التي يكون المفلس طرفا فيها
الا اذا كانت قايمة علي اعتبارات شخصية.

؟- واذا لم ينفذ امين التفليسة العقد او لم يستمر في تنفيذه جاز للطرف الاخر ان يطلب الفسخ»
وكل قرار يتخذه امين التفليسة بشان العقد يجب ان يعرض علي قاضي التفليسة لياذن به
ويجوز للطرف الاخر ان يعين لامين التفليسة مهلة مناسبة لايضاح موقفه من العقد.

-0 وللمتعاقد الاشتراك في التفليسة كداين عادي بالتعويض المترتب علي الفسخ الا اذا نص علي
احتفاظ التعويض بالامتياز المقرر له قانونا.

مادة (54؟5)

-1 اذا كان المفلس مستاجرا للعقار الذي يمارس فيه التجارة فلا يترتب علي صدور الحكم بشهر
الافلاس انهاء الاجارة او حلول الاجرة عن المدة المتبقية لانقضايهاء وكل شرط علي خلاف
ذلك يعتبر كان لم يكن.

؟- واذا كان الموجر قد بدا في التنفيذ علي المنقولات الموجودة في العقار ولم يكن التنفيذ قد تم
عند صدور الحكم بشهر الافلاس وجب وقف التنفيذ لمدة ستين يوما من تاريخ هذا الحكم مع
عدم الاخلال بحق الموجر في اتخاذ الاجراءات التحفظية وفي طلب اخلاء العقار وفقا للقواعد
العامة» ويجوز لقاضي التفليسة ان يامر باستمرار وقف التنفيذ برغبته في انهاء الاجارة او
الاستمرار فيها.

'- واذا قرر امين التفليسة الاستمرار في الاجارة وجب ان يدفع الاجرة المتاخرة وان يقدم ضمانا
كافيا للوفاء بالاجرة المستقبلة» ويجوز للموجر ان يطلب من قاضي التفليسة انهاء الاجارة اذا
كان الضمان غير كاف وذلك خلال خمسة عشر يوما من تاريخ اخطاره برغبة امين التفليسة
في الاستمرار في الاجارة.

4- ولامين التفليسة بعد الحصول علي اذن من قاضي التفليسة تاجير العقار من الباطن او التنازل
عن الايجار وفقا للاحكام المنظمة للعلاقة بين المالك والمستاجر ولو كان المفلس ممنوعا من
ذلك بمقتضي عقد الايجار بشرط الا يترتب علي ذلك ضرر للموجر.

مادة (65؟55)

-1 اذا افلس رب العمل وكان عقد العمل غير محدد المدة جاز للعامل ولامين التفليسة انهاء العقد
مع مراعاة الاحكام المنصوص عليها في قوانين العمل.

ولا يجوز للعامل في هذه الحالة مطالبة التفليسة بالتعويض الا اذا كان الانهاء تعسفيا او بغير

مراعاة مواعيد الاخطار.

؟- واذا كان عقد العمل محدد المدة فلا يجوز انهاوه الا اذا تقرر عدم الاستمرار في التجارة»
ويجوز للعامل في هذه الحالة مطالبة التفليسة بالتعويض.

؟- يكون للتعويض المستحق للعامل وفقا للفقرتين السابقتين الامتياز المقرر له قانونا.

5- الاسترداد",2094
commerce_17_1999,قانون التجارة,17,1999,575,مادة 575,optional,False,,103,104,"-1 لكل شخص ان يسترد من التفليسة الاشياء التي تثبت له ملكيتها او حق استردادها وقت شهر
الافلاس.

؟- ويكون لامين التفليسة» بعد اخذ راي المراقب والحصول علي اذن من قاضي التفليسة رد
الشيء الي مالكه او صاحب الحق في استرداده» واذا رفض طلب الاسترداد جاز لطالبه
عرض النزاع علي المحكمة.

103
51711/( مادة

-1 يجوز استرداد الاشياء الموجودة في 0 امن علي سبيل الوديعة او لاجل بيعها لحساب
مالكها او لاجل تسليمها اليه» بشرط ان توجد في التفليسة عينا.
كما يجوز استرداد ثمن البضايع اذا لم يكن قد تم الوفاء به نقدا او بورقة تجارية او بطريق
قيده في حساب جار بين المفلس والمشتري.

-1 وعلي المسترد ان يدفع لامين التفليسة الحقوق المستحقة للمفلس.

""- واذا كان المفلس قد اودع البضايع لدي الغير جاز استردادها منه.

5 - واذا افترض المفلس برهن البضايع وكان الداين المرتهن لا يعلم وقت انشاء الرهن بعدم ملكية
المفلس لها فلا يجوز استردادها الا بعد وفاء الدين المضمون بالرهن.",842
commerce_17_1999,قانون التجارة,17,1999,578,مادة 578,optional,False,,104,104,"-1 يجوز استرداد الاوراق التجارية وغيرها من الاوراق ذات القيمة» المسلمة الي المفلس
لتحصيلها او لتخصيصها لوفاء معين اذا وجدت عينا في التفليسة ولم تكن قيمتها قد دفعت.

؟- ولا يجوز استرداد اوراق النقد المودعة لدي المفلس الا اذا اثبت طالب الاسترداد ذاتيتها.",252
commerce_17_1999,قانون التجارة,17,1999,579,مادة 579,mandatory,False,,104,104,"-1 اذا فسخ عقد البيع بحكم او بمقتضي شرط في العقد قبل صدور الحكم بشهر افلاس المشتري»
جاز للبايع استرداد البضايع كلها او بعضها في التفليسة بشرط ان توجد عينا.

؟- ويجوز الاسترداد ولو وقع الفسخ بعد صدور حكم شهر الافلاس بشرط ان تكون دعوي
الاسترداد او دعوي الفسخ قد رفعت قبل صدور هذا الحكم.

مادة )060

-1 اذا افلس المشتري قبل دفع الثمن وكانت البضايع لا تزال لدي البايع» جاز له حبسها.

-1 واذا افلس المشتري بعد ارسال البضايع اليه وقبل دخولها مخازنه او مخزن وكيله المكلف
ببيعهاء جاز للبايع استرداد حيازتهاء ومع ذلك لا يجوز الاسترداد اذا فقدت البضايع ذاتيتهاء او
تصرف فيها قبل وصولهاء بغير تدليس» بموجب وثايق الملكية او النقل.

“- وفي جميع الاحوال يجوز لامين التفليسة» بعد استيذان قاضي التفليسة» ان يطلب تسليم
البضايع بشرط ان يدفع للبايع الثمن المتفق عليه» فاذا لم يطلب امين التفليسة ذلك جاز للبايع
ان يتمسك بحقه في الفسخ وطلب التعويض والاشتراط به في التفليسة.",852
commerce_17_1999,قانون التجارة,17,1999,5171,مادة 5171,optional,False,,104,105,"-1 اذا افلس المشتري قبل دفع الثمن وبعد دخول البضايع مخازنه او مخازن وكيله المكلف ببيعهاء
فلا يجوز للبايع ان يطلب فسخ البيع او استرداد البضايع» كما يسقط حقه في الامتياز.

-1 وكل شرط يكون من شانه تمكين البايع من استرداد البضايع او الاحتفاظ بامتيازه عليها لا
يحتج به علي جماعة الداينين.

مادة (؟5175)
تتقادم دعوي الاسترداد التي توجه الي امين التفليسة في الحالات المذكورة في المواد من 575 الي
من هذا القانون بمضي سنة من تاريخ نشر حكم شهر الافلاس في الصحيفة اليومية التي تعينها
المحكمة وفقا للفقرة الثالثة من المادة 555 من هذا القانون.
104
الفصل الرابع
ادارة التفليسة
-1 ادارة موجودات التفليسة
مادة (*57)
-1 توضع الاختام علي محال المفلس ومكاتبه وخزاينه ودفاتره واوراقه ومنقولاته..
؟- ويقوم قاضي التفليسة بوضع الاختام فور صدور الحكم بشهر الافلاس» وله ان يندب احد
موظفي المحكمة لذلكء كما يقوم بابلاغ رييس كل محكمة يوجد في دايرتها مال للمفلس ليامر
بندب من يقوم بوضع الاختام علي هذا المال.
""- واذا تبين لقاضي التفليسة امكان جرد اموال المفلس في يوم واحد جاز له او لمن يندبه؛ البدء
في الجرد فورا دون حاجة الي وضع الاختام.
533 ويحرر محضر بوضع الاختام او بالجرد يوقعه من قام بهذا الاجراءء ويسلم المحضر لقاضي
التفليسة,",1104
commerce_17_1999,قانون التجارة,17,1999,575,مادة 575,mandatory,False,,105,105,"لا يجوز وضع الاختام علي الملابس والمنقولات الضرورية للمفلس ولمن يعولهم» ويعين قاضي
التفليسية هذه الاشياء وتسلم الي المفلس بقايمة يوقعها كل من قاضي التفليسة والمفلس.
مادة (ه517)
الاختام او برفعها عن الاشياء الاتية:
(ا) الدفاتر التجارية.
(ب)الاوراق التجارية وغيرها من الاوراق التي تستحق الوفاء في ميعاد قريب او التي تحتاج
الي اجراءات للمحافظة علي الحقوق الثابتة فيها.
(ج) النقود اللازمة للصرف علي الشيون العاجلة للتفليسة.
(د) الاشياء القابلة لتلف سريع او لنقص عاجل في القيمة او التي تقتضي صيانتها مصاريف
باهظة.
(ه) الاشياء اللازمة لتشغيل المتجر اذا تقرر الاستمرار في تشغيله.
؟- وتجرد الاشياء المذكورة في الفقرة السابقة بحمضور قاضي التفليسة او من يندبه لذلك» وتسلم
لامين التفليسة بقايمة يوقعها.",691
commerce_17_1999,قانون التجارة,17,1999,575,مادة 575,general,False,,105,105,"-1 يامر قاضي التفليسة» بناء علي طلب امينهاء برفع الاختام للبدء في جرد اموال المفلس.
-1 ويجب ان يبدا رفع الاختام والجرد خلال ثلاثين يوما من تاريخ صدور حكم شهر الافلاس.",166
commerce_17_1999,قانون التجارة,17,1999,511,مادة 511,general,False,,105,105,"-1 يحصل الجرد بحضور قاضي التفليسة او من يندبه لذلك وامين التفليسة وكاتب المحكمة,
ويجب ان يخطر به المفلس ويجوز له الحضور. 0
-1 وتحرر قايمة جرد من نسختين يوقعهما قاضي التفليسة او من ندبه لذلك وامين التفليسة»
وكاتب المحكمة وتودع احداهما قلم كتاب المحكمة» وتبقي الاخري لدي امين التفليسة.
""- وتذكر في القايمة الاموال التي لم توضع عليها الاختام او التي رفعت عنها.
:- وتجوز الاستعانة بخبير في اجراء الجرد وتقويم الاموال.
105",417
commerce_17_1999,قانون التجارة,17,1999,5178,مادة 5178,general,False,,106,106,"اذا شهر الافلاس بعد وفاة التاجر ولم تحرر قايمة جرد بمناسبة الوفاة» او اذا توفي التاجر بعد شهر
افلاسه وقبل البدء في تحرير قايمة الجرد او قبل اتمامهاء وجب تحرير القايمة فورا او الاستمرار في
تحريرها بالكيفية المبينة في المادة السابقة وذلك بحضور ورثة المفلس او بعد اخطارهم بالحضور.",277
commerce_17_1999,قانون التجارة,17,1999,579,مادة 579,general,False,,106,106,"يتسلم امين التفليسة» بعد الجردء اموال المفلس ودفاتره واوراقه ويوقع في نهاية قايمة الجرد بما يفيد
ذلك,",101
commerce_17_1999,قانون التجارة,17,1999,514,مادة 514,mandatory,False,,106,106,"-1 لا يجوز تسليم الدفاتر التجارية الي امين التفليسة الا بعد ان يقوم قاضي التفليسة باقفالها.

-1 ويدعي المفلس الي حضور جلسة اقفال الدفاتر التجارية» فاذا لم يحضر وجب دعوته مرة
اخري الي 1 لحضور خلال ثلاثة ايام من تاريخ الاخطار والا اقفلت الدفاتر بغير حضوره.

""- ولا يجوز للمفلس ان ينيب عنه غيره لحضور جلسة اقفال الدفاتر الا لاسباب يقبلها قاضي
التفليسة.

)5411( مادة

-1 اذا لم يكن المفلس قد قدم الميزانية» وجب علي امين التفليسة ان يقوم بعملهاء وايداعها قلم
كتاب المحكمة.

-1 ويتسلم امين التفليسة الرسايل الواردة باسم المفلس والمتعلقة باشغاله» ولامين التفليسة فضها
والاحتفاظ بهاء وللمفلس الاطلاع عليها.",598
commerce_17_1999,قانون التجارة,17,1999,5145,مادة 5145,general,False,,106,106,"-1 يقوم امين التفليسة بجميع الاعمال اللازمة للمحافظة علي حقوق المفلس لدي الغيرء ويطالب
بهذه الحقوق ويستوفيها.

-1 وعليه ان يفيد ما للمفلس من حقوق عينية علي عقارات مدينيه» اذا لم يكن المفلس قد اجري
القيد.",203
commerce_17_1999,قانون التجارة,17,1999,51431,مادة 51431,mandatory,False,,106,106,"-1 لا يجوز بيع اموال التفليسة خلال فترة الاجراءات التمهيدية» ومع ذلك يجوز لقاضي التفليسة
التي تقتضي صيانتها مصاريف باهظة:, كما يجوز الاذن ببيع اموال التفليسة اذا كان البيع
لازما للحصول علي نقود للصرف علي شيونهاء او كان البيع يحقق نفعا موكدا للداينين او
للمفلس» ولا يجوز الاذن بالبيع في الحالة الاخيرة الا بعد اخطار المفلس بالبيع وسماع اقواله.

3 ويتم بيع المنقول بالكيفية التي يعينها قاضي التفليسة»! ما بيع العقار فيجب ان يتم طبقا للاحكام
المنصوص عليها في قانون المرافعات المدنية والتجارية بشان بيع عقارات المفلس.

؟- يجوز الطعن امام المحكمة في القرار الصادر من قاضي التفليسة ببيع اموال المفلس خلال
فترة الاجراءات التمهيدية.",624
commerce_17_1999,قانون التجارة,17,1999,5145,مادة 5145,optional,False,,106,107,"-1 يجوز لقاضي التفليسة بعد اخذ راي المراقب وسماع اقوال المفلس او اخطاره: ان ياذن لامين
التفليسة بالصلح او بقبول التحكيم في كل نزاع يتعلق بالتفليسة» ولو كان خاصا بحقوق او
دعاوي عقارية.

؟1- فاذا كان النزاع غير معين القيمة» او كانت قيمته تزيد علي خمسة الاف جنيه» فلا يكون
الصلح او قبول التحكيم نافذا الا بعد تصديق قاضي التفليسة علي شروطه؛: ويدعي المفلس

106
اثر. ويجوز الطعن امام المحكمة في قرار قاضي التفليسة اذا صدر برفض التصديق علي
شروط الصلح او التحكيم.
""- ولا يجوز لامين التفليسة النزول عن حق للمفلسء او الاقرار بحق للغير عليه الا بالشروط
المبينة في هذه المادة.",564
commerce_17_1999,قانون التجارة,17,1999,51465,مادة 51465,general,False,,107,107,"-1 لقاضي التفليسة بناء علي طلب امينها او طلب المفلس وبعد اخذ راي المراقبء ان ياذن
بالاستمرار في تشغيل المتجرء اذا اقتضت ذلك المصلحة العامة او مصلحة المفلس او الداينين.
-1 ويعين قاضي التفليسة بناء علي اقتراح امينها من يتولي ادارة المتجر واجرهء ويجوز تعيين
المفلس للادارة» ويعتبر الاجر الذي يحصل عليه بديلا عن الاعانة.
""- ويشرف امين التفليسة علي من يعين للادارة» وعليه ان يقدم تقريرا شهريا الي قاضي التفليسة
عن سير التجارة.
:- ويجوز للمفلس ولامين التفليسة الطعن امام المحكمة في قرار قاضي التفليسة برفض الاذن
بالاستمرار في تشغيل المتجر.",533
commerce_17_1999,قانون التجارة,17,1999,545,مادة 545,optional,False,,107,107,"في حالة وفاة المفلس يقوم ورثته مقامه في اجراءات الافلاسء ولهم ان ينيبوا احدهم ليمثلهم في ذلك»
فاذا لم يتفقوا جاز لقاضي التفليسة بناء علي طلب امينها انابة من يمثلهم» وللقاضي في كل وقت عزل
من انيب وتعيين غيره.
مادة (/5141)
-1 تودع المبالغ التي يحصلها امين التفليسة لحسابها خزانة المحكمة او بنك يعينه قاضي التفليسة»
وذلك في يوم التحصيل او في يوم العمل التالي علي الاكثر.
ويلزم امين التفليسة بتعويض يقدره قاضي التفليسة اذا تاخر في الايداع.
وعليه ان يقدم الي قاضي التفليسة بيانا بالمبالغ المذكورة خلال خمسة ايام من تاريخ الايداع.
-1 ولا يجوز سحب تلك المبالغ او غيرها مما يودعه الغير لحساب التفليسة الا بامر من قاضي
التفليسة.",619
commerce_17_1999,قانون التجارة,17,1999,5418,مادة 5418,optional,False,,107,107,"-1 يجوز عند الضرورة لقاضي التفليسة بعد اخذ راي المراقب ان يامر باجراء توزيعات علي
الداينين الذين حققت ديونهم؛ ويكون التوزيع بمقتضي قايمة يعدها امين التفليسة ويوشر عليها
؟- ويجوز للمفلس ولكل ذي مصلحة الطعن امام المحكمة في قرار قاضي التفليسة الخاص
باجراء توزيعات علي الداينين.",274
commerce_17_1999,قانون التجارة,17,1999,5145,مادة 5145,mandatory,False,,107,108,"-1 علي امين التفليسة ان يقدم الي قاضي التفليسة خلال ثلاثين يوما من تاريخ اخطاره بالتعيين
تقريرا عن اسباب الافلاس وحالة التفليسة الظاهرة وظروفهاء ويجوز لقاضي التفليسة تعيين
-1 كما يجب علي امين التفليسة ان يقدم الي قاضي التفليسة تقارير عن حالة التفليسة في مواعيد
دورية يحددها القاضي.
107
""- تحقيق الديون
مادة )5500(

1 0 علي جميع الداينين ولو كانت ديونهم مصحوبة بتامينات خاصة او كانت ثابتة باحكام نهايية
بهذه الديون وتاميناتها ان وجدت ومقدارها مقومة بالعملة الوطنية علي اساس سعر الصرف
المعلن لدي البنك المركزي بيعا او اقفالا او تحويلات او بنكنوت اذا لم يوجد سعر تحويلات
يوم صدور الحكم بشهر الافلاس.

""- ويجوز ارسال البيان والمستندات بالبريد المسجل مع علم الوصول.

""- ويجب ان يتضمن البيان تعيين محل مختار لامين التفليسة في دايرة المحكمة.

5- ويعيد امين التفليسة المستندات الي الداينين بعد قفل التفليسة» ويكون مسيولا عنها لمدة سنة من
تاريخ الت 5 لتفليسة.",850
commerce_17_1999,قانون التجارة,17,1999,56551,مادة 56551,general,False,,108,108,"-1 اذا لم يقدم جميع الداينين المقيدة اسماوهم في الميزانية مستندات ديونهم خلال الايام
العشرة التالية لنشر الحكم بشهر الافلاس في الصحفء وجب علي امين التفليسة النشر
فورا في الصحيفة اليومية التي نشر فيها حكم الافلاس لدعوة الداينين الي تقديم مستنداتهم
مصحوبة بالبيان المشار اليه في المادة السابقة.

-1 وعلي الداينين تقديم مستندات ديونهم مصحوبة بالبيان خلال عشرة ايام من تاريخ النشر
في الصحف» ويكون هذا الميعاد اربعين يوما بالنسبة الي الداينين المقيمين خارج مصرء»
ولا يضاف الي اي من هذه الميعادين ميعاد للمسافة.

مادة (؟555)

-1 يحقق امين التفليسة الديون بمعاونة المراقب وبحضور المفلس او بعد اخطاره بالحضور.

؟- واذا نازع امين التفليسة او المراقب او المفلس في صحة احد الديون او في مقداره او في
ضماناته وجب علي امين التفليسة اخطار الداين فورا بذلك وللداين تقديم ايضاحات كتابية او
شفوية خلال عشرة ايام من تاريخ تسلم الاخطار.

""- ولا تخضع الديون واجبة السداد المستحقة للحكومة بسبب الرسوم والضرايب علي اختلاف
انواعها لاجراءات التحقيق.",924
commerce_17_1999,قانون التجارة,17,1999,56559,مادة 56559,general,False,,108,108,"-1 يودع امين التفليسة قلم كتاب المحكمة بعد الانتهاء من تحقيق الديون قايمة بها تشتمل علي بيان
بمستنداتها» واسباب المنازعة فيها ان وجدتء وما يراه بشان قبولها او رفضهاء كما يودع
كشفا باسماء الداينين الذين يدعون ان لهم تامينات خاصة علي اموال المفلس مبينا مقدار
ديونهم ونوع تاميناتهم والاموال المقررة عليها...

-1 ويجب ان يتم هذا الايداع خلال ستين يوما علي الاكثر من تاريخ نشر الحكم بشهر الافلاس»

'- وعلي امين التفليسة خلال ستة ايام من تاريخ الايداع ان ينشر في صحيفة يومية بيانا
بحصوله؛ وعليه ان يرسل الي المفلس والي كل داين خلال هذا الميعاد نسخة من القايمة

والكشف المذكورينء مع بيان المبالغ التي يري قبولها من كل دين.

:- ولكل ذي مصلحة الاطلاع علي القايمة والكشف المودعين بقلم كتاب المحكمة.

(*» مصححة بالاستدراك المنشور بالجريدة الرسمية- العدد 8 (مكرر) في.7000/1/71
108",768
commerce_17_1999,قانون التجارة,17,1999,5554,مادة 5554,general,False,,109,109,"للمفلس ولكل داين ورد اسمه بقايمة الديون ان ينازع في الديون المدرجة بها خلال عشرة ايام من
تاريخ النشر في الصحف عن حصول الايداع» وتسلم المنازعة الي قلم كتاب المحكمة او ترسل اليه
بكتاب مسجل مصحوبا بعلم الوصول او ببرقية او تلكس او فاكس وعلي قلم الكتاب عرضها فورا علي
قاضي التفليسة ولا يضاف الي هذا الميعاد ميعاد للمسافة.",316
commerce_17_1999,قانون التجارة,17,1999,56565,مادة 56565,general,False,,109,109,"-1 يضع قاضي التفليسة بعد انقضاء الميعاد المنصوص عليه في المادة السابقة قايمة نهايية
بالديون غير المتنازع فيهاء ويوشر امين التفليسة علي البيان الذي يصحب مستندات هذه
الديون بما يفيد قبولها ومقدار ما قبل من كل دين منها.

؟1- ويجوز لقاضي التفليسة اعتبار الدين متنازعا فيه ولو لم تقدم بشانه اية منازعة.

""- ويفصل قاضي التفليسة في الديون المتنازع فيها خلال ثلاثين يوما من تاريخ انقضاء ميعاد
المنازعة» ويخطر قلم كتاب المحكمة ذوي الشان بميعاد الجلسة قبل انعقادها بثلاثة ايام علي
الاقل.",477
commerce_17_1999,قانون التجارة,17,1999,5655,مادة 5655,optional,False,,109,109,"-1 يجوز الطعن امام المحكمة في القرار الصادر من قاضي التفليسة بقبول الدين او رفضه.؛ وذلك
خلال عشرة ايام من تاريخ صدور القرارء اذا كانت قيمة الدين تزيد علي النصاب الانتهايي
للمحكمة الجزيية» ولا يترتب علي الطعن وقف اجراءات التفليسة الا اذا امرت المحكمة
بوقفها. 0

""- ويجوز للمحكمة قبل الفصل في الطعن ان تقضي بقبول الدين موقتا بمبلغ تقدره.

'- ولا يجوز الطعن في حكم المحكمة برفض الدين نهاييا او بقبوله.

5- واذا كان الطعن في الدين متعلقا بتاميناته وجب قبوله موقتا بوصفه دينا عاديا.

5- ولا يشترك الداين الذي لم يقبل دينه نهاييا او موقتا في اجراءات التفليسة.

مادة (/5651)

-1 لا يشترك الداينون الذين لم يقدموا طلباتهم في المواعيد المقررة في التوزيعات الجارية» وانما
يجوز لهما المنازعة امام قاضي التفليسة الي ان ينتهي توزيع النقود ويتحملون مصاريف
المنازعة.

-1 ولا يترتب علي المنازعة وقف تنفيذ التوزيعات التي امر بها قاضي التفليسة» ومع ذلك يجوز
للداينين المذكورين الاشتراك في التوزيعات الجديدة بالمبالغ التي يقدرها قاضي التفليسة تقديرا

""- واذا ثبتت ديونهم بعد ذلك فلا يجوز لهم المطالبة بحمصص في التوزيعات التي تمتء وانما
يجوز لهم ن ياخذوا من المبالغ الباقية دون توزيع انصبة ديونهم التي كانت توول اليهم لو انهم
اشتركوا في التوزيعات السابقة.

""- قفل التفليسة لعدم كفاية الاموال",1171
commerce_17_1999,قانون التجارة,17,1999,5657,مادة 5657,general,False,,109,109,"-1 اذا وقفت اعمال التفليسة لعدم كفاية الاموال قبل التصديق علي الصلح او قيام حالة الاتحاد»
جاز لقاضي التفليسة من تلقاء نفسه او بناء علي تقرير من امين التفليسة ان يامر بقفلها.

-1 ويترتب علي قرار قفل التفليسة لعدم كفاية اموالها ان يعود الي كل داين الحق في اتخاذ
الاجراءات ومباشرة الدعاوي الفردية ضد المفلس.

؟- واذا كان دين الداين قد حقق نهاتيا في التفليسة جاز له التنفيذ علي اموال المفلس بناء علي
شهادة من قاضي التفليسة بمقدار دينه» تعتبر بمثابة حكم نهايي فيما يتعلق بهذا التنفيذ.

109",484
commerce_17_1999,قانون التجارة,17,1999,559,مادة 559,mandatory,False,,110,110,"-1 يجوز للمفلس ولكل ذي مصلحة ان يطلب في كل وقت من قاضي التفليسة الغاء قرار قفل
التفليسة لعدم كفاية اموالها اذا اثبت وجود مال كاف لموجهة مصاريف اعمال التفليسة او اذا
سلم لامين التفليسة مبلغا كافيا لذلك.

؟- كما يجوز لقاضي التفليسة ان يامر من تلقاء نفسه او بناء علي طلب امين التفليسة باعادة فتح
التفليسة والاستمرار في اجراءاتها.

'- وفي جميع الاحوال يجب ان تدفع بالاولوية مصاريف الاجراءات التي تمت طبقا للفقرتين
السابقتين.

الفصل الخامس

انتهاء التفليسة

-1 انتهاء التفليسة لزوال مصلحة جماعة الداينين

مادة 0( 365
لقاضي التفليسة بعد وضع القايمة النهايية للديون المشار اليها في المادة 555 من هذا القانون ان يامر
في كل وقت بناء علي طلب المفلس بانهاء التفليسة اذا اثبت انه اوفي كل ديون الداينين الذين تحققت
ديونهم في التفليسة او انه اودع قلم كتاب المحكمة او لدي امين التفليسة المبالغ اللازمة لوفاء تلك
الديون من اصل وعوايد ومصاريف.",826
commerce_17_1999,قانون التجارة,17,1999,5551,مادة 5551,mandatory,False,,110,110,"-1 لا يجوز لقاضي التفليسة ان يامر بانهايها لزوال مصلحة جماعة الداينين الا بعد الاطلاع علي
تقرير من امين التفليسة يبين فيه تحقق احد الشرطين المشار اليهما في المادة السابقة.

؟- وتنتهي التفليسة بمجرد صدور قرار قاضي التفليسة بانهايها لزوال مصلحة جماعة الداينين
ويستعيد المفلس جميع حقوقه.

؟- الصلح القضايي",302
commerce_17_1999,قانون التجارة,17,1999,555,مادة 555,general,False,,110,110,"-1 علي قاضي التفليسة اذا طلب المدين الصلح ان يامر قبل كتاب المحكمة بدعوة الداينين الذين
قبلت ديونهم نهاتيا او موقتا لحضور المداولة في الصلح.

-1 وتوجه هذه الدعوة» في حالة عدم حصول اية منازعة في الديون» خلال الايام الخمسة التالية
لوضع القايمة النهايية بالديون المنصوص عليها في المادة 155 من هذا القانون وفي حالة
حصول المنازعة توجه الدعوة خلال الخمسة عشر يوما التالية لانتهاء ميعاد الطعن في اخر
قرار لقاضي التفليسة بشان قبول الديون او رفضها. 0

""- وعلي امين التفليسة» خلال الميعاد المنصوص عليه في الفقرة السابقة» ان يقوم بنشر الدعوة
لحضور المداولة في الصلح في الصحيفة اليومية التي نشر فيها حكم شهر الافلاس.",604
commerce_17_1999,قانون التجارة,17,1999,55,مادة 55,optional,False,,110,110,"-1 تنعقد جمعية الصلح برياسة قاضي التفليسة في المكان والزمان اللذين يعينهما.

؟- ويحضر الداينون الجمعية بانفسهم او بوكلاء مفوضين كتابة في الصلح.

""- ويدعي المفلس الي حضور الجمعية» ولا يجوز له ان ينيب عنه غيره الا لاسباب جدية يقبلها
قاضي التفليسة.",245
commerce_17_1999,قانون التجارة,17,1999,55154,مادة 55154,general,False,,110,111,"-1 يقدم امين التفليسة تقريرا الي جمعية الصلح مشتملا علي حالة التفليسة وما تم بشانها من

اجراءات» ومقترحات المفلس في الصلح وراي امين التفليسة في هذه المقترحات.
110
-1 ويتلي تقرير امين التفليسة في جمعية الصلح ويسلم موقعا منه الي قاضي التفليسة وتسمع اقوال

المفلس ان حضر ويحرر قاضي التفليسة محضرا بما تم في الجمعية.",312
commerce_17_1999,قانون التجارة,17,1999,5565,مادة 5565,optional,False,,111,111,"-1 لا يقع الصلح الا بموافقة اغلبية الداينين الذين قبلت ديونهم نهاييا او موقتا بشرط ان يكونوا
حايزين لثلثي قيمة هذه الديون» ولا يحسب في هاتين الاغلبيتين الداينون الذين لم يشتركوا في
التصويت كما لا تحسب ديونهم.

؟- ولا يجوز التصويت علي الصلح بالمراسلة.",250
commerce_17_1999,قانون التجارة,17,1999,555,مادة 555,mandatory,False,,111,111,"-1 لا يجوز لزوج المفلس ولاقاربه الي الدرجة الثانية الاشتراك في مداولات الصلح او التصويت
علي شروطه.

-1 واذا نزل احد هولاء الداينين المشار اليهم في المادة السابقة عن دينه الي الغير بعد صدور
الحكم بشهر الافلاس فلا يجوز للمتنازل اليه الاشتراك في مداولات الصلح او التصويت عليه.

مادة (/551)

-1 لا يجوز للداينين اصحاب التامينات العينية المقررة علي اموال المفلس الاشتراك في التصويت
علي الصلح بديونهم المضمونة بالتامينات المذكورة الا اذا نزلوا عن هذه التامينات مقدماء
ويجوز ان يكون التنازل مقصورا علي جزء من التامين بشرط الا يقل عما يقابل ثلث الدين»
ويذكر التنازل في محضر الجلسة. 0

-1 اذا اشترك احد الداينين المذكورين في الفقرة السابقة في التصويت علي الصلح دون ان يصرح
بالتنازل عن تامينه كله او بعضه اعتبر ذلك تنازلا عن التامين باجمعه.

""- وفي جميع الاحوال لا يكون التنازل عن التامين نهاييا الا اذا تم الصلح وصدقت عليه
المحكمة.

5- واذا ابطل الصلح عاد التامين الذي شمله التنازل.",873
commerce_17_1999,قانون التجارة,17,1999,554,مادة 554,general,False,,111,111,"-1 يوقع محضر الصلح في الجلسة التي تم فيها التصويت عليه والا كان لاغيا.

؟- واذا لم تتوافر احدي الاغلبيتين المنصوص عليهما في المادة 575 من هذا القانون تاجلت
المداولة مرة واحدة لمدة عشرة ايام.

""- ويجوز للداينين الذين حضروا الاجتماع الاول او كانوا ممثلين فيه ووقعوا محضر الصلح الا
يحضروا الاجتماع الثاني وفي هذه الحالة تبقي موافقتهم علي الصلح في الاجتماع الاول قايمة
ونافذة في الاجتماع الثاني الا اذا حضروا هذا في مقترحاته بشان الصلح في الفترة بين
الاجتماعين.",457
commerce_17_1999,قانون التجارة,17,1999,559,مادة 559,mandatory,False,,111,111,"لا يجوز عقد الصلح مع مفلس حكم عليه بعقوبة الافلاس بالتدليس» واذا بدا التحقيق مع المفلس في
جريمة الافلاس بالتدليس وجب تاجيل النظر في الصلح.

مادة )5171(
لا يحول الحكم علي المفلس بعقوبة الافلاس بالتقصير دون الصلح معهء واذا بدا التحقيق مع المفلس في
جريمة الافلاس بالتقصير جاز للداينين النظر في الصلح او تاجيل النظر فيه.",316
commerce_17_1999,قانون التجارة,17,1999,51071,مادة 51071,optional,False,,111,112,"-1 يجوز ان يتضمن الصلح منح المدين اجلا لوفاء الديون. كما يجوز ان يتضمن ابراءه من جزء
من الدين.

111
-1 ويجوز ان يعقد الصلح بشرط الوفاء اذا ايسر المدين خلال مدة تعين في عقد الصلح؛ علي الا
تجاوز خمس سنوات من تاريخ التصديق علي الصلح. ولا يعتبر المدين قد ايسر الا اذا زادت
قيمة موجوداته علي ديونه بما يعادل عشرة في الماية علي الاقل.

'- وللداينين ان يشترطوا تقديم كفيل او اكثر لضمان تنفيذ شروط الصلح.

مادة (؟5105)

-1 يجوز لكل داين له حق الاشتراك في عمل الصلح ان يبلغ قاضي التفليسة كتابة بما لديه من
اعتراض علي الصلح واسبابه وذلك خلال عشرة ايام من تاريخ التوقيع علي محضر الصلح.
-1 وعلي قاضي التفليسة خلال ثلاثة ايام من تاريخ انقضاء الميعاد المنصوص عليه في الفقرة
السابقة ان يرسل محضر الصلح الي المحكمة التي شهر الافلاس للتصديق علي الصلحء وذلك
مع تقرير من القاضي عن حالة التفليسة ورايه في شروط الصلح وبيان بالاعتراضات التي

قدمت علي الصلح واسبابها.",844
commerce_17_1999,قانون التجارة,17,1999,510,مادة 510,general,False,,112,112,"-1 يقوم قلم كتاب المحكمة باخطار المفلس والداينين الذين قدموا اعتراضات علي الصلح بتاريخ
الجلسة التي حددت للنظر في هذه الاعتراضات وفي طلب التصديق علي الصلح.

-1 وتفصل المحكمة في الاعتراضات وفي طلب التصديق علي الصلح بحكم واحد يكون نهاييا
سواء اكان بقبول التصديق علي الصلح ام برفض التصديق عليه

""- ويجوز للمحكمة ان ترفض التصديق علي الصلح ولو لم يقدم بشانه اي اعتراض وذلك اذا
وحدت اسباب تتصل بالمصلحة العامة او كانت مصلحة الداينين تبرر ذلك.

4- وتعين المحكمة في حكم التصديق علي الصلح مراقبا او اكثر للاشراف علي تنفيذ شروط
ل

و وا,فضت المحكمة الاعتراض علي الصلح جاز لها الحكم علي المعترض بغرامة لا تقل
عن الف جنيه ولا تجاوز خمسة الاف جنيه اذا تبين انه تعمد تاخير وقوع الصلح.",668
commerce_17_1999,قانون التجارة,17,1999,51075,مادة 51075,general,False,,112,112,"تسري شروط الصلح علي الداينين الذين تتالف منهم جماعة الداينين ولو لم يشتركوا في اجراءات
الصلح او اشتركوا فيها ولم يوافقوا عليه.",126
commerce_17_1999,قانون التجارة,17,1999,51075,مادة 51075,mandatory,False,,112,112,"-1 يشهر الحكم الصادر بالتصديق علي الصلح بالكيفية التي يشهر بها حكم الافلاس» ويشتمل
الملخص الذي ينشر في الصحف علي اسم المدين وموطنه ورقم قيده في السجل التجاري
وتاريخ حكم التصديق علي الصلح وملخص باهم شروط الصلح.

؟- وعلي امين التفليسة خلال عشرة ايام من تاريخ صدور الحكم بالتصديق علي الصلح قيد
دايرته عقار للمفلس» ويترتب علي هذا القيد انشاء رهن علي العقارات المذكورة لضمان
حقوق الداينين الذي يسري عليهم الصلح ما لم يتفق في الصلح علي غير ذلكء ويقوم المراقب
بشطب الرهن بعد تنفيذ شروط الصلح.

؟- وكذلك يجب علي امين التفليسة خلال الميعاد المذكور في الفقرة السابقة قيد ملخص حكم
التصديق علي الصلح باسم المراقب بوصفه نايبا عن الداينين في مكتب السجل التجاري الذي
يقع في دايرته متجر المفلس وفي كل مكتب للسجل المذكور يكون للمفلس في دايرته فرع او
مكتب او وكالة» ويترتب علي هذا القيد انشاء رهن علي المتجر لضمان حقوق الداينين الذين
يسري عليهم الصلح ما لم يتفق في الصلح علي غير ذلكء ويقوم المراقب بشطب الرهن بعد
تنفيذ شروط الصلح» وتسري في شان هذا الرهن الاحكام الخاصة برهن المتجر.

112",968
commerce_17_1999,قانون التجارة,17,1999,5105,مادة 5105,mandatory,False,,113,113,"-1 فيما عدا سقوط الحقوق المشار اليها في المادة 58 من هذا القانون تزول جميع اثار الافلاس
بصدور حكم التصديق علي الصلح.

-1 وعلي امين التفليسة ان يقدم حسابا ختامياء وتحصل مناقشة هذا الحساب بحضور قاضي
التفليسة,

""- تنتهي مهمة امين التفليسة ويستلم المفلس امواله ودفاتره واوراقه منه بموجب ايصال» ولا
يكون امين التفليسة مسيولا عن هذه الاشياء اذا لم يستلمها المفلس خلال سنة من تاريخ اقرار
الحساب الختامي.

ع ويحرر قاضي التفليسة محضرا بجميع ما تقدم» واذا قام نزاع فصل فيه.

مادة (51/1)

-1 يبطل الصلح اذا صدر بعد التصديق عليه حكم بادانة المفلس في احدي جرايم الافلاس
بالتدليس.

-1 وكذلك يبطل الصلح اذا ظهر بعد التصديق عليه تدليس ناشي عن اخفاء موجودات المفلس او
المبالغة في ديونه» وفي هذه الحالة يجب ان يكون طلب ابطال الصلح خلال ستة اشهر من
اليوم الذي يظهر فيه التدليس والا كان الطلب غير مقبول» وجميع الاحوال لا يكون طلب
ايطال الصلح مقبولا اذا قدم بعد انقضاء سنتين من تاريخ التصديق علي الصلح.

*- يترتب علي ابطال الصلح براءة ذمة الكفيل الذي يضمن تنفيذ شروطه.

:- تختص المحكمة التي اصدرت حكم شهر الافلاس بنظر دعوي ابطال الصلح.",1014
commerce_17_1999,قانون التجارة,17,1999,5104,مادة 5104,penalty,False,,113,113,"اذا بدا التحقيق مع المفلس في جريمة الافلاس بالتدليس بعد التصديق علي الصلح او اذا اقيمت عليه
الدعوي الجنايية في هذه الجريمة بعد التصديق علي الصلحء» جاز للمحكمة التي اصدرت حكم شهر
الافلاس» بناء علي طلب النيابة العامة او كل ذي مصلحة» ان تامر باتخاذ ما تراه من تدابير للمحافظة
علي اموال المدين» وتلغي هذه التدابير» بحكم القانون» اذا تقرر حفظ التحقيق او تقرر باان لا وجه
لاقامة الدعوي او حكم ببراءة المفلس.",401
commerce_17_1999,قانون التجارة,17,1999,5109,مادة 5109,general,False,,113,113,"-1 اذا لم يقم المفلس بتنفيذ شروط الصلح جاز طلب فسخه من المحكمة التي اصدرت حكم شهر
الافلاس.

-1 ولا يترتب علي فسخ الصلح براءة ذمة الكفيل الذي يضمن تنفيذ شروطه؛ ويجب تكليف هذا",173
commerce_17_1999,قانون التجارة,17,1999,58,مادة 58,mandatory,False,,113,113,"-1 تعين المحكمة في الحكم الصادر ببطلان الصلح او فسخه قاضيا للتفليسة وامينا لهاء وللمحكمة

""- وعلي امين التفليسة خلال خمسة ايام من تاريخ صدور الحكم ببطلان الصلح او بفسخه ان
ينشر ملخص هذا الحكم في صحيفة يومية يعينها قاضي التفليسة. 0
ويضع ميزانية اضافية.

:- ويدعو امين التفليسة الداينين الجدد لتقديم مستندات ديونهم لتحقيقها وفقا لاجراءات تحقيق
الديون.

5- وتحقق فورا الديون الجديدة دون ان يعاد تحقيق الديون التي سبق قبولهاء ومع ذلك يجب
استبعاد الديون التي دفعت بكاملها وتخفيض الديون التي دفع جزء منها.

113",504
commerce_17_1999,قانون التجارة,17,1999,581,مادة 581,optional,False,,114,114,"-1 التصرفات الحاصلة من المدين بعد التصديق علي الصلح وقبل ابطاله او فسخه تكون نافذة في
حق الداينين» ولا يجوز لهم طلب عدم نفاذها في حقهم الا طبقا للاحكام المنصوص عليها في
المادة 37"" من القانون المدني.

-1 تسقط دعوي عدم نفاذ التصرف المنصوص عليها في الفقرة السابقة بمضي سنتين من تاريخ
ايطال الصلح او فسخه.",301
commerce_17_1999,قانون التجارة,17,1999,585,مادة 585,general,False,,114,114,"-1 تعود الي الداينين بعد ابطال الصلح او فسخه ديونهم كاملة وذلك بالنسبة الي المفلس فقط.

؟- ويشترك هولاء الداينون في جماعة الداينين بديونهم الاصلية كاملة اذا لم يكونوا قد قبضوا شييا
من القدر الذي تقرر لهم في الصلح والا وجب تخفيض ديونهم الاصلية بنسبة ما حصلوا عليه
من القدر المذكور.

""- تسري الاحكام المذكورة في الفقرتين السابقتين في حالة شهر افلاس المدين مرة اخري قبل ان
يصدر حكم بابطال الصلح او بفسخه.

*- الصلح مع التخلي عن الاموال",432
commerce_17_1999,قانون التجارة,17,1999,5819,مادة 5819,optional,False,,114,114,"-1 يجوز ان يعقد الصلح علي ان يتخلي المدين عن امواله كلها او بعضها لبيعها وتوزيع ثمنها
علي الداينين.

؟- يبتع فيما يتعلق بشروط هذا الصلح واثاره وابطاله وفسخه الاحكام الخاصة بالصلح القضايي
ومع ذلك يظل المدين ممنوعا من التصرف في الاموال التي تخلي عنها وادارتها.

؟- تباع الاموال التي يتخلي عنها المدين ويوزع ثمنها طبقا للقواعد المقررة لبيع وتوزيع اموال
المفلس في حالة الاتحاد.

5- اذا كان الثمن عن بيع الاموال التي تخلي عنها المدين يجاوز الديون المطلوبة منه وجب رد
المقدار الزايد اليه.

- اتحاد الداينين",500
commerce_17_1999,قانون التجارة,17,1999,584,مادة 584,general,False,,114,114,"يصير الداينون في حالة اتحاد بحكم القانون في الحالات الاتية:
(ا) اذالم يطلب المدين الصلح.
(ب) اذا طلب المدين الصلح ورفضه الداينون او رفضت المحكمة التصديق عليه
(ج) اذا حصل المدين علي الصلح ثم ابطل.",195
commerce_17_1999,قانون التجارة,17,1999,5765,مادة 5765,general,False,,114,115,"-1 يدعو قاضي التفليسة الداينين اثر قيام حالة الاتحاد للمداولة في شيون التفليسة والنظر في ابقاء
امين التفليسة او تغييره» ويسمي في هذه المرحلة امين الاتحاد وللداينين اصحاب التامينات
العينية المقررة علي اموال المفلس الاشتراك في هذه المداولات والتصويت دون ان يترتب
علي ذلك سقوط تاميناتهم.

-1 اذا قررت اغلبية الداينين الحاضرين تغيير امين التفليسة وجب علي قاضي التفليسة تعيين
غيره فورا.

114
""- علي امين التفليسة السابق ان يقدم الي امين الاتحاد في الميعاد الذي يعينه قاضي التفليسة

وبحضوره حسابا عن ادارته ويخطر المدين بميعاد تقديم الحساب.",534
commerce_17_1999,قانون التجارة,17,1999,585,مادة 585,general,False,,115,115,"-1 يوخذ راي الداينين خلال الاجتماع المنصوص عليه في المادة السابقة في امر تقرير اعانة من
اموال التفليسة للمفلس او لمن يعولهم.

؟- اذا وافقت اغلبية الداينين الحاضرين علي تقرير الاعانة للمفلس او لمن يعولهم وجب علي
قاضي التفليسة» بعد اخذ راي امين الاتحاد وراي المراقبء تعيين مقدار الاعانة.

'- ويجوز لامين الاتحاد» دون غيره» الطعن امام المحكمة في قرار قاضي التفليسة بتعيين مقدار
الاعانة» وفي هذه الحالة يصرف نصف الاعانة لمن تقررت له الي حين الفصل في الطعن.",452
commerce_17_1999,قانون التجارة,17,1999,541,مادة 541,mandatory,False,,115,115,"-1 لا يجوز لامين الاتحاد الاستمرار في تجارة المدين ولو كان ماذونا في ذلك من قبل الا
بعد الحصول علي تفويض يصدر باغلبية تمثل ثلاثة ارباع الداينين عددا ومبلغاء ويجب
ان يعين في التفويض مدته وسلطة امين الاتحاد والمبالغ التي يجوز له استبقاوها تحت
يده لتشغيل التجارة.

؟- ولا يجوز تنفيذ التفويض بالاستمرار في التجارة الا بعد تصديق قاضي التفليسة عليه.

*- واذا نشات عن الاستمرار في التجارة التزامات تزيد علي اموال الاتحاد وكان الداينون
الذين وافقوا علي الاستمرار في التجارة مسيولين في اموالهم الخاصة دون تضامن
بينهم عن الزيادة بشرط ان تكون ناشية عن اعمال تدخل في حدود التفويض الصادر
منهم» وتكون مسيولية كل داين بنسبة دينه.",614
commerce_17_1999,قانون التجارة,17,1999,584,مادة 584,general,False,,115,115,"-1 لامين الاتحاد بيع منقولات المفلس ومتجره واستيفاء ما له من حقوق اما بيع عقارات
المفلس فيجب ان يتم باذن من قاضي التفليسة.

-1 اذا لم يكن قد بدي في التنفيذ علي عقارات المفلس قبل قيام حالة الاتحاد كان لامين
الاتحاد دون غيره حق التنفيذ عليهاء ويجب عليه البدء في ذلك خلال الايام العشرة
التالية لقيام حالة الاتحاد ما لم يامر قاضي التفليسة بتاجيل التنفيذ.

7( ويجوز لامين الاتحاد الصلح او قبول التحكيم في جميع حقوق المفلس بشرط مراعاة
الاحكام المنصوص عليها في المادة 555 من هذا القانون.",480
commerce_17_1999,قانون التجارة,17,1999,549,مادة 549,optional,False,,115,116,"-1 يجري بيع منقولات المفلس بالكيفية التي يعينها قاضي التفليسة.

؟- ويجري بيع العقارات وفقا للاحكام المنصوص عليها في قانون المرافعات المدنية
والتجارية بشان بيع عقار المفلس.

""- ولا يجوز لامين الاتحاد بيع موجودات التفليسة دفعة واحدة مقابل مبلغ اجمالي الا بعد
استيذان قاضي التفليسة.

(""» مصححة بالاستدراك المنشور بالجريدة الرسمية- العدد 18 (مكرر) في 17؟/6/10075.
115
4- يجوز لكل ذي مصلحة الطعن في قرار قاضي التفليسة بشان تعيين كيفية بيع منقولات

تنفيذ القرار الا اذا امرت المحكمة بغير ذلك.",486
commerce_17_1999,قانون التجارة,17,1999,59,مادة 59,optional,False,,116,116,"-1 يودع امين الاتحاد المبالغ الناتجة عن بيع اموال المفلس خزانة المحكمة او بنكا بعينه
قاضي التفليسة وذلك في يوم العمل التالي للتحصيل علي الاكثر.

-1 ويقدم امين الاتحاد الي قاضي التفليسة بيانا شهريا عن حالة التصفية ومقدار المبالغ
المودعة ولا يجوز سحب هذه المبالغ الا بامر من قاضي التفليسة او بشيك يوقعه
القاضي وامين الاتحاد.",322
commerce_17_1999,قانون التجارة,17,1999,591,مادة 591,general,False,,116,116,"-1 تستنزل من المبالغ الناتجة عن بيع اموال المفلس الرسوم ومصاريف ادارة التفليسة
وديون دايني جماعة الداينين والاعانات المقررة للمفلس ولمن يعولهم» والمبالغ
المستحقة للداينين الممتازين» ويوزع الباقي بين الداينين بنسبة ديونهم المحققة.

-1 وتجنب حصة الديون المتنازع فيها والديون التي قبلت موقتا وتحفظ حتي يفصل في
شانها.

مادة (؟595)
يامر قاضي التفليسة باجراء التوزيعات بين الداينين ويعين مقدار المبلغ الذي يوزع؛ وعلي امين
الاتحاد اخطار الداينين بذلك» ولقاضي التفليسة» عند الاقتضاء» ان يامر قرار التوزيع في
صحيفة يومية يعينها.",519
commerce_17_1999,قانون التجارة,17,1999,595,مادة 595,mandatory,False,,116,116,"-1 لا يجوز لامين الاتحاد الوفاء بحصة الداين في التوزيعات الا اذا قدم الداين سند الدين
موشرا عليه بتحقيقه وقبوله» ويوشر علي سند الدين بالمبالغ المدفوعة.

؟- واذا تعذر علي الداين تقديم سند الدين جاز لقاضي التفليسة ان ياذن بدفع دينه بعد
التحقق من قبوله.

3 وفي جميع الاحوال يجب ان يعطي الداين مخالصة علي قايمة التوزيع.",315
commerce_17_1999,قانون التجارة,17,1999,595,مادة 595,general,False,,116,116,"اذا انقضت ستة اشهر من تاريخ قيام حالة الاتحاد دون انجاز التصفية وجب علي امين الاتحاد
ان يقدم الي قاضي التفليسة تقريرا عن حالة التصفية واسباب التاخير في انجازهاء ويرسل
انقضت ستة اشهر دون ان ينجز امين الاتحاد اعمال التصفية.",221
commerce_17_1999,قانون التجارة,17,1999,5965,مادة 5965,general,False,,116,117,"-1 يقدم امين الاتحاد بعد الانتهاء من اعمال التصفية حسابا ختاميا الي قاضي التفليسة»
ويرسل القاضي هذا الحساب الي الداينين مع دعوتهم للاجتماع لمناقشته» ويخطر
المفلس بهذا الاجتماع وله حضوره.

-1 وينحل الاتحاد وتعتبر التفليسة منتهية بحكم القانون بعد المصادقة علي الحساب المشار
اليه في الفقرة السابقة.

116
*- ويكون امين الاتحاد مسيولا لمدة سنة من تاريخ انتهاء التفليسة عن الدفاتر والمستندات
والاوراق المسلمة اليه.",408
commerce_17_1999,قانون التجارة,17,1999,595,مادة 595,general,False,,117,117,"يعود الي كل داين بعد انتهاء حالة الاتحاد الحق في التنفيذ علي المدين للحصول علي الباقي من
دينه» ويعتبر قبول الدين في التفليسة بمثابة حكم نهايي فيما يتعلق بهذا التنفيذ.
الفصل السادس
الاجراءات المختصرة",198
commerce_17_1999,قانون التجارة,17,1999,591,مادة 591,general,False,,117,117,"اذا تبين بعد جرد اموال المفلس ان قيمتها لا تزيد علي خمسين الف جنيه جاز لقاضي التفليسة

من تلقاء نفسه او بناء علي طلب من امين التفليسة او احد الداينين ان يامر بالسير في اجراءات

التفليسة وفقا لاحكام الافلاس المنصوص عليها في هذا الباب معدلة كما يلي:

(ا) تخفض الي النصف المواعيد المنصوص عليها في الفقرة الاولي من المادة 555 والمادة
1 والفقرة الثانية من المادة ”557 والمادة 555 والفقرة الثالثة من المادة 55"" من هذا
القانون.

(ب) تكون جميع قرارات قاضي التفليسة غير قابلة للطعن فيها.

(ج) لا يعين مراقب للتفليسة.

(د) في حالة المنازعة في الديون عند تحقيقها يدعي الداينون للمداولة في الصلح خلال خمسة
ايام من تاريخ الانتهاء من الفصل في المنازعة.

() يكون الصلح نافذا بمجرد الموافقة عليه في اجتماع الداييين ويجب ان يصدق عليه قاضي
التفليسة في هذا الاجتماع ولا يقبل اي اعتراض عليه.

(و) لا يغير امين التفليسة عند قيام حالة الاتحاد.

(ز) لا يجري الا توزيع واحد علي الداينين بعد الانتهاء من بيع اموال التفليسة.

الفصل السابع
افلاس الشركات",926
commerce_17_1999,قانون التجارة,17,1999,594,مادة 594,general,False,,117,117,تسري علي افلاس الشركات الاحكام المذكورة في هذا الباب والقواعد التالية.,70
commerce_17_1999,قانون التجارة,17,1999,599,مادة 599,mandatory,False,,117,121,"-1 فيما عدا شركات المحاصة؛ء تعد في حالة افلاس» كل شركة اتخذت احد الاشكال
المنصوص عليها في قانون الشركات اذا توقفت عن دفع ديونها اثر اضطراب اعمالها
المالية» ويلزم شهر افلاسها بحكم يصدر بذلك.

؟- ويجوز شهر افلاس الشركة ولو كانت في دور التصفية.

مادة 0( 0
-1 لا يجوز للممثل القانوني للشركة ان يطلب شهر افلاسها الا بعد الحصول علي اذن بذلك
من اغلبية الشركاء او من الجمعية العامة حسب الاحوال.
117
1 7 تقدم الصحيفة المشار اليها في المادة “551 من هذا القانون الي قلم كتاب المحكمة
التي يقع في دايرتها المركز الرييسي للشركة» فاذا كان هذا المركز موجودا خارج
مصر وجب تقديم الصحيفة الي قلم كتاب المحكمة التي يقع في دايرتها مركز الادارة
المحلي.

""'- ويجب ان تشتمل الصحيفة علي اسماء الشركاء المتضامنين الحاليين والذين خرجوا من
الشركة بعد توقفها عن الدفع مع بيان موطن كل شريك متضامن وجنسيته وتاريخ شهر

)7111( مادة

-1 يجوز لداين الشركة طلب شهر افلاسها ولو كان شريكا فيهاء اما الشركاء غير الداينين
فلا يجوز لهم بصفتهم الفردية طلب شهر افلاس الشركة.

؟- اذا طلب الداين شهر افلاس الشركة؛» وجب اختصام كافة الشركاء المتضامنين.

(""؟ مصححة بالاستدراك المنشور بالجريدة الرسمية- العدد 7 (مكرر) في.19199/9/717
1165
مادة 07,0151
يجوز للمحكمة من تلقاء ذاتها او بناء طلي طلن الشركة ان توجل النظر في شهر افلاسها لمدة
لا تجاوز ثلاثة اشهر اذا كان من المحتمل دعم مركزها المالي او اذا اقتضت مصلحة الاقتصاد
القومي ذلك» وللمحكمة ان تامر باتخاذ ما تراه من تدابير المحافظة علي موجودات الشركة.
مادة )71*(

-1 اذا شهر افلاس الشركة وجب شهر افلاس جميع الشركاء المتضامنين فيهاء ويشمل
شهر الافلاس الشريك المتضامن الذي خرج من الشركة بعد توقفها عن الدفع اذا طلب
شهر افلاس الشركة قبل انقضاء سنة من تاريخ شهر خروج الشريك في السجل
التجاري.

-1 وتقضي المحكمة بحكم واحد بشهر افلاس الشركة والشركاء المتضامنين ولو لم تكن
مختصة بشهر افلاس هولاء الشركاء.

-0 وتعين المحكمة لتفليسة الشركة وتفليسات الشركاء المتضامنين قاضيا واحد وامينا واحدا
او اكثرء ومع ذلك تكون كل تفليسة مستقلة عن غيرها من التفليسات من حيث
موجوداتها وخصومها وادارتها وتحقيق ديونها وكيفية انتهايها.

)71 4( مادة

-1 اذا طلب شهر افلاس الشركة جاز للمحكمة ان تقضي ايضا بشهر افلاس كل شخص قام
تحت ستار هذه الشركة باعمال تجارية لحسابه الخاص وتصرف في اموال الشركة كما
لو كانت امواله الخاصة. 1

؟- واذا تبين ان موجودات الشركة لا تكفي لوفاء 9001 علي الاقل من ديونهاء جاز
للمحكمة بناء علي طلب قاضي التفليسة ان تقضي بالزام اعضاء مجلس الادارة او
المديرين كلهم او بعضهم بالتضامن بينهم او بغير تضامن بدفع ديون الشركة كلها او
بعضها الا اذا اثبتوا انهم بذلوا في تدبير شيون الشركة عناية الرجل الحريص.

""- ويجوز للمحكمة من تلقاء ذاتها او بناء علي طلب قاضي التفليسة ان تقضي باسقاط
الحقوق المنصوص عليها في المادة 584 من هذا القانون عن اعضاء مجلس ادارة
الشركة او مديريها الذين ارتكبوا اخطاء جسيمة ادت الي اضطراب اعمال الشركة
وتوقفها عن الدفع.

مادة (ه )01

-1 يقوم الممثل القانوني عن الشركة التي شهر افلاسها مقامها في كل امر يستلزم فيه
القانون اخذ راي المفلس او حضوره» وعليه الحضور امام قاضي التفليسة او امينها
متي طلب منه ذلك والادلاء بما يطلب من معلومات او ايضاحات.

مادة )715(
يجوز لامين التفليسة بعد استيذان قاضي التفليسة ان يطالب الشركاء بدفع الباقي من حصصهم
في راس المال ولو لم يحل ميعاد استحقاقه» ولقاضي التفليسة ان يامر بقصر هذه المطالبة علي
القدر اللازم لوفاء ديون الشركة.

مادة )7107(
لا تخضع سندات القرض التي اصدرتها الشركة لاجراءات تحقيق الديون» وتقبل هذه السندات
بقيمتها الاسمية بعد استنزال ما تكون الشركة قد دفعته منهاء واذا اشترط اداء مكافاة عند الوفاء

119
بسند القرض وجب قبول السند بقيمته الاسمية مضافا اليها الجزء الذي استحق من المكافاة حتي
صدور الحكم بشهر الافلاس.
مادة )714(
-1 توضع مقترحات الصلح بموافقة اغلبية الشركاء او الجمعية العامة علي حسب الاحوال.
مادة )715(
اذا كان الصلح خاصا بشركة اصدرت سندات قرض تجاوز قيمتها ثلث مجموع ديونها فلا
يجوز منحها الصلح الا اذا وافقت علي شروطه الجمعية العامة لجماعة مالكي هذه السندات»
وتوجل دعوة الداينين الي الاجتماع للمداولة في الصلح الي ا ن تصدر تلك الموافقة.
مادة )711(
-1 اذا انتهت تفليسة الشركة بالاتحاد وتم الصلح مع واحد او اكثر من الشركاء المتضامنين
الشريك الذي حصل علي الصلح من التضامن.
-1 واذا تم الصلح مع الشركة وانتهت تفليسات الشركاء المتضامنين بالاتحاد استمرت
الشركة قايمة الا اذا كان موضوع الصلح هو التخلي عن جميع اموالها.
""- واذا انتهت تفليسة الشركة وتفليسات الشركاء بالصلح اعتبر كل صلح مستقلا عن غيره
مادة )7111(
لا تحل الشركة بانتهاء تفليستها بالاتحاد» ومع ذلك يجوز حل هذه الشركة اذا تبين ان ما بقي من
موجوداتها بعد تصفية الاتحاد لا يكفي لمتابعة اعمالها علي وجه مجد.
الفصل الثامن
رد الاعتبار التجاري
مادة )715(
فيما عدا حالة الافلاس بالتدليس تعود بحكم القانون جميع الحقوق التي سقطت عن المفلس طبقا
للمادة 58 من هذا القانون بعد انقضاء ثلاث سنوات من تاريخ انتهاء التفليسة.
مادة )71(
يجب الحكم برد الاعتبار الي المفلس ولو لم ينقض الميعاد المنصوص عليه في المادة السابقة اذا
اوفي جميع ديونه من اصل ومصاريف وعوايد مدة لا تزيد علي سنتين.
واذا كان المفلس شريكا متضامنا في شركة حكم بشهر افلاسها فلا يرد اليه اعتباره وجوبا الا
اذا اوفي جميع ديون الشركة من اصل ومصاريف وعوايد مدة لا تزيد علي سنتين.
مادة )715(
يجوز الحكم برد الاعتبار الي المفلس ولو لم ينقض الميعاد المنصوص عليه في المادة 11/ا من
هذا القانون في الحالتين الاتيتين:-
120
(ا) اذا حصل المفلس علي صلح من داينيه ونفذ شروطه» ويسري هذا الحكم علي
الشريك المتضامن في شركة حكم بشهر افلاسها اذا حصل هذا الشريك علي صلح
خاص به ونفذ شروطه.
(ب) اذا اثبت المفلس ان الداينين قد ابرءوا ذمته من جميع الديون او انهم اجمعوا علي
الموافقة علي رد اعتباره.
مادة (ه17)
اذا امتنع احد الداينين عن قبض دينه او كان غايبا او تعذر معرفة موطنه جاز ايداع الدين خزانة
المحكمة وتقوم شهادة الايداع فيما يتعلق برد الاعتبار مقام التخالص.",5317
commerce_17_1999,قانون التجارة,17,1999,715,مادة 715,mandatory,False,,121,121,"-1 لا يرد الاعتبار الي المفلس الذي صدر عليه حكم بالادانة في احدي جرايم الافلاس
بالتقصير الا بعد تنفيذ العقوبة المحكوم بها او صدور عفو عنها او انقضايها بمضي
المدة.

-1 ولا يرد الاعتبار الي المفلس الذي صدر عليه حكم بالادانة في احدي جرايم الافلاس
بالتدليس الا بعد انقضاء مدة خمس سنوات من تاريخ تنفيذ العقوبة المحكوم بها او
صدور عفو عنها.

'- وفي جميع الاحوال المذكورة في الفقرتين السابقتين لا يجوز رد الاعتبار الي المفلس
الا اذا كان قد وفي جميع الديون المطلوبة منه من اصل ومصاريف وعوايد مدة لا تزيد
علي سنتين» او اجري تسوية بشانها مع الداينين.",540
commerce_17_1999,قانون التجارة,17,1999,7110,مادة 7110,general,False,,121,121,"يرد الاعتبار الي المفلس بعد وفاته بناء علي طلب احد الورثة وذلك طبقا للاحكام المنصوص
عليها في المواد السابقة.",108
commerce_17_1999,قانون التجارة,17,1999,714,مادة 714,general,False,,121,121,"-1 يقدم طلب رد الاعتبار مرفقا به المستندات المويدة له الي قلم كتاب المحكمة التي

؟- ويرسل قلم كتاب المحكمة فورا صورة من الطلب الي النيابة العامة

""- وينشر ملخص الطلب في احدي الصحف اليومية التي تصدر او توزع في دايرة
المحكمة علي نفقة المدين. ويجب ان يشتمل هذا الملخص عل اسم المدين وتاريخ
صدور حكم شهر الافلاس وكيفية انتهاء التفليسة والتنبيه علي الداينين بتقديم
اعتراضاتهم ان كان لها مقتضي.",387
commerce_17_1999,قانون التجارة,17,1999,719,مادة 719,mandatory,False,,121,122,"تودع النيابة العامة قلم كتاب المحكمة خلال ثلاثين يوما من تاريخ تسلمها صورة طلب رد
الاعتبار تقريرا يشتمل علي بيانات عن نوع الافلاس والاحكام التي صدرت علي المفلس في
جرايم الافلاس او المحاكمات او التحقيقات الجارية معه في هذا الشان.

مادة (1؟7)
لكل داين لم يستوف حقه ان يقدم اعتراضا علي طلب رد الاعتبار خلال ثلاثين يوما من تاريخ
نشر الطلب في الصحفء ويكون الاعتراض بتقرير كتابي يقدم الي قلم كتاب المحكمة مرفقا به
المستندات المويدة له.

121
مادة (11؟7)
يقوم قلم كتاب المحكمة بعد انقضاء الميعاد المنصوص عليه في المادة السابقة باخطار الداينين
الذين قدموا معارضات في طلب رد الاعتبار بتاريخ الجلسة المحددة لنظر الطلب.

مادة (؟5؟7)

-1 تفصل المحكمة في طلب رد الاعتبار بحكم انتهايي.

""- واذا قضت المحكمة برفض الطلبء فلا يجوز تقديمه من جديد الا بعد انقضاء سنة من
تاريخ صدور الحكم.

مادة (؟7)
اذا اجريت قبل الفصل في طلب رد الاعتبار تحقيقات المفلس بشان احدي جرايم الافلاس او
اقيمت عليه الدعوي الجنايية بذلك» وجب علي النيابة العامة اخطار المحكمة فوراء وعلي
المحكمة ان توقف الفصل في طلب رد الاعتبار حتي انتهاء التحقيقات او صدور الحكم النهايي
في الدعوي الجنايية.

مادة (4 ؟7)
اذا صدر علي المدين حكم بالادانة في احدي جرايم الافلاس بعد صدور الحكم برد الاعتبار
اعتبر هذا الحكم كان لم يكن» ولا يجوز للمدين الحصول بعد ذلك علي رد الاعتبار الا بالشروط
النصوص عليها في المادة 51لا من هذا القانون.

الفصل التاسع

الصلح الواقي من الافلاس

مادة (ه ؟7)

-1 لكل تاجر يجوز شهر افلاسه ولم يرتكب غشا او خطا لا يصدر عن التاجر العادي ان
يطلب الصلح الواقي من الافلاس اذا اضطربت اعماله المالية اضطرابا من شانه ان
يودي الي توقفه عن الدفع.
الافلاس اذا توافرت فيه الشروط المذكورة في الفقرة السابقة وقدم طلب الصلح خلال
الميعاد المنصوص عليه في المادة 557 من هذا القانون.

""- وفيما عدا شركات المحاصة يجوز منح الصلح الواقي من الافلاس لكل شركة توافرت
فيها الشروط المنصوص عليها في الفقرتين السابقتين» ومع ذلك لا يجوز منح هذا
الصلح للشركة وهي في دور التصفية.

مادة (5؟7)

-1 لا يقبل طلب الصلح الواقي من الافلاس الا اذا كان الطالب قد زاول التجارة بصفة
مستمرة خلال السنتين السابقتين علي تقديم الطلب وقام خلال هذه المدة بما تفرضه عليه
الاحكام الخاصة بالسجل التجاري وبالدفاتر التجارية.

؟- ولا يجوز للشركاء طلب الصلح الواقي الا بعد الحصول علي اذن بذلك من اغلبية
الشركاء او من الجمعية العامة علي حسب الاحوال.

122",2160
commerce_17_1999,قانون التجارة,17,1999,077107,مادة 077107,mandatory,False,,123,123,"-1 لمن ال اليهم المتجر بطريق الارث او الوصية ان يطلبوا الصلح الواقي اذا قرروا
الاستمرار في التجارة وكان التاجر قبل وفاته ممن يجوز لهم الحصول علي هذا الصلح.
؟- ويجب ان يطلب الورثة او الموصي اليهم الصلح الواقي خلال ثلاثة اشهر من تاريخ
الوفاة واذا لم يتفق الورثة او الموصي اليهم جميعا علي طلب الصلح» وجب علي
ذوي الشان.
مادة (8؟7)
لا يجوز للمدين اثناء تنفيذ الصلح ان يطلب منحه صلحا اخر.
مادة (9؟75)
اذا قدم الي المحكمة طلب لشهر افلاس المدين وطلب اخر بالصلح الواقي من الافلاس» فلا
يجوز الفصل في طلب شهر الافلاس الا بعد الفصل في طلب الصلح.
مادة )0701(
يقدم طلب الصلح الواقي الي قلم كتاب المحكمة الابتدايية المختصة بشهر الافلاس يبين فيه
اسباب اضطراب الاعمال ومقترحات الصلح وضمانات تنفيذهاء واذا لم يتمكن الطالب من تقديم
كل هذه البيانات او بعضها وجب بيان اسباب ذلك.",757
commerce_17_1999,قانون التجارة,17,1999,71,مادة 71,general,False,,123,124,"يرفق بطلب الصلح الواقي ما ياتي:-
الوثايق المويدة للبيانات المذكورة فيه.
شهادة من مكتب السجل التجاري تثبت قيام التاجر بما تفرضه الاحكام الخاصة بالسجل
التجاري خلال السنتين السابقتين علي طلب الصلح.
شهادة من الغرفة التجارية تفيد مزاولة التجارة بصفة مستمرة خلال السنتين السابقتين
علي طلب الصلح.
صورة من الميزانية وحساب الارباح والخساير عن السنتين السابقتين علي طلب الصلح.
بيان اجمالي بالمصروفات الشخصية في السنتين السابقتين علي طلب الصلح.
بيان تفصيلي بالاموال المنقولة وغير المنقولة وقيمتها التفريبية عند طلب الصلح.
لها.
احكام.
واذا كان الطلب خاصا بشركة وجب ان يرفق به فضلا عن الوثايق المذكورة في الفقرة
السابقة صورة من عقد الشركة ونظامها مصدقا عليها من مكتب السجل التجاري
والوثايق المثبتة لصفة مقدم الطلب وصورة من قرار الشركاء او الجمعية العامة بطلب
الصلح وبيان باسماء الشركاء المتضامنين وعناوينهم وجنسياتهم.
ويجب ان تكون تلك الوثايق مورخة وموقعة من طالب الصلح. واذا تعذر تقديم بعضها او
استيفاء بياناتها وجب ان يتضمن الطلب اسباب ذلك.
مادة (؟7)
123
-1 للمحكمة التي تنظر في طلب الصلح ان تامر باتخاذ التدابير اللازمة للمحافظة علي
اموال المدين الي حين الفصل في الطلب.
؟- ويجوز للمحكمة ان تتخذ من الاجراءات ما يمكنها من الاحاطة بحالة المدين المالية
واسباب اضطرابها.
الطلب بحكم انتهايي.",1176
commerce_17_1999,قانون التجارة,17,1999,0777,مادة 0777,mandatory,False,,124,124,"يجب ان تقضي المحكمة برفض طلب الصلح الواقي في الاحوال الاتية:-
اذا لم يقدم طالب الصلح الوثايق والبيانات المنصوص عليها في المادة 771 من هذا القانون
او قدمها ناقصة دون مسوغ.
اذا سبق الحكم علي التاجر بالادانة في احدي جرايم الافلاس بالتدليس او في جريمة التزوير
الاموال العامة ما لم يكن قد رد اليه اعتباره.
(ج) اذا اعتزل التجارة او لجا الي الفرار.
مادة (4 7)
اذا قضت المحكمة برفض طلب الصلح الواقي جاز ان تحكم علي التاجر بغرامة لا تقل عن الف
جنيه ولا تزيد علي خمسة الاف جنيه اذا تبين لها انه تعمد الايهام باضطراب اعماله او احداث
الاضطراب فيها.
مادة (ه؟07)
-1 اذا قضت المحكمة بقبول الصلح الواقي؛ وجب ان تامر بافتتاح الاجراءات.
؟- ويجب ان يتضمن الحكم ما ياتي:
(ا) ندب احد قضاة المحكمة للاشراف علي اجراءات الصلح.
(ب) تعيين امين او اكثر لمباشرة اجراءات الصلح ومتابعتها.
اجراءات الصلح او بوقفها اذا لم يودع المدين الامانة في الميعاد الذي عينته.
مادة (0""5)(*)
يعين امين الصلح من بين الاشخاص المرخص لهم في مزاولة مهنة امين التفليسة؛ وتسري في
هذا الشان الاحكام المنصوص عليها في المادة 517 من هذا القانون.
مادة (0/)(**)
تسري علي القرارات التي يصدرها القاضي المشرف علي الصلح الاحكام المنصوص عليها في
المادتين 9/اه5,. 5801 من هذا القانون.
7"" مصححة بالاستدراك المنشور بالجريدة الرسمية- العدد 7 (مكرر) في.1199/9/71
** مصححة بالاستدراك المنشور بالجريدة الرسمية- العدد 4"" (مكرر) في.19199/9/717
124",1275
commerce_17_1999,قانون التجارة,17,1999,79,مادة 79,mandatory,False,,125,125,"-1 يخطر قلم الكتاب امين الصلح بالحكم الصادر بتعيينه فور صدوره.

-1 ويقوم امين الصلح خلال خمسة ايام من تاريخ الاخطار بقيد الحكم بافتتاح اجراءات
الصلح في السجل التجاري ونشر ملخصه مصحوبا بدعوة الداينين الي الاجتماع في
صحيفة يومية يعينها القاضي المشرف.

؟- وعلي امين الصلح ان يرسل في الميعاد المذكور في الفقرة السابقة الدعوة الي الاجتماع
مرفقا بها مقترحات الصلح الي الداينين المعلومة عناوينهم.

مادة (85/)

-1 يقوم القاضي المشرف فور صدور الحكم بافتتاح اجراءات الصلح بقفل دفاتر المدين
ووضع توقيعه عليها.

ا ويباشر امين الصلح خلال اربع وعشرين ساعة من وقت اخطاره بصدور الحكم

)741( مادة

-1 يبقي المدين بعد صدور الحكم بافتتاح اجراءات الصلح قايما علي ادارة امواله باشراف
امين الصلح, وله ان يقوم بجميع التصرفات العادية التي تقتضيها اعماله التجارية؛» ومع
ذلك لا يجوز الاحتجاج علي الداينين بالتبرعات التي يجريها المدين بعد صدور الحكم
المذكور.

؟- ولا يجوز للمدين بعد صدور الحكم بافتتاح اجراءات الصلح ان يعقد صلحا او رهنا من
اي نوع او ان يجري تصرفا ناقلا للملكية لا تستلزمه اعماله التجارية العادية الا بعد
الحصول علي اذن من القاضي المشرفء وكل تصرف يتم علي خلاف ذلك لا يحتج به
علي الداينين.",1077
commerce_17_1999,قانون التجارة,17,1999,741,مادة 741,optional,False,,125,125,"اجراءات الصلحء اما الدعاوي المرفوعة من المدين واجراءات التنفيذ التي باشرها
فتبقي سارية مع ادخال امين الصلح فيها.
؟- ولا يجوز بعد صدور الحكم بافتتاح اجراءات الصلح التمسك قبل الداينين بقيد الرهون
وحقوق الامتياز والاختصاص المقررة علي اموال المدين.",244
commerce_17_1999,قانون التجارة,17,1999,745,مادة 745,general,False,,125,125,"لا يترتب علي صدور الحكم بافتتاح اجراءات الصلح حلول اجال الديون التي علي المدين او
وقف سريان عوايدها.

مادة (*74)
اذا اخفي المدين بعد تقديم طلب الصلح جزءا من امواله او اتلفه او اجري بسوء نية تصرفات
ضارة بالداينين او تصرفات مخالفة لاحكام المادة 740 من هذا القانون تقضي المحكمة من تلقاء
ذاتها بالغاء اجراءات الصلح.",311
commerce_17_1999,قانون التجارة,17,1999,744,مادة 744,general,False,,125,126,"125
-1 علي جميع الداينين ولو كانت ديونهم غير حالة او مضمونة بتامينات خاصة او ثابتة
باحكام نهايية ان يسلموا امين الصلح خلال عشرة ايام من تاريخ نشر ملخص الحكم
بافتتاح اجراءات الصلح في الصحف مستندات ديونهم مصحوبة ببيان هذه الديون
وتاميناتها ان وجدت ومقدارها مقومة بالعملة الوطنية علي اساس سعر الصرف المعلن
لدي البنك المركزي بيعا او اقفالا او تحويلات او بنكنوت اذا لم يوجد سعر تحويلات
يوم صدور الحكمء ويجوز ارسال البيان والمستندات الي امين الصلح بكتاب مسجل
مصحوبا بعلم الوصول.

-1 ويكون الميعاد المذكور في الفقرة السابقة ثلاثين يوما بالنسبة الي الداينين المقيمين

؟- ولا يضاف الي الميعاد المذكور في الفقرتين السابقتين ميعاد للمسافة.",628
commerce_17_1999,قانون التجارة,17,1999,745,مادة 745,general,False,,126,126,"-1 يضع امين الصلح بعد انتهاء الميعاد المنصوص عليه في المادة 55 من هذا القانون
قايمة باسماء الداينين الذين طلبوا الاشتراك في اجراءات الصلح وبيانا بمقدار كل دين
علي حدة والمستندات التي تويده والتامينات التي تضمنه ان وجدت وما يراه بشان قبوله

؟- ولامين الصلح ان يطلب من الداين تقديم ايضاحات عن الدين او تكملة مستندات او
تعديل مقداره او صفاته.",339
commerce_17_1999,قانون التجارة,17,1999,745,مادة 745,general,False,,126,126,"-1 علي امين الصلح ايداع قايمة الديون قلم كتاب المحكمة خلال اربعين يوما علي الاكثر
بقرار من القاضي المشرف.

؟- ويقوم امين الصلح في اليوم التالي للايداع بنشر بيان بحصول الايداع في صحيفة يومية
يعينها القاضي المشرفء ويرسل امين الصلح الي المدين والي كل داين نسخة من قايمة
الديون وبيان المبالغ التي يري قبولها من كل دين.

؟- ولكل ذي مصلحة الاطلاع علي القايمة المودعة قلم كتاب المحكمة.",378
commerce_17_1999,قانون التجارة,17,1999,074107,مادة 074107,general,False,,126,126,"للمدين ولكل داين ورد اسمه بقايمة الديون او ينازع في الديون المدرجة بها خلال عشرة ايام
من تاريخ النشر في الصحف عن حصول الايداعء» وتقدم المنازعة الي قلم الكتاب ويجوز
ارسالها بكتاب مسجل او ببرقية او بتلكس او فاكسء ولا يضاف الي هذا الميعاد ميعاد للمسافة.",250
commerce_17_1999,قانون التجارة,17,1999,748,مادة 748,general,False,,126,126,"-1 يضع القاضي المشرف بعد انقضاء الميعاد المنصوص عليه في المادة السابقة قايمة
نهايية بالديون غير المتنازع عليها ويوشر علي البيان الخاص بالدين بما يفيد قبوله
ومقدار المقبول منه.

؟- ويجوز للقاضي المشرف اعتبار الدين متنازعا عليه ولم يقدم بشانه اية منازعة.

""- ويفصل القاضي المشرف في الديون المتنازع عليها خلال ثلاثين يوما من تاريخ
انقضاء ميعاد المنازعة.

5- ويخطر قلم كتاب المحكمة ذوي الشان بميعاد الجلسة قبل انعقادها بثلاثة ايام علي الاقل»
كما يبلغهم القرار الصادر في المنازعة فور صدوره.

126",490
commerce_17_1999,قانون التجارة,17,1999,759,مادة 759,mandatory,False,,127,127,"-1 يجوز الطعن امام المحكمة في القرار الصادر من القاضي المشرف بقبول الدين او
رفضهه ولا يترتب علي الطعن وقف اجراءات الصلح الا اذا امرت المحكمة بذلك.

؟- ويجوز للمحكمة قبل الفصل في الطعن ان تامر بقبول الدين موقتا بمبلغ تقدره ولا يجوز
قبول الدين موقتا اذا اقيمت بشانه دعوي جنايية.

-0 واذا كانت المنازعة علي الدين متعلقة بتاميناته وجب قبوله موقتا بوصفه دينا عاديا.

)761( مادة

لا يجوز ان يشترك في اجراءات الصلح الواقي الداينون الذين لم يقدموا مستندات ديونهم في

الميعاد المنصوص عليه في المادة 55 من هذا القانون ولا الداينون الذين لم تقبل ديونهم نهاييا

او موقتا.",559
commerce_17_1999,قانون التجارة,17,1999,751,مادة 751,general,False,,127,127,"يعين القاضي المشرف بعد الانتهاء من تحقيق الديون ميعادا لاجتماع الداينين للمداولة في

مقترحات الصلحء وترسل الدعوة الي حضور هذا الاجتماع الي كل داين قبل دينه نهاييا او

موقتاء ويجوز للقاضي المشرف ان يامر بنشر الدعوة الي صحيفة يومية يعينها.

مادة (؟75)

-1 يودع امين الصلح قلم كتاب المحكمة قبل الميعاد المعين لاجتماع الداينين بخمسة ايام علي
الاقل تقريرا عن حالة المدين المالية واسباب اضطرابها وبيانا باسماء الداينين الذين لهم الحق
في الاشتراك في اجراءات الصلح» ويجب ان يتضمن التقرير راي امين الصلح في الشروط
التي اقترحها المدين للصلح.

-1 ويجوز لكل ذي مصلحة ان يطلب من القاضي المشرف الاذن له بالاطلاع علي التقرير
المذكور.

مادة (*75)

-1 يتولي القاضي المشرف رياسة اجتماع الداينين.

-1 ويجوز للداين ان يقيم عنه وكيلا في حضور الاجتماع» ويجب ان يحضر المدين بنفسه»

*- ولا تجوز المداولة في شروط الصلح الا بعد تلاوة تقرير امين الصلح المشار اليه في
المادة السابقة» ويجوز للمدين تعديل شروطه للصلح اثناء المداولة.",902
commerce_17_1999,قانون التجارة,17,1999,754,مادة 754,optional,False,,127,128,"-1 لا يقع الصلح الا بموافقة اغلبية الداينين الذين قبلت ديونهم نهاييا او موقتا بشرط ان
يكونوا حايزين لثلثي قيمة هذه الديون» ولا بحسب في هاتين الاغلبيتين الداينون الذين لم
يشتركوا في التصويت كما لا تحسب ديونهم.

؟- واذا كان الصلح خاصا بشركة اصدرت سندات قرض وجب مراعاة الاحكام
المنصوص عليها في المادة 714 من هذا القانون.

مادة (ه75)

-1 يسري علي الصلح الواقي من الافلاس الحظر المنصوص عليه في المادة 5757 من هذا

القانون.
127
-1 وتسري في شان اشتراك الداينين اصحاب التامينات العينية في التصويت علي الصلح
الاحكام المنصوص عليها في المادة 571 من هذا القانون.
مادة (5ه07)
-1 يوقع الصلح الواقي في الجلسة التي تم فيها التصويت عليه والا كان لاغيا.
؟- واذا لم تتحقق احدي الاغلبيتين المنصوص عليهما في المادة 255 من هذا القانون
تاجلت المداولة عشرة ايام لا مهلة بعدهاء وتسري في هذه الحالة الاحكام المنصوص
عليها في الفقرة الثالثة من المادة 154 من هذا القانون.
مادة (/اه 07)
والداينون الحاضرون.
؟- يجوز لكل داين له حق الاشتراك في مداولات الصلح ان يبلغ القاضي المشرف كتابة
بما لديه من اعتراض علي الصلح واسبابه وذلك خلال عشرة ايام من تاريخ التوقيع
""'- وعلي القاضي المشرف خلال سبعة ايام من انقضاء الميعاد المنصوص عليه في الفقرة
السابقة ان يرسل محضر الصلح الي المحكمة التي اصدر الامر بافتتاح اجراءات
الصلح للتصديق عليه» وذلك مع تقرير من القاضي عن حالة المفلس المالية واسباب
اضطراب اعماله وشروط الصلح وبيان بالاعتراضات التي قدمت علي الصلح
واسبابها.
مادة (8ه7)
31 يقوم قلم كتاب المحكمة بتبليغ المدين والداينين الذين قدموا اعتراضات علي الصلح
بميعاد - الجلسة التي حددت لنظر هذه الاعتراضات وطلب التصديق علي الصلحء» ويجوز لكل
ذي مصلحة حضور هذه الجلسة.
3 تفصل المحكمة في الاعتراضات وفي طلب التصديق علي الصلح بحكم واحد يكون
نهاييا سواء اكان بقبول التصديق علي الصلح ام برفض التصديق عليه. 0
_- يجوز للمحكمة ان ترفض التصديق علي الصلح ولو لم يقدم بشانه اي اعتراض اذا
وجدت اسباب تتصل بالمصلحة العامة او بمصلحة الداينين تبرر ذلك.
53 اذا رفضت المحكمة الاعتراض علي الصلح جاز لها الحكم علي المعترض بغرامة لا
تقل عن الف جنيه ولا تزيد علي خمسة الاف جنيه اذا تبين انه تعمد تاخير الصلح.",1943
commerce_17_1999,قانون التجارة,17,1999,7259,مادة 7259,optional,False,,128,129,"- يجوز ان يتضمن الصلح الواقي منح المدين اجالا لوفاء الديون. كما يجوز ان يتضمن
ابراء المدين من جزء من الدين.
_- ويجوز ان يعقد الصلح بشرط الوفاء اذا ايسر المدين خلال مدة تعين في شروط
الصلح علي الا تجاوز خمس سنوات من تاريخ التصديق علي الصلحء ولا يعتبر المدين قد
ايسر الا اذا زادت موجوداته علي الديون المترتبة عليه بما يعادل عشرة في الماية علي الاقل.
_- وللداينين ان يشترطوا تقديم ضمان عيني او شخصي لتنفيذ شروط الصلح.
مادة )751(
128
-1 يشهر الحكم الصادر بالتصديق علي الصلح الواقي وفقا للاحكام المقررة لشهر حكم
الافلاس.

3_- ويجب ان يشتمل الملخص الذي ينشر في الصحف علي اسم المدين وموطنه ورقم
قيده في السجل التجاري والمحكمة التي صدقت علي الصلح وتاريخ حكم التصديق.",657
commerce_17_1999,قانون التجارة,17,1999,0751,مادة 0751,general,False,,129,129,"1 يسري الصلح الواقي من الافلاس بمجرد صدور الحكم بالتصديق عليه علي جميع
الداينين الذين تعتبر ديونهم عادية وفقا لاحكام الافلاس ولو لم يشتركوا في اجراءاته او لم
يوافقوا علي شروطه.

3 لا يفيد من الصلح الواقي المدينون المتضامنون مع المدين او كفلاوه في الدين ومع
ذلك اذا وقع الصلح مع شركة افاد من شروطه الشركاء المسيولون في جميع اموالهم عن ديون
الشركة الا اذا نص في عقد الصلح علي غير ذلك.

3 ولا يسري الصلح علي دين النفقة ولا علي الديون التي نشات بعد صدور الحكم
بافتتاح اجراءات الصلح.",478
commerce_17_1999,قانون التجارة,17,1999,0757,مادة 0757,optional,False,,129,129,"- يجوز للمحكمة التي صدقت علي الصلح ان تمنح المدين بناء علي طلبة اجالا للوفاء
بالديون التي لايسري عليها الصلح بشرط الا تجاوز الاجال التي تمنحها المحكمة الاجل
المقرر في الصلح. 1

_- ولا يترتب علي التصديق علي الصلح حرمان المدين من الاجال التي تكون ابعد مدي
من الاجل المقرر في الصلح.",279
commerce_17_1999,قانون التجارة,17,1999,0751,مادة 0751,general,False,,129,129,"1 تامر المحكمة في حكم التصديق علي الصلح بناء علي تقرير من القاضي المشرف
باستبقاء امين الصلح او بتعيين رقيب من بين الداينين او من غيرهم لمراقبة تنفيذ شروط
الصلح وابلاغ المحكمة بما يقع من مخالفات لهذه الشروط.

3 يطلب الرقيب من المحكمة التي صدقت علي الصلح خلال عشرة ايام من الانتهاء من
تنفيذ شروط الصلح.ء الحكم بقفل الاجراءات؛ ويشهر هذا الطلب بالكيفية المنصوص عليها في
المادة 727 من هذا القانون.

3 ويصدر الحكم بقفل الاجراءات خلال ثلاثين يوما من تاريخ النشر في الصحفء ويفيد
ملخصه في السجل التجاري.",494
commerce_17_1999,قانون التجارة,17,1999,2515,مادة 2515,mandatory,False,,129,129,"1 يبطل الصلح الواقي من الافلاس اذا ظهر بعد التصديق عليه تدليس من جانب المدين
ويعتبر تدليسا علي وجه الخصوص اخفاء الاموال واصطناع الديون وتعمد المبالغة في
مقدارها.

3 يجب ان يطلب ابطال الصلح خلال ستة اشهر من اليوم الذي يظهر فيه التدليس والا
كان الطلب غير مقبول» وفي جميع الاحوال لا يكون الطلب مقبولا اذا قدم بعد انقضاء سنتين
من تاريخ صدور الحكم بالتصديق علي الصلح.

اك ولا يلزم الداينون برد ما قبضوه من ديونهم قبل الحكم بايطال الصلح.

- ويترتب علي ابطال الصلح براءة ذمة الكفيل الذي يضمن تنفيذ شروطه.",497
commerce_17_1999,قانون التجارة,17,1999,2565,مادة 2565,mandatory,False,,129,130,"-1 للمحكمة بناء علي طلب كل داين تسري عليه شروط الصلح ان تقضي بفسخ الصلح
في الاحوال الاتية:-

(ا) اذا لم ينفذ المدين شروط الصلح كما اتفق عليها.
129
(ب) اذا تصرف المدين بعد التصديق علي الصلح تصرفا ناقلا لملكية متجره
دون مسوغ مقبول.
(ج) اذا توفي المدين وتبين انه لا ينتظر تنفيذ الصلح او اتمام تنفيذه.
3 ولا يلزم الداينون برد ما قبضوه من ديونهم قبل الحكم بفسخ الصلح.
_- ولا يترتب علي فسخ الصلح براءة ذمة الكفيل الذي يضمن تنفيذ شروطه؛ ويجب
تكليف الكفيل بحضور الجلسة التي ينظر فيها طلب فسخ الصلح.",490
commerce_17_1999,قانون التجارة,17,1999,0755,مادة 0755,general,False,,130,130,"-1 يقدر القاضي المشرف علي الصلح اجر كل من امين الصلح والرقيب اذا كان من
غير الداينين» ويودع قرار القاضي في هذا الشان قلم كتاب المحكمة في اليوم التالي لصدوره.
3 ويجوز لكل ذي مصلحة الاعتراض علي القرار امام المحكمة خلال خمسة عشر يوما
من تاريخ الايداع» ويكون الحكم الصادر في الاعتراض نهاييا.",287
commerce_17_1999,قانون التجارة,17,1999,0751,مادة 0751,optional,False,,130,130,"يجوز للمحكمة من تلقاء ذاتها او بناء علي تقرير من القاضي المشرف في الصلح ان تامر في الحكم
بقفل اجراءات الصلح بصرف مكافاة اجمالية للرقيب اذا كان من الداينين وتبين انه بذل في عمله جهدا
غير عادي وكانت حالة المدين المالية تسمح بذلك.
الفصل العاشر
جرايم الافلاس والصلح الواقي منه",272
commerce_17_1999,قانون التجارة,17,1999,0758,مادة 0758,general,False,,130,130,تسري في شان جرايم التفالس الاحكام المنصوص عليها في قانون العقوبات.,66
commerce_17_1999,قانون التجارة,17,1999,0759,مادة 0759,penalty,False,,130,130,"تسري في شان جرايم الصلح الواقي من الافلاس الاحكام الاتية:-
1 يعاقب المدين بالحبس مدة لا تقل عن ستة اشهر اذا:
(ا) اخفي بسوء نية كل امواله او بعضها او غالي في تقديرها بقصد الحصول
علي الصلح. له
(ب) ترك بسوء نية داينا بدين وهمي او ممنوعا او مغالي في دينه يشترك في
مداولات الصلح والتصويت عليها او مكنه من ذلك.
(ج) اغفل بسوء نية ذكر داين في قايمة الداينين.
_- يعاقب الداين بالعقوبة المنصوص عليها بالفقرة السابقة اذا اشترك بسوء نية في
مداولات الصلح والتصويت عليه وهو ممنوع من هذا الاشتراك؛ او كان دينه مغالي فيه؛ او
قرر له المدين او اي شخص اخر مزايا خاصة مقابل تصويته مع الصلح.
3 يعاقب بالحبس مدة لا تقل عن ستة اشهر امين الصلح الذي قدم او اقر بسوء نية
بيانات غير صحيحة عن حالة المدين.
مادة )027071(
لا يترتب علي اقامة الدعوي الجنايية بالافلاس بالتدليس او بالتقصير اي تعديل في الاحكام
الخاصة باجراءات التفليسة الا اذا نص القانون علي غير ذلك.",833
commerce_17_1999,قانون التجارة,17,1999,07171,مادة 07171,mandatory,False,,130,131,"1 في حالة اقامة الدعوي الجنايية علي المفلس يجب علي امين التفليسة ان يقدم للنيابة
العامة او للمحكمة كل ما تطلبه من وثايق او مستندات او معلومات او ايضاحات تتعلق
130
_- وتبقي الوثايق والمستندات المذكورة اثناء التحقيق او المحاكمة لدي النيابة العامة او
المحكمة وترد بعد انتهاء التحقيق او المحاكمة الي امين التفليسة او الي المدين او ورثته علي
حسب الاحوال.",349
commerce_17_1999,قانون التجارة,17,1999,07077,مادة 07077,penalty,False,,131,135,"اذا كانت الجريمة تتعلق باتفاق عقده المدين او اي شخص مع احد الداينين لمنح هذا الداين مزايا خاصة
مقابل التصويت علي الصلح» جاز للمحكمة الجنايية ان تقضي من تلقاء ذاتها بابطال هذا الاتفاق
وبالزام الداين برد ما استولي عليه بمقتضاه ولو صدر الحكم في الجريمة بالبراءة» وللمحكمة ان تقضي
ايضا بناء علي طلب ذوي الشان بالتعويض عند الاقتضاء.
131
الباب الثاني
في انواع العقود التجارية

الفصل الاول(')

في الشركات
مادة -15 الشركات التجارية المعتبرة قانونا ثلاثة انواع:
النوع الاول: شركة التضامن.
النوع الثاني: شركة التوصية.
النوع الثالث: شركة المساهمة.
وتتبع في هذه الشركات الاصول العمومية المبينة في القانون المدني والشروط المتفق عليها بين
الشركاء والقواعد الاتية.
مادة -01 شركة التضامن هي الشركة التي يعقدها اثنان او اكثر بقصد الاتجار علي وجه الشركة بينهم
بعنوان مخصوص يكون اسما لها.
مادة -51 اسم واحد من الشركاء او اكثر يكون عنوانا للشركة.
مادة ؟13- الشركاء في شركة التضامن متضامنون لجميع تعهداتها ولو لم يحصل وضع الامضاء عليها
الا من احدهم انما يشترط ان يكون هذا الامضاء بعنوان الشركة.
مادة 7- شركة التوصية هي الشركة التي تعقد بين شريك واحد او اكثر مسيولين ومتضامنين وبين
شريك واحد او اكثر يكون اصحاب اموال فيها وخارجين عن الادارة ويسمون موصون.
مادة؛ ؟- تكون ادارة هذه الشركة بعنوان ويلزم ان يكون هذا العنوان اسم واحد او اكثر من الشركاء
المسيولين المتضامين.
مادة 15- واذا وجدت عدة شركاء متضامنين ودخلت اسماوهم في عنوان الشركة سواء كانوا كلهم
مديرين لها معا او كان المدير لها واحد منهم او اكثر علي ذمة الجميع فالشركة تكون شركة تضامن
مادة -7515 لا يجوز ان يدخل في عنوان الشركة اسم واحد من الشركاء الموصين اي ارباب المال
الخارجين عن الادارة.
مادة 717- الشركاء الموصون لا يلزمهم من الخسارة التي تحصل الا بقدر المال الذي دفعوه او الذي
كان يلزمهم دفعة الي الشركة.
مادة 18- ولا يجوز لهم ان يعملوا عملا متعلقا بادارة الشركة ولو بناء علي توكيل.
مادة 15- اذا اذن احد الشركاء الموصين بدخول اسمه في عنوان الشركة خلافا لما هو منصوص في
المادة 15 فيكون ملزما علي وجه التضامن بجميع ديون وتعهدات الشركة.
مادة -""0 وكذلك اذا عمل اي واحد من الشركاء الموصين عملا متعلقا بادارة الشركة يكون ملزوما
علي وجه التضامن بديون الشركة وتعهداتها التي تنتج من العمل الذي اجراه.
('» الفصل الاول من الباب الثاني والخاص بشركات الاشخاص من قانون التجارة والصادر في 1887/11/17 غير ملغي بالقانون رقم
7 طبقا لنص المادة الاولي منه.

132
وجسامة اعماله وعلي حسب ايتمان الغير له بسبب تلك الاعمال.
مادة -""1 اذا ابدي احد الشركاء الموصين نصايح او اجري تفتيشا او ملاحظة فلا يترتب علي ذلك
مادة 7 ""- شركة المساهمة لا تعنون باسم الشركاء ولا باسم احدهم.
مادة *""- وانما يطلق عليها الغرض المقصود منها كعنوان لها.
مادة #4”""- تناط ادارة هذه الشركة بوكلاء الي اجل معلوم سواء كانوا من الشركاء او من غير هم
وباجرة او لا ويجوز عزلهم ولو كان تعيينهم مصرحا به في نظام الشركة او وجد شرط يقضي بعدم
عزلهم.
مادة ه”- هولاء الوكلاء المديرون ليسوا مسيولين الا عن وفاء العمل الذي احيل علي عهدتهم اي لا
يترتب علي ما يجرونه من الادارة الزامهم بشيء ما فيما يختص بتعهدات الشركة الزاما خاصا
باشخاصهم او علي وجه التضامن.
مادة """"- الشركاء في هذه الشركة لا يلزمهم من الخسارة الا بقدر مساهمتهم فيها.
مادة - راس مال شركة المساهمة يتجزا الي اسهم متساوية القيمة وكذلك الي اجزاء اسهم متساوية.
مادة 7""- يجوز ان يكون سند الاسهم في صورة سند لحامله وفي هذه الحالة يحصل التنازل عن السند
بتسليمه من يد الي اخري.
مادة 9""- وتثبت ملكية الاسهم بقيدها في دفاتر الشركة ويكون التنازل عن هذه الاسهم بكتابة في
الدفاتر المذكورة يوضع عليها امضاء كل من المتنازل والمتنازل له او امضاء وكيلها وعلي مدير
الشركة ان يذكر ذلك في هامش السند الاصلي او علي ظهره اذا لم يعط سند اخر جديدا.
مادة -51 لا يجوز ايجاد شركة المساهمة الا بامر يصدر من الجانب الخديوي بالتصديق علي الشروط
المندرجة في عقد الشركة وبالترخيص بتشكيلها.
مادة -41 جميع شركات المساهمة التي توسس بالقطر المصري يجب ان تكون مصرية وان يكون
مركزها الاصلي بالقطر المذكور.
مادة ؟4- ويجوز ايضا ان يكون راس مال شركات التوصية متجزيا الي اسهم بدون اخلال بالقواعد
المقررة لنوع هذه الشركة.
مادة 4( لا يجوز لاي شركة ان تجزي راس مالها الي اسهم او اجزاء اسهم قيمة كل واحد منها
اقل من اربعة جنيهات مصرية.
مادة 44- تكون سندات الاسهم في شركات التوصية باسماء اربابها حتي يدفع نصف قيمتها ويكون
المساهمون والاشخاص المتنازل لهم باسمايهم مسيولين الي اتمام الوفاء بهذا النصف.
7 معدلة بالقانون رقم 8 لسنة -1157 الوقايع المصرية العدد 17 في 11 اغسطس سنة.11517

133
مادة 45- يعين في الامر المرخص بايجاد شركة المساهمة قدر المبلغ اللازم دفعة من كل منهم ليكون
السهم بعد ذلك لحامل سنده ويخلو طرف المساهم او المتنازل اليه الذي كان السند باسمه.
مادة 45- ويكون عقد شركات التضامن وشركات التوصية بالكتابة ويجوز ان تكون مشارطة كل
منهما رسمية او غير رسمية.
الحصول علي الرخصة اللازمة لايجاد شركة المساهمة.
مادة /4- ويسلم ملخص مشارطة شركة التضامن او شركة التوصية الي قلم كتاب كل من المحاكم
الابتدايية التي يوجد في دايرتها مركز الشركة او فرع من فروعها ليسجل في السجل المعد لذلك ويعلن
بلصقة مدة ثلاثة اشهر في اللوحة المعدة في المحكمة للاعلانات القضايية.
مادة 49- ويلزم ايضا درجة في احدي الصحف التي تطبع في مركز الشركة المذكورة وتكون معدة
لنشر الاعلانات القضايية او في صحيفتين تطبعان في مدينة اخري ويجوز لكل من المتعاقدين استيفاء
هذا الاجراءات.
مادة -50 ويشمل هذا الملخص علي اسماء الشركاء والقابهم وصفاتهم ومساكنهم ما عدا الشركاء
ارباب الاسهم الغير مسيولين في شركة المساهمة والشركاء اصحاب الاموال الخارجين عن الادارة في
شركة التوصية.
وعلي عنوان الشركة وعلي بيان اسماء الشركاء الماذونين بالادارة ويوضع الامضاء علي ذمة الشركة
وعلي مقدار المبالغ التي حصلت او يلزم تحصيلها بالاسهم او بصفة راس مال لشركة التوصية؛ وعلي
بيان وقت ابتداء الشركة ووقت انتهايها.
مادة -1 يجب استيفاء هذه الاجراءات في مدة خمسة عشر يوما من تاريخ وضع الامضاء علي
مادة ؟5- ومع ذلك يزول هذا البطلان اذا اعلن الملخص المتقدم ذكره قبل طلب الحكم بذلك البطلان.
مادة 57- لا يجوز للشركاء ان يحتجوا بهذا البطلان علي غيرهم وانما لهم الاحتجاج به علي بعضهم
مادة 54- اذا حكم بالبطلان يتبع في تسوية حقوق الشركاء في الاعمال التي حصلت قبل طلبه نص
المشارطة التي حكم ببطلانها.
مادة 55- لا يترتب علي الغاء الشركة اعتبار الشركاء اصحاب الاموال في شركة التوصية وارباب
الاسهم في شركة المساهمة انهم ملتزمون بشيء ما علي وجه التضامن.
مادة 55- اذا كانت مشارطات الشركة رسمية يضع المامور الذي تحررت علي يده امضاءه علي
ملخصها واما اذا كانت غير رسمية فيكون الامضاء علي ملخصها من الشريك الذي يعلنه.
مادة 517- يلزم اعلان المشارطة الابتدايية لشركة المساهمة ونظامها والامر بايجادها ويكون اعلان
ذلك بتعليقه في المحكمة الابتدايية مدة الوقت المعين انفا ونشره في احدي الجرايد وان لم يحصل ذلك
الزم مدير الشركة بديونها علي وجه التضامن ووجبت عليهم التعويضات ايضا.

134
مادة 28- اذا قصد الاستمرار علي الشركة بعد انقضاء مدتها يجب اثبات ذلك باقرار من الشركاء
بالكتابة ويجب استيفاء الاجراءات المقررة بالمواد السابقة في هذا الاقرار وفي كل اتفاق تضمن فسخ
الشركة قبل انقضاء مدتها المعينة في المشارطة الموسسة لها وفي كل تبديل في الشركاء المتضامنين او
خروج احدهم منها وفي جميع الشروط او الاتفاقات الجديدة التي يكون للغير فيها شان وفي كل تغيير
في كل عنوان الشركة وان لم تستوف تلك الاجراءات في امر من هذه الامور فيكون لاغيا بالشروط
السابق ذكرها.
مادة 55- وزيادة علي انواع الشركات الثلاثة السالف ذكرها تعتبر ايضا بحسب القانون الشركات
التجارية التي ليس لها راس مال شركة ولا عنوان شركة وهي المسماة بشركات المحاصة.
مادة 61 تختص هذه الشركات بعمل واحد او اكثر من الاعمال التجارية وتراعي في ذلك العمل وفي
الاجراءات المتعلقة به وفي الحصص التي تكون لكل واحد من الشركاء في الارباح الشروط التي
مادة 1 5- من عقد من المحاصين عقدا مع الغير يكون مسيولا له دون غيره.
مادة ؟5- الحقوق والواجبات التي لبعض الشركات علي بعض في هذه الشركات تكون قاصرة علي
قسمة الارباح بينهم او الخسارة التي تنشا عن اعمال الشركة سواء حصلت منهم منفردين او مجتمعين
مادة 55- يجوز اثبات وجود شركات المحاصة بابراز الدفاتر والخطابات.
مادة 54 لا يلزم في شركات المحاصة التجارية اتباع الاجراءات المقررة للشركات الاخري.
مادة 55- كل ما نشا عن اعمال الشركة من الدعاوي علي الشركاء الغير مامورين بتصفية الشركة او
علي القايمين مقامهم يسقط الحق في اقامته بمضي خمس سنين من تاريخ انتهاء مدة الشركة اذا كانت
المشارطة المثبتة فيها مدتها اعلنت بالكيفية المقررة قانونا او من تاريخ اعلان الاتفاق المتضمن فسخ
الشركة.
وتتبع في ذلك القواعد العمومية المقررة لسقوط الحق بمضي المدة مع مراعاة القواعد المقررة
لانقطاعها.

135",7764
labor_14_2025,قانون العمل,14,2025,20,مادة 20,penalty,True,,17,106,"من هذا القانون من:

1-
نسبة
52,0٪
)
ربع في الماية(
من الحد الادني للاجر التاميني بمنشات
القطاع العام،
وقطاع الاعمال العام،
والقطاع الخاص،
والتي يعمل بها
ثلاثون
عام
لا ً فاكثر،
بحد
ادني عشرة جنيهات، وبحد اقصي ثلاثون جني، ا عن كل عامله
تتحملها وتلتزم
المنشاة بسدادها ا مقابل الخدمات المنصوص عليها في المادة سنوي)02(
من هذا
القانون.

ويحدد بقرار من الوزير المختص قواعد وشروط ا لاعفاء الكلي من النسبة المشار
اليها،
وذلك في حالة قيام تلك المنشات بتدريب العاملين لديها وفق ً
ا لمقتض
ياتها،

او اللوايح المعتمدة بتلك المنشات.

2-
الاعانات والتبرعات والهبات التي يقبلها مجلس ادارة الصندوق طبق ً
ا للقواعد
الت ي
تحددها لايحة النظام الاساسي وفق ً
ا
للقوانين المعمول بها ف ي
هذا الشان.

3- عايد استثمار اموال الصندوق.

ويكون للصندوق حساب خاص لدي احد البنوك التجارية المعتمدة لدي البنك
المركزي،
عد الصندوق سنوي وي
ا
القوايم الدالة علي المركز المالي،
وتخضع امواله
رحل فايض امواله من سنة الي اخريلرقابة الجهاز المركزي للمحاسبات وي.
الجر یدة الرسمیة–
العدد
81) تابع (ف 3ي
مایو سنة
5202

91
مادة)
22
(
:

لا يجوز لاية جهة مزاولة عمليات التدريب،
الا اذا كانت متخذة ش كل شركة
من شركات المساهمة،
او التوصية بالاسهم،
او ذات المسيولية المحدودة
او الشخص الواحد.

ستثني من احكام الفقرة الاولي من هذه المادةوي:
1
-
منظمات اصحاب الاعمال والمنظمات النقابية العمالية،
والجمعيات
والموسسات الاهلية المنشاة وفق ً
ا
للقانون المنظم لها، التي تزاول عمليات التدريب.

2-
، جهات التدريب التي تنشيها وحدات الجهاز الاداري للدولة، والهييات العامة
ووحدات الادارة المحلية لتدريب موظفيها وموظفي الجهات ذات الصلة بها.

3- المنشات التي تتولي تدريب عمالها.

4-
الكيانات الت ي تزاول عمليات تاهيل وتدريب ا لاشخاص ذوي الاعاقة
والاقزام، والفيات الاولي بالرعاية.

مادة)
23
(
:

يشترط لمزاولة عمليات التدريب الحصول علي ترخيص بذلك من الوزارة
المختصة باستثناء الجهات المنصوص عليها في البندين)2،
3(
من المادة)22(

من هذا القانون.

صدر الوزير المختص قراروي
ا بتحديد شروط و اجراءات منح الترخيص،

ومدته،
وتجديده،
وحالات الغايه،
ورسومه بما لا يزيد علي ماية الف جنيه،

وحالات الاعفاء منها.

حددكما ي
القرار قواعد، واجراءات انشاء، واعتماد مراكز التدريب الخاضعة
لاحكام هذا القانون.
وتلتزم الوزارة المختصة بامساك سجل ورقي او الكتروني لقيد الجهات الت ي يتم
الترخيص لها بمزاولة عمليات التدريب،
واخطار المجلس الاعلي لتنمية الموارد
والمهارات البشرية بما يتم قيده ف ي
هذا السجل.
الجر یدة الرسمیة–
العدد
81) تابع (ف 3ي
مایو سنة
5202

02
مادة)42(:
تلتزم الجهات المشار اليها في المادة)22(
من هذا القانون فيما عدا البندين)2،
3(
باخطار الوزارة المختصة بالبرامج التدريبية التي تقدمها لاعتمادها، علي ان تتضمن
ما ياتي:
الشروط التي يجب توافرها في المتدربين للالتحاق بالبرامج.

مدي كفاية العمليات التدريبية من حيث موضوعات،
ومجالات التدريب،
وعدد
الساعات المخصصة لها.

مستويات وتخصصات المدربين.

مستوي ا
لمهارة التي يكتسبها المتدرب بعد الانتهاء من البرنامج.

صدر الوزير المختص قراروي
ا بتحديد اجراءات ومواعيد الاخطار والاعتماد بعد
التنسيق مع الهيية المصرية لضمان الجودة والاعتماد في التعليم الفني والتقني
والتدريب المهني)اتقان (
المنشاة بالقانون رقم
061 لسنة
2202.

مادة)52(:
يشترط في المدربين الذين يزاولون اعمال التدريب ان يرخص لهم بذلك
من الوزارة المختصة بناء علي طلبهم او طلب احدي الجهات المشار اليها
في المادة
22
من هذا القانون.

صدر الوزير المختص قراروي
ا بتحديد شروط وقواعد،
واجراءات منح
الترخيص،
والرسو م المستحقة عنه بما لا يجاوز خمسة الاف جنيه،
وحالات ايقافه
او الغايه.

علي ان يستثني من ذلك المدربون التابعون للجهات المنصوص عليها
ف ي البندين)2،
3(
من المادة)22(
من هذا القانون،
اذا اقتصر عملهم بالتدريب
داخل هذه الجهات دون غيرها.

وتلتزم الوزارة المختصة با عداد سجل ورقي او الكتروني لقيد المدربين المرخص
لهم، ويتم التاشير فيه حال ايقاف او الغاء الترخيص.
الجر یدة الرسمیة–
العدد
81) تابع (ف 3ي
مایو سنة
5202

12
مادة)62(:
تلتزم الجهة التي تزاول عمليات التدريب ان تمنح المتدرب لديها شهادة تفيد
اجتيازه البرنامج التدريبي الذي عقدته له،
والمستوي الذي بلغه،
ويحدد بقرار
من الوزير المختص البيانات الاخري الت ي
تدون ف ي هذه الشهادة وقواعد اعتمادها
من الجهة الادارية المختصة، والرسم المقابل لذلك بما لا يجاوز خمسماية جنيه.

مادة)
27
(:
يلتزم كل من يرغب في مزاولة مهنة او حرفة من التي يصدر بتحديدها قرار
من الوزير المختص،
ان يتقدم بط لب الي الجهة الادارية المختصة للحصول علي
ترخيص بمزاولتها.

حدد القرار شروط وقواعدوي، واجراءات منح الترخيص، والرسوم المقررة عنه
بما لا يجاوز خمسماية جنيه، وحالات الاعفاء منها.

ولا يجوز تشغيل العامل الا اذا كان حاص
ًلا
علي هذا الترخيص.

وعلي طالب الترخيص ان يرفق بطلبه شهادة تفيد مستوي مهارته،
ويصدر
الوزير
المختص بالتشاور مع المنظمة النقابية العمالية المعنية ومنظمة اصحاب
الاعمال
المعنية قرار
ا بتحديد جميع البيانات الت ي يجب اثباتها ف ي تلك الشهادة،

والاحكام الخاصة بقياس مستوي المهارة والجهات التي تتولي تحد يد هذا المستوي،

وكيفية اجرايه،
وشروط التقدم له،
والمكان الذي يجري فيه لكل حرفة او مهنة
ودرجات المهارة التي تقدرها طبق ً
ا لنتايج الاختبارات،
والرسم المقرر عنها بما لا
يجاوز خمسماية جنيه وحالات الاعفاء من هذا الرسم.

ويستثني من الحصول علي هذه الشهادة خريج و المدارس الفنية المتوسطة،

وفوق المتوسطة والمعاهد العليا، والجامعات، الذين يعملون في مجال تخصصهم.

مادة)
28
(:
يشترط في المتدرج الا يقل سنه عن اربعة عشر عام
ا،
ويصدر الوزير المختص
قرار
ا
بالقواعد والاجراءات المنظمة للتدرج المهني لدي صاحب العمل.
الجر یدة الرسمیة–
العدد
81) تابع (ف 3ي
مایو سنة
5202

22
مادة)
29
(:
يجب ان يكون اتفاق التدرج مكتوب
ا،
وتحدد فيه علي الاخص مدة تعلم المهنة
او الصنعة او الحرفة،
ومراحلها المتتابعة والمكافاة التي يحصل عليها المتدرج
ف ي كل مرحلة بصورة تصاعد، ية علي الا تقل في المرحلة الاخيرة عن الحد الادني
للاجر المحدد لفية العمال في ال
مهنة،
وا الصنعة
او الحرفة الت ي
يتدرج فيها.

مادة)
30
(:
لصاحب العمل ان ينهي اتفاق التدرج اذا ثبت لديه عدم صلاحية المتدرج،

او عدم استعداده لتعلم المهنة، او الصنعة، او الحرفة، بصورة حسنة،
كما يجوز
للمتدرج ان ينهي الاتفاق.

ويشترط ان يخطر الطرف الراغب في انها ء الاتفاق الطرف الاخر بذلك قبل
الانهاء بثلاثة ايام علي الاقل.
مادة)
31
(:

مع عدم الاخلال باحكام الفصل الرابع من الباب الثاني من هذا الكتاب،

تسري علي المتدرجين الاحكام الخاصة بالاجازات،
وساعات العمل،
وفترات الراحة
المنصوص عليها ف ي
هذا القانون.

الباب ال
ثاني
التشغيل
)الفصل الاول(

سياسات التشغيل
مادة)
32
(:
ينشا مجلس يسمي""
المجلس الاعلي لتخطيط وتشغيل القوي العاملة ف ي الداخل
والخارج ""
برياسة الوزير المختص،
ويضم ممثلين للوزارات والجهات المختصة،

وعدد
ا  متساوي
ا من ممثلي كل من منظمات اصحاب الاعمال المعنية ا لاكثر تمثي
ًلا،

ترشحهم منظماتهم وممثلي المنظمات النقابية العمالية المعنية،
علي ان يراعي تمثيل
جميع مستويات المنظمات النقابية العمالية ما لم يكن ذلك متعذر
ا.
الجر یدة الرسمیة–
العدد
81) تابع (ف 3ي
مایو سنة
5202

32
ويتولي المجلس رسم السياسة العامة لتشغيل العمالة في الداخل والخارج،

ووضع النظم والقواعد،
والاجرا ءات اللازمة لهذا التشغيل من واقع احتياجات اسواق
العمل ف ي الداخل والخارج،
والاستعداد لوظايف المستقبل،
بما يتفق مع السياسة
العامة للدولة.

ويصدر بتشكيل المجلس،
واختصاصاته،
ونظام العمل به قرار من رييس
مجلس الوزراء في مدة اقصاها ستة اشهر من تاريخ العمل به
ذا القانون.

مادة)
33
(:
مع عدم الاخلال باحكام قانون حقوق الاشخاص ذوي الاعاقة الصادر بالقانون
رقم
01 لسنة2018،
علي كل قادر علي العمل،
وراغب فيه ان يتقدم بطلب لقيد
اسمه بالجهة الادارية المختصة مع بيان سنه ومهنته وموهلاته وخبراته السابقة،

وعلي هذه الجهة قيد تلك الطلبات بسجلات ورقية او الكترونية واعطاء الطالب شهادة
تفيد القيد دون مقابل،
وتحدد البيانات الت ي يجب ان تتضمنها الشهادة المشار اليها
بقرار من الوزير المختص.

ولا يجوز تشغيل العامل الا اذا كان حاص
لا ً علي الشهادة المشار اليها ف ي الفقرة
الاولي من هذه
المادة،
واستثناء من ذلك لصاحب العمل ان يعين من غير الحاصلين
عليها بشرط قيد اسم العامل بالجهة الادارية المختصة خلال ثلاثين يوم
ا من تاريخ
تسلمه العمل.

ويجوز لصاحب العمل ان يستوفي احتياجاته الوظيفية والمهنية والحرفية بالنسبة
للوظايف والاعمال التي خلت او ان شيت لديه ممن ترشحهم الجهة الادارية المختصة
التي يقع في دايرتها محل عمله من المسجلين لديها مراعية اسبقية القيد.

مادة)43(:
اذا كان الراغب في العمل يمارس حرفة او مهنة من التي يصدر بتحديدها قرار
من الوزير المختص وفق ً
ا لنص المادة)
27
(
من هذا القانون،
وجب عليه ان يرفق
بطلب القيد شهادة قياس مستوي مهارته وترخيص مزاولتها.
الجر یدة الرسمیة–
العدد
81) تابع (ف 3ي
مایو سنة
5202

42
مادة)53(:
مع عدم الاخلال باحكام قانون حقوق الاشخاص ذوي الاعاقة المشار اليه تلتزم
المنشات القايمة وقت تطبيق هذا القانون،
وتلك التي تنشا مستقب
لا ً ان تعيد الي الجهة
الادارية المختصة شهادة قيد ال عامل الصادرة عنها خلال خمسة واربعين يوم
ا من
تاريخ استلام العمل بعد استيفاء البيانات المدونة بها،
وعليها تدوين رقم شهادة القيد،

وتاريخها امام اسم العامل في سجل قيد العمال بالمنشاة.

مادة)63(
:

تلتزم المنشات الخاضعة لاحكام هذا القانون بان ترسل الي الجهة الادارية
المختصة خلال ثلاثين يوم
ا
من تاريخ بدء العمل بالمنشاة، بيان ً
ا
مفص
لا ً بعدد العمال
اطبق ً لموهلاتهم،
ومهنهم،
تاي وف ا عمارهم،
وجنسياتهم،
ونوعهم،
والاجور
الت ي
يتقاضونها.

وعلي هذه المنشات ان ترسل الي تلك الجهة خلال شهر يناير من كل عام
البيانات الاتي
ة:

1- ما طرا من تعديلات علي البيانات الواردة في الفقرة الاولي من هذه المادة.

2-
عدد الوظايف الشاغرة بسبب الاحلال او التوسعات الجديدة،
والوظايف
الت ي
تم الغاوها.

3-

بيان بتقدير الاحتياجات المتوقعة حسب الحالة التعليمية والمهنية
خلال العام التالي.

وذلك كل
ه وفق ً
ا
للنماذج التي تعدها الوزارة المختصة.

وعلي الجهة الادارية المختصة موافاة الهيية القومية للتامين الاجتماع ي بنسخة
من البيانات المشار اليها بالفقرة الثانية من هذه المادة.

مادة)
37
(:
تلتزم المنشات المشار اليها في المادة)53(
من هذا القانون بامساك سجل ور قي
او الكتروني لقيد اسماء الاشخاص ذوي الاعاقة والاقزام الحاصلين علي شهادات
التاهيل او بطاقة اثبات الاعاقة والخدمات المتكاملة،
بحسب الاحوال،
الذين الحقوا
الجر یدة الرسمیة–
العدد
81) تابع (ف 3ي
مایو سنة
5202

52
بالعمل لديها،
يشتمل علي البيانات الواردة في شهادات التاهيل او بطاقة اثبات الاعاقة
والخدمات المتكاملة بحسب الاحوال،
ويجب تقديم هذا السجل الي الجهة الادارية
المختصة كلما طلب منها ذلك.

ويجب اخطار تلك الجهة ببيان يتضمن العدد الاجمال ي
للعاملين،
وعدد الوظايف
الت ي يشغلها الاشخاص ذوو الاعاقة والاقزام،
والاجر الذي يتقاضاه كل منهم،
وذلك
اوفق ً للنموذج والموعد
اللذين يصدر بتحديدهما قرار من الوزير المختص.

مادة)
38
(:
تلتزم جميع المنشات الخاضعة لاحكام هذا القانون بموافاة الوزارة المختصة
ورقي
ا  او الكتروني
ا بالبيانات او المعلومات اللازمة لانشاء او تحديث قواعد بيانات
العمالة، ونظام معلومات سوق العمل خلال ثلاثين ياوم
من تاريخ طلبها.

كما يجب علي اصحاب الاعمال او من يمثلونهم بذل العناية الواجبة للتعاون مع الجهة
الادارية المختصة لاستيفاء استمارات جمع البيانات او المعلومات ورقي
ا او الكتروني
ا.

وعلي الوزارة المختصة القيام بجمع البيانات اللازمة عن سوق العمل واجراء
ال دراسات والابحاث الميدانية منفردة او بالتنسيق مع الجهات المختصة،
وعليها ان
تصدر تقارير دورية قطاعية او جغرافية عن احتياجات سوق العمل الحال ي والمستقبلي
من المهن والمهارات، ورصد اية تغيرات
تطرا
عليه.

)الفصل الثان ي(
التشغيل في الداخل والخارج
مادة)
39
(:
يستثني
من تطبيق احكام هذا الفصل ما ياتي:
1- الاعمال العرضية وما ف ي
حكمها.

2- الوظايف الرييسية التي يعتبر شاغلوها وكلاء مفوضين عن صاحب العمل.

وللوزير المختص ان يصدر قرار
ا بسريان احكام هذا الفصل علي كل،
او بعض
الاعمال والوظايف والفيات المشار اليها في البندين)1،
2( من هذه المادة.
الجر یدة الرسمیة–
العدد
81) تابع (ف 3ي
مایو سنة
5202

62
مادة)04(:
مع عدم الاخلال بالاتفاقيات الدولية المتعلقة بالتشغيل، تكون مزاولة عمليات الحاق
المصريين للعمل بالداخل او الخارج عن طريق الوزارة المختصة، او الجهات الاتية:
1-
الوزارات والهييات العامة بالنسبة للعاملين لديها.

-2
شركات القطاع العام وقطاع الاعمال العام والقطاع الخاص المصرية
للعاملين لديها فيما تبرمه من تعاقدات مع الجهات الاجنبية في حدود اعمالها،

وطبيعة نشاطها.

3-
وكالات التشغيل الخاصة الت ي تتخذ شكل الشركة المساهمة،
او التوصية
بالاسهم،
او ذات المسيولية المحدودة او الشخ ص الواحد المرخص لها بذلك
من الوزارة المختصة.

مادة)14(:
مع عدم الاخلال بالشروط التي يوجبها قانون شركات المساهمة وشركات
التوصية بالاسهم والشركات ذات المسيولية المحدودة وشركات الشخص
الواحد الصادر بالقانون رقم
951 لسنة1981
يلزم للحصول علي الترخيص المشار
ال يه ف ي البند)3 (
من المادة)04( من هذا القانون،
توافر الشروط المقررة لذلك،

وعلي الاخص:

1-
ان يكون الموسسون واعضاء مجلس الادارة والمديرون المختصون بعمليات
التشغيل لم يسبق الحكم علي اي منهم بعقوبة جناية،
او بعقوبة مقيدة للحرية ف ي جنحة
مخلة بالشرف او الامانة ا
و الاداب العامة، ما لم يكن قد رد اليه اعتباره.

2-
الا يقل راسمال الشركة المصدر او المدفوع،
بحسب الاحوال،
عن مايتين
وخمسين الف جنيه وان يكون مملوك ً
ا باكمله لل مصريين اذا كانت الشركة تزاول
عمليات
التشغيل بالداخل،
والا يقل عن خمسماية الف جنيه اذا كانت تزاو ل عمليات
تشغيل المصريين بالخارج او بالداخل ا، وان تكون الاغلبية المطلقة والخارج مع
للموسسين
واعضاء مجلس الادارة من المصريين الذين يمتلكون في مجموعهم)15٪
(
علي الاقل من راسمالها.
الجر یدة الرسمیة–
العدد
81) تابع (ف 3ي
مایو سنة
5202

72
3-
ان تقدم الشركة تامين ً
ا  لا يقل عن مليون جنيه اما نقد
ا او بخطاب ضمان غير
مشر وط وغير قابل للالغاء صادر من احد البنوك المسجلة لدي البنك المركزي،

لصالح الوزارة المختصة،
 وان يكون ساري
ا طوال مدة سريان الترخيص وذلك
لضمان
التزام المرخص له بالتزاماته،
ويتعين استكمال قيمة التامين بمقدار ما لم تقم
بادايه من غرامات او تعويضات حكم بها علي
ها،
او مبالغ تقاضتها دون وجه حق،

اطبق ً لاحكام هذا القانون،
 وذلك خلال خمسة عشر يوم
ا من تاريخ اخطار الشركة
المرخص لها بكتاب موصي عليه بعلم الوصول بوجوب استكمال التامين.

ويكون الترخيص لمدة سنة قابلة للتجديد وفق ً
ا للقواعد والاجراءات الت ي يصدر بها
قرار من
الوزير المختص،
وذلك مقابل اداء الرسم الذي يحدده الوزير المختص لمنح
الترخيص او تجديده بما لا يجاوز عشرة
ا لاف جنيه،
وللوزير المختص اضافة
شروط اخري للحصول علي الترخيص،
وله وقف اصدار تراخيص جديدة
اذا اقتضت المصلحة العامة ذلك ف ي
ضوء متغيرات سوق العمل الفعلية.

مادة)24(:
صدر الوزير المختص قراري
ا يتضمن التزامات الشركات المرخص لها بالتشغيل
والشروط الواجب توافرها في مقر الشركة وادارتها،
وتنظيم اجراءات العمل ف ي هذا
النشاط والسجلات اللازمة لمباشرة عملها والتي يتعين امساكها،
وقواعد القيد فيها،

والرقابة والتفت يش عليها،
والشروط الواجب توافرها في الاعلانات الت ي تنشر
عن فرص العمل.

مادة)34(:
حظر علي الجهات المشار اليها في المادةي)04(
من هذا القانون تقاضي اي
مبالغ مالية من العامل بطريقة مباشرة او غير مباشرة نظير الحاقه بالعمل،
ولها ان
تتقاضي مقابل ذلك من صاحب ا
لعمل.

واستثناء من احكام الفقرة الاولي من هذه المادة يجوز للشركات المشار اليها
ف ي البند)3(
من المادة)04(
من هذا القانون ان تتقاضي مبلغ ً
ا لا يجاوز)1٪
(
من
اجر العامل الذ ي يتم الحاقه بالعمل،
وذلك عن السنة الاولي فقط كمصروفات ادارية،

حظر تقاضي ايوي مبالغ اخري م ن العامل تحت
اي م
سم ي.
الجر یدة الرسمیة–
العدد
81) تابع (ف 3ي
مایو سنة
5202

82
مادة)44(:
لغي الترخيص المشار اليه بالبندي)3(
من المادة)04(
من هذا القانون بقرار
من الوزير المختص في الحالات الاتية:
1- فقد الشركة شرط ً
ا
من شروط الترخيص.

2-

حصول الشركة علي الترخيص او تجديده بناء علي ما قدمته من بيانات
غير صحيحة.

3-

ثبوت ممارسة الشركة لنشاطها خارج المقر المرخص لها ممارسة
النشاط فيه.

4-

تشغيل العامل دون تحرير عقد عمل مكتوب،
او ما يقوم مقامه لدي
بعض الدول، او عدم اعتماد العقد من الجهة الادارية المختصة.

5-
عدم امساك السجلات الخاصة بتسجيل بيانات العمالة او تسجيل المبا لغ الت ي
يتم تحصيلها منهم، والتي يصدر بتحديدها قرار من الوزير المختص.

6-
قيام الشركة بالاعلان عن وظايف غير حقيقية او تجاوز الشركة حدود التعاقد
مع اصحاب الاعمال.

7-

تقاضي الشركة اي مبالغ من العامل نظير تشغيله بالمخالفة لاحكام
هذا القانون.

ويجوز للوزير ال مختص ايقاف نشاط الشركة موقت ً
ا في اي من الحالات المبينة
ف ي الفقرة الاولي من هذه المادة لحين الفصل في مدي ثبوت تلك الحالات،
او زوال
تلك المخالفات.

ولا يخل الغاء الترخيص في اي من الحالات المبينة في هذه المادة بالمسيولية
الجنايية او المدنية او التاديبية.

ما دة)54(:
مع مراعاة حكم المادة)04(
من هذا القانون،
لا يجوز للمنشات تشغيل عمال
عن طريق متعهد او مقاول توريد عمال.
الجر یدة الرسمیة–
العدد
81) تابع (ف 3ي
مایو سنة
5202

92
مادة)64(:
مع عدم الاخلال باحكام قانون تنظيم ممارسة العمل الاهلي الصادر بالقانون
رقم
941 لسنة2019
يجوز للوزير المختص،
وفق ً
ا لاحتياجات سوق ا لعمل
الترخيص للجمعيات والموسسات الاهلية بانشاء مكاتب لتشغيل المتعطلين بالداخل.

وعلي تلك المكاتب مراعاة الاحكام الواردة في هذا الفصل من القانون
والقرارات
الوزارية الصادرة بشانه.

صدر الوزيروي ا المختص قرار بتنظيم اعمال تلك المكاتب،
وشروط منح
الترخيص وحالا ت
الغايه و
ا
لرسوم ا
لمقررة عليه بما لا يجاوز خمسة الاف جنيه.

وتعفي تلك المكاتب من الشكل القانوني للشركات،
كما تعفي من تقديم التامين
او خطاب الضمان.

مادة)74(:
لصاحب العمل الاعلان عن الوظايف الشاغرة بمختلف وسايل الاعلام،

او ان يعهد الي وكالات التشغيل الخ
اصة لشغل تلك الوظايف.

وعلي صاحب العمل
او وكالة التشغيل اخطار الجهة الادارية المختصة
ورقي
ا او الكتروني
ا
بالاعلان، وتقديم بيان بالوظايف الت ي
تم شغلها وفق ً
لها.

مادة)84(:
تلتزم الجهات المشار اليها في المادة)04(
من هذا القانون عدا البند)
1
(
منها،

بان تق دم الي الوزارة المختصة خلال خمسة ايام عمل فعلية صورة طبق الاصل من
الطلب الوارد اليها بشان توفير فرص العمل بالخارج وشروطها،
موثقة من السلطات
المختصة،
كما تقدم نسخة من الاتفاقيات وعقود العمل المبرمة،
متضمنة تحديد العمل
والاجر المحدد له وشروط وظروف ادايه و
التزامات العامل.

ويكون للوزارة المختصة خلال خمسة عشر يوم
ا علي الاكثر من تاريخ اخطارها
بالاتفاقيات والطلبات والعقود المستوفاة الاعتراض عليها في حالة عدم مناسبة الاجر،

او مخالفتها للنظام العام والاداب العامة.
الجر یدة الرسمیة–
العدد
81) تابع (ف 3ي
مایو سنة
5202

03
فاذا انقضت المدة المشار اليها دون اعتراض من ا لوزارة اعتبرت الاتفاقيات
والطلبات والعقود موافق ً
ا
عليها.

ويصدر الوزير المختص قرار
ا باجراءات واسلوب ووسيلة اخطار تلك الجهات
بشان اعتراض الوزارة المختصة.

مادة)94(
:

تتولي الوزارة المختصة بالتعاون مع الوزارات والجهات المعنية متابعة تنفيذ
الاتفاقيات الدولي ة والتعاقدات المتعلقة بالعمالة المصرية في الخارج،
وبحث تسوية
المنازعات الناشية عن تنفيذ هذه الاتفاقيات والتعاقدات.

مادة)05(:
للمنظمات الدولية ان تزاول عمليات الحاق العمالة المصرية ممن يتمتعون
بخبرات وكفاءات خاصة للعمل خارج البلاد،
اذا كان التعاقد مع ج هات حكومية،

او هييات عامة عربية او اجنبية بعد اخذ موافقة الجهات المعنية.

وعليها ان تقدم الي الوزارة المختصة بيان ً
ا بفرص العمل الت ي تم توفيرها بهذه
الجهات وعقود العمل المبرمة.
مادة)15(:
تلتزم جميع الجهات الت ي تزاول عمليات التشغيل بالداخل والخارج ان توا في
الوزارة المختصة ببيانات ونتايج اعمالها علي الاقل كل ستة اشهر،
ويصدر بتحديد
قواعد واجراءات ذلك قرار من الوزير المختص.

مادة)25(:
لا يجوز ممارسة عمليات الحاق المصريين بالداخل والخارج الكتروني
ا من خلال
مواقع او صفحات او منصات الكترونية الا بعد الحصول ع لي ترخيص بذلك
من الوزارة المختصة،
ويستثني من ذلك وكالات التشغيل المشار اليها في البند)3(

من المادة)04(.

صدر الوزير المختص بالتشاور مع الوزير المعني بشيون الاتصالات قراروي
ا
بقواعد منح هذا الترخيص،
ومدته بما لا يجاوز سنة،
والرسوم المقررة عليه بما لا
يقل عن الف جنيه ولا يزيد علي عشرة الاف جنيه،
وضوابط وقواعد التشغيل،

والتقارير الت ي
تقدمها عن نتايج اعمالها، واليات التنسيق معها.
الجر یدة الرسمیة–
العدد
81) تابع (ف 3ي
مایو سنة
5202

13
)الفصل الثالث(

تشغيل النساء
مادة)35(:
مع عدم الاخلال باحكام المواد التالية،
تسري علي النساء العاملات جميع
الاحكام المنظمة لت
شغيل العمال، دون تمييز.

ويستحق جميع العاملين من الذكور والاناث اجر
ا متساوي
ا عن العمل ذي القيمة
المتساوية،
ويشمل ذلك كل صور الاجر وعناصره من مزايا نقدية او عينية
او علاوات او حوافز او بدلات او غيرها.

صدر الوزير المختصوي،
بعد اخذ راي كل من المجلس الق ومي للمراة والمجلس
القومي للطفولة والامومة،
 قرار
ا بتحديد الاحوال او الاعمال التي لا يجوز تشغيل
النساء فيها،
بهدف توفير التدابير اللازمة لحماية الامومة،
او مواجهة مخاطر
السلامة والصحة المهنية.

مادة)45(:
للعاملة الحق في اجازة وضع لمدة اربعة اشهر تشمل المدة التي تسبق الوضع
والت ي
تليه،
 علي الا تقل مدة هذه الاجازة بعد الوضع عن خمسة واربعين يوم
ا،

بشرط ان تقدم شهادة طبية مبين ً
ا بها التاريخ الذي يرجح حصول الوضع فيه،

وتكون هذه الاجازة مدفوعة الاجر،
وفي جميع الاحوال لا تستحق العاملة هذه
الاجازة لاكثر من ث
لاث مرات طوال مدة خدمتها.

ويخصم من الاجر الذي يلتزم به صاحب العمل،
ما يلتزم بادايه من تعويض
عن الاجر وفق ً
ا لحكم المادة)77(
من قانون التامينات الاجتماعية والمعاشات الصادر
بالقانون رقم
841 لسنة
9102
وتخفض ساعات العمل اليومية للمراة الحامل ساعة علي الاقل اعتابار من الشهر
السادس من الحمل،
ولا يجوز الزامها بساعات عمل اضافية طوال مدة الحمل وحتي
نهاية ستة اشهر من تاريخ الوضع.
الجر یدة الرسمیة–
العدد
81) تابع (ف 3ي
مایو سنة
5202

23
مادة)55(:
للعاملة بعد انتهاء اجازة الوضع المبينة بالمادة)45(
من هذا القانون الحق
ف ي العودة الي وظيفتها او وظيفة مماثلة لها دون الاخلال باية مزايا كانت مقررة
لوظيفتها الاصلية.

حظر فصل العاملة او انهاء خدمتها اثناء اجازة الوضعوي.

حظر فصلهاكما ي
او انهاء خدمتها عقب عودتها من هذه الاجازة،
ما لم يثبت
صاحب العمل ان الفصل او انهاء الخدمة لسبب مشروع.

ومع ذلك،
يكون لصاحب العمل حرمان العاملة من التعويض عن اجرها عن
مدة الاجازة المشار اليها او استرداد ما تم اداوه منه اذا ثبت اشتغالها خلال الاجازة
لدي الغير، وذلك مع عدم الاخلال بالمساءلة التاديبية.

مادة)65(:
يكون للعاملة الت ي ترضع طفلها خلال السنتين التاليتين لتاريخ الوضع،

فض
لا ً عن فترة الراح ة المقررة،
الحق في فترتين اخريين للرضاعة لا تقل كل منهما
عن نصف ساعة، وللعاملة الحق في ضم هاتين الفترتين.

وتحسب هاتان الفترتان الاضافيتان من ساعات العمل ولا يترتب علي ذلك اي
تخفيض ف ي
الاجر.

مادة)75(:
مع مراعاة حكم الفقرة الثانية من المادة)27(
من قانون الطفل الصادر بالقانون
رقم
21 لسنة
6991، يكون للعاملة في المنشاة الت ي تستخدم خمسين عام
لا ً فاكثر
الحق ف ي الحصول علي اجازة دون اجر لمدة لا تجاوز سنتين،
وذلك لرعاية طفلها،

ولا تستحق هذه الاجازة لاكثر من ثلاث مرات طوال مدة خدمتها شريطة ان يكون قد
مر علي وجو دها في المنشاة سنة علي الاقل،
وعلي الا تقل المدة بين الاجازة الاولي
والثانية عن سنتين.
الجر یدة الرسمیة–
العدد
81) تابع (ف 3ي
مایو سنة
5202

33
مادة)85(:
للعاملة ان تنهي عقد العمل بسبب زواجها،
او حملها،
او انجابها،
علي ان
تخطر صاحب العمل كتابة برغبتها في ذلك خلال ثلاثة اشهر من تاريخ ابرام عقد
الزواج،
او ثبوت الحمل،
او من تاريخ الوضع بحسب الاحوال،
مع مراعاة
الا يوثر ذلك علي الحقوق المقررة لها وفق ً
ا لاحكام هذا القانون او لاحكام قانون
التامينات الاجتماعية والمعاشات المشار اليه.

مادة)95(:
يجب علي صاحب العمل في حالة تشغيله عاملة او اكثر ان يعلق ف ي اماكن
ا
لعمل او تجمع العمال نسخة من نظام تشغيل النساء.

ويجب ان يتضمن ذلك النظام اجراءات وضوابط وقواعد ومواعيد ساعات العمل
المرن او العمل عن بعد للمراة الت ي
ترعي اطفا
ًلا
ذوي اعاقة او اقزام.

مادة)06(:
مع عدم الاخلال باحكام قانون الطفل المشار اليه علي صاحب العمل الذ ي
يستخدم ماية عاملة فاكثر ف ي مكان واحد ان ينشي دار
ا للحضانة،
او يعهد الي دار
للحضانة برعاية اطفال العاملات.

وتلتزم المنشات الت ي تقع في منطقة واحدة وتستخدم كل منها اقل من ماية عاملة،
ان
تشترك في تنفيذ الالتزام المنصوص عليه في الفقرة الاولي من هذه الماد
ة.

واستثناء من ذلك، لصاحب العمل ان يتحمل تكاليف رعاية الاطفال بدار الحضانة.

وذلك كله بالضوابط والاوضاع الت ي يصدر بها قرار من الوزير المختص
بعد التنسيق مع الوزير المعني ب شيون التضامن الاجتماعي والمجلس القومي
للطفولة والامومة.

)
الفصل
ا
لرابع(

ا
حكام تشغيل وتدريب الاطفال
مادة)16(:
تسري علي هذا ال فصل احكام قانون الطفل المشار اليه فيما لم يرد بشانه
نص
خاص.

ويعتبر طف
فلا ً ي
تطبيق احكام هذا القانون، كل من لم يبلغ ثمان ي
عشرة سنة.
الجر یدة الرسمیة–
العدد
81) تابع (ف 3ي
مایو سنة
5202

43
مادة)26(
:

ي حظر تشغيل الاطفال قبل بلوغهم خمس عشرة سنة،
ومع ذلك يجوز تدريبهم
متي بلغت سنهم اربع عشرة سنة بما لا يعوقهم عن
مواصلة التعليم.

ويلتزم كل صاحب عمل يدرب طف
لا ً دون سن الخامسة عشرة بمنحه بطاقة تثبت
انه يتدرب لديه،
وتلصق عليها صورة الطفل،
وت ُ عتمد من الجهة الادارية المختصة،

وتختم بخاتمها.

مادة)36(:
يكون تشغيل او تدريب الاطفال،
وتحديد الظروف والاحوال والقواعد
والا جراءات الت ي
يتم فيها ذلك، وفق ً
ا للقرار الصادر من الوزير المختص بالتنسيق مع
المجلس القومي للطفولة والامومة.

مادة)46(:
حظر تشغيل او تدريب الاطفال في الاعمالي،
والمهن،
والصناعات الت ي من
شانها ان تعرض صحتهم البدنية او النفسية او سلامتهم او اخلاقهم للخطر،
او تعوقهم
عن مواصلة التعليم كما يحظر تشغيلهم او تدريبهم في اي عمل غير مشروع،
او اية
اعمال تعتبر من صور اسوا اشكال عمل الاطفال وفق ً
ا للاتفاقيات والمواثيق
والمعاهدات الدولية الت ي
صدقت عليها جمهورية مصر العربية.

ويصدر الوزير المختص بالتنسيق مع المجلس الق ومي للطفولة والامومة قرار
ا
بتحديد تلك الاعمال والمهن والصناعات طبق ً
ا
لمراحل السن المختلفة.

مادة)56(:
حظر تشغيل الطفل اكثر من ست ساعات يوميي
ا،
ويجب ان تتخلل ساعات العمل
فترة او اكثر لتناول الطعام والراحة لا تقل في مجموعها عن ساعة واحدة،

وتحدد هذه ال فترة او الفترات بحيث لا يعمل الطفل اكثر من اربع ساعات متصلة،

ويحظر تشغيل
الطفل ساعات عمل اضافية او تشغيله في ايام الراحة الاسبوعية
والعطلات الرسمية.

وفي جميع الاحوال،
 يحظر تشغيل الطفل فيما بين الساعة السابعة مساء
والسابعة
صباح
ا.
الجر یدة الرسمیة–
العدد
81) تابع (ف 3ي
مایو سنة
5202

53
مادة)66(:
علي صاحب
العمل الذي يقوم بتشغيل طفل او اكثر مراعاة الاتي:

1
-
تعليق نسخة تحتوي علي الاحكام الت ي يتضمنها هذا الفصل في مكان ظاهر
بمحل العمل.

2-
تحرير كشف موضح به ساعات العمل وفترات الراحة معتمد من الجهة
الادارية المختصة.

3-
ابلاغ الجهة الادارية المختصة باسماء الاط فال العاملين لديه،
والاعمال
المكلفين بها، واسماء الاشخاص المنوط بهم مراقبة اعمالهم.

4-
توفير سكن منفصل للاطفال عن غيرهم من البالغين،
وفق ً
ا للضوابط
والاحكام الت ي يصدر بها قرار من الوزير المختص،
ويحظر في جميع الاحوال مبيت
الطفل في مكان العمل.

مادة)76(:
مع عدم الاخلال باحكام قانون الطفل المشار اليه،
تقوم جهات التاهيل باخطار
الجهة الادارية المختصة التي يقع ف ي دايرتها محل اقامة الطفل ذي الاعاقة بما يفيد
تاهيله،
وتقيد لديها اسماء الاطفال الذين تم تاهيلهم في سجل خاص ورقي
او الكتروني، وتسلم الي الطفل ذي الا
عاقة او من ينوب عنه شهادة القيد دون مقابل.

وتلتزم الجهة الادارية المختصة بمعاونة الاطفال ذوي الاعاقة المقيدين لديها
ف ي الالتحاق بالاعمال الت ي تناسب اعمارهم وكفايتهم ومحال اقامتهم،
وعليها اخطار
مديرية التضامن الاجتماعي الواقعة ف ي دايرتها ببيان شهر ي عن الا طفال ذوي الاعاقة
الذين تم تشغيلهم.

مادة)86(:
ي حظر علي الابوين
او متولي امر الطفل،
بحسب الاحوال،
تشغيل الطفل
بالمخالفة لاحكام هذا القانون، والقرارات التنفيذية الصادرة له.
الجر یدة الرسمیة–
العدد
81) تابع (ف 3ي
مایو سنة
5202

63
)الفصل الخامس(

تنظيم عمل الاجانب
مادة)96(:
يقصد بالعمل ف ي تطبيق احكام هذا الفص ل كل عمل تابع او حر او لحساب
النفس
او العمل في اي مهنة او صنعة او حرفة بما ف ي
ذلك العمل في الخدمة المنزلية.

مادة)
70
(:
يخضع عمل الاجانب في جميع منشات القطاع الخاص،
ووحدات القطاع العام،

وقطاع الاعمال العام،
والهييات العامة والادارة المحلية،
والجهاز الا داري للدولة
للاحكام الواردة في هذا الفصل، وذلك مع مراعاة شرط المعاملة بالمثل.

ويحدد الوزير المختص النسبة القصوي لتشغيل الاجانب ف ي تلك المنشات
والجهات،
وحالات الاستثناء من تلك النسبة،
حظر والمهن والحرف التي ي
علي الاجانب الاشتغال بها.

ويجوز للوزير الم
ختص اعفاء الاجانب من شرط المعاملة بالمثل.

مادة)
71
(
:

لا يجوز للاجنب ي العمل داخل البلاد الا بعد الحصول علي ترخيص بذلك
من الوزارة المختصة وان يكون مصرح
ا له بدخول البلاد والاقامة بها بقصد العمل،

ولا يجوز لاصحاب الاعمال تشغيل الاجانب الا بعد الحصول علي هذا
الترخيص.

ويصدر الوزير المختص قرار
ا بشروط الحصول علي الترخيص المشار اليه،

واجراءاته،
والبيانات الت ي
يتضمنها،
واجراءات تجديده،
والرسم الذي يحصل عنه
ورسوم الاعفاء من شروط الاستقدام،
بما لا يقل عن خمسة الاف جنيه،
ولا يزيد
علي ماية وخمسين الف جنيه،
وي حدد حالات الغاء الترخيص قبل انتهاء مدته،

وحالات اعفاء الاجانب من شرط الحصول عليه،
وحالات الاعفاء من شرط الاستقدام
وبما يتماشي مع احتياجات سوق العمل.

ويلتزم كل من يستخدم اجنبي
ا اعفي من شرط الحصول علي الترخيص بان يخطر
الجهة الادارية المختصة بذلك خلال سبع ة ايام من مزاولة الاجنب ي للعمل،
وعند
انتهاء خدمته لد يه.
الجر یدة الرسمیة–
العدد
81) تابع (ف 3ي
مایو سنة
5202

73
مادة)
72
(:
يلتزم صاحب العمل بابلاغ الجهة الادارية والسلطات المختصة عن غياب العامل
الاجنبي عن العمل لمدة خمسة عشر يوم
ا متصلة دون مسوغ قانوني يجيز ذلك،

ويصدر الوزير المختص قرار
ا
بالضوابط والشروط و
الاجراءات المنظمة لذلك.

مادة)
73
(:
مع عدم الاخلال باحكام قانون الاستثمار الصادر بالقانون رقم
27 لسنة
7102،

يجوز للوزير المختص بالاتفاق مع الوزير المعني بشيون الاستثمار،
وضع القواعد
والضوابط اللازمة للترخيص بالعمل للاجانب المخاطبين باحكام قانون الاستثما
ر
المشار اليه.

مادة)47(
:

يلتزم صاحب العمل الذي يعمل لديه الاجنبي باعادته الي الدولة الت ي تم استقدامه
منها علي نفقة صاحب العمل الخاصة حال انتهاء علاقة العمل،
ما لم ينص عقد
العمل علي خلاف ذلك.

صدر الوزير المختص قراروي
ا
بالحالات والمواعيد والاجراءات ال
منظمة لذلك.

الباب الثالث
تشغيل العمالة غير المنتظمة
مادة)57(:
تهدف احكام هذا الباب الي تنظيم ودعم وتشغيل العمالة غير المنتظمة والعاملين
في القطاع غير الرسمي علي المستوي القومي،
ومساعدتهم ف ي الحصول علي فرص
العمل اللايقة لهم،
وتنمية مهاراتهم بما يتناسب مع احتياجات سوق العمل ف ي الداخل
والخارج، وحمايتهم اثناء العمل، وتقديم الدعم اللازم اثناء فترات التعطل.

وتسري علي العمالة غير المنتظمة والعاملين في القطاع غير الرسمي،
الذين
يعملون لدي اصحاب الاعمال، جميع الحقوق والواجبات الواردة ف ي
هذا القانون.

ويصدر الوزير المختص قرار
ا بالقواعد والاحكام المنظمة لشروط وظروف عمل
تلك الفيات،
وطرق الحصول علي حقوقهم والقيام بواجباتهم،
بما يتوافق مع طبيعة
وفترات عملهم.
الجر یدة الرسمیة–
العدد
81) تابع (ف 3ي
مایو سنة
5202

83
مادة)67(
:

تتولي الوزارة المختصة رسم سياسة ومتابعة تشغيل العمالة غير المنتظمة وعلي
الاخص عمال الزراعة الموسميون،
وعمال المقاولات وعمال البحر،
وعمال المناجم
والمحاجر، بما يتفق مع السياسة العامة للدولة.

وللوزير المختص تحديد فيات العمالة غير المنتظمة بالتشاور مع الوزراء
المعنيين والمنظمات النقابية العمالية المعنية، ومنظمات اصحاب الاعمال المعنيين.

مادة)
77
(:
تلتزم الجهة الادارية المختصة بحصر وقيد العمالة غير المنتظمة،
وفق ً
ا لتصنيفها
وفياتها، في السجلات الورقية او الالكترونية المعدة لذلك.

كما تلتزم باعداد قواعد بيانات قومية لفيات العمالة غير المنتظمة،
وربطها
باجهزة ووزارات الدولة بالتنسيق مع الجهات ا لمعنية،
وعلي الاخص الجهاز
المركزي للتعبية العامة والاحصاء، والهيية القومية للتامين الاجتماعي.

ويصدر الوزير المختص قرار
ا
بالقواعد والاجراءات اللازمة لذلك.

مادة)
78
(
:

ينشا صندوق لحماية وتشغيل العمالة غير المنتظمة يسمي""
صندوق اعانات
الطواري والخدمات الا جتماعية والصحية للعمالة غير المنتظمة""
،
تكون له الشخصية
الاعتبارية العامة،
ويتبع الوزير المختص،
ويكون مقره الرييسي محافظة القاهرة،

وله ان ينشي فروع
فا ي
المحافظات.

ويصدر رييس مجلس الوزراء قرار
ا بتشكيل مجلس ادارة الصندوق،
برياسة
الوزير المختص،
وعضوية ممثلي المنظمات النقابية العمالية المعنية ومنظمات
اصحاب
الاعمال المعنية بالتساوي فيما بينهما،
وممثلي الوزارات والجهات المعنية،

ويحدد القرار اختصاصات المجلس،
والنظام الاساسي للصندوق،
والمعاملة المالية
لرييس واعضاء مجلس الادارة،
علي ان تكون من موارده الذ
اتية،
والنظام المحاسبي
الواجب
ا
تباعه.
الجر یدة الرسمیة–
العدد
81) تابع (ف 3ي
مایو سنة
5202

93
مادة)
79
(:
يختص الصندوق بما ياتي:
1-
صرف اعانات الطواري للعمالة غير المنتظمة في حالات الازمات
الاقتصادية العامة او الكوارث او الاوبية او حالات التوقف الموقت عن العمل.

2- تقديم الخدمات الاجتماعية والصحية لفيات العم
الة غير المنتظمة.

3-
دعم
النفقات العلاجية والخدمات الطبية.

4-
المساهمة في سداد اشتراكات التامين الاجتماعي للعمالة غير المنتظمة
بالاتفاق مع وزير المالية ووزير التضامن الاجتماعي،
والهيية القومية للتامين
الاجتماعي، وفي حدود موارد الصندوق.

5- دعم وتطوير و
تعزيز عمليات التشغيل اللازمة للعمالة غير المنتظمة.

6-
تدريب العمالة غير المنتظمة المخاطبين باحكام هذا القانون وتنمية مهاراتهم
الفنية والمهنية في مجالات العمل المختلفة بالتنسيق مع الوزارة المختصة.

7-
المساهمة ف ي توفير ادوات العمل اللازمة لبعض فيات العمالة غير المنتظمة
للقيام باعمالهم.

8-
المساهمة في توفير سبل الانتقال والاعاشة والاقامة بمواقع العمل النايية.

9-
المشاركة في دعم الالتزام باشتراطات السلامة والصحة المهنية اللازمة
وتامين بيية العمل.

01-
تقديم البرامج الثقافية والرياضية،
واقامة المسابقات اللا زمة لتنمية مهارات
العمالة
غير المنتظمة،
ا فني  وثقافي
ا،
 ورياضي
ا،
واعداد برامج الرحلات الترفيهية،

والمصايف طبق ً
ا
للموارد المتاحة.

11-
المساهمة في تمويل عمليات حصر العمالة غير المنتظمة علي المستوي
القومي او اعداد قواعد بياناتها.

21-
اطلاق الحملات التو عوية اعلامي
ا للتعريف بحقوق العمالة غير المنتظمة
وحقوقهم التامينية والاجتماعية وغيرها.

31- انشاء المنصات الالكترونية اللازمة لتقديم خدمات الصندوق الرقمية.
الجر یدة الرسمیة–
العدد
81) تابع (ف 3ي
مایو سنة
5202

04
41
-
اقامة مشروعات تنموية تستهدف الارتقاء باوضاع العمالة غير المنتظمة،

او دمج العاملين في القطاع غ ير الرسمي بالقطاع الرسمي علي المستوي القومي،

سواء منفرد
ا او بالتعاون مع الجهات والمنظمات الدولية او الاقليمية المتخصصة بعد
موافقة الجهات الوطنية المعنية.

مادة)
80
(:
صدر الوزير المختص بالتشاور مع الوزراء المعنيين اللوايح المالية والاداريةي
للصندوق،
ون ظام تحصيل موارده، ولايحة الخدمات التي يقدمها،
وقيمة الاعانات
المالية الطارية وضوابط استحقاقها،
ومدتها،
وحالات وقفها،
والمستندات اللازمة
لاثباتها،
وطريقة واليات
صرفها.
مادة)
81
(
:

يجوز بقرار من رييس الجمهورية في حالات الطواري العامة صرف اعانات
طواري عاجلة لفيات العمالة غير المنتظمة او بعضها،
او لاسرهم،
وذلك في
الحالات والاحوال الت ي
يحددها القرار.

مادة)
82
(:
تتكون موارد الصندوق مما ياتي:
1-
نسبة لا تقل عن)1٪
(
ولا تزيد علي)
3
٪
(
من قيمة الاجور الفعلية للعمالة
غير المنتظمة ف ي قطاع المقاولات والتشييد وا
لبناء،
فاذا تعذر الوقوف علي قيمة
الاجور الفعلية تقدر قيمة الاجور حكم
ا بنسبة لا تزيد علي)02٪
(
من قيمة العملية ف ي
المقاولات العامة،
ولا تزيد علي)54٪
( في عمليات الخدمات والمصنعية.

-2
نسبة لا تقل عن)1٪
(
ولا تزيد علي)
3
٪
(
من قيمة الاجور الفعلية للعمالة
غير المنتظم
ة ف ي
قطاع المناجم والمحاجر وما ف ي
حكمها،
فاذا تعذر الوقوف علي قيمة
الاجور
الفعلية تقدر قيمة الاجور حكم
ا
بنسبة لا تزيد علي) 51٪
( من قيمة العملية.

3-
اشتراك قيد لفيات العمالة غير المنتظمة الاخري،
لا يقل عن
02  جنيه
ا
ولا يزيد علي200
 جنيه شهري
ا.

4-
نسبة)5,0٪
(نصف ف ي الماية من قيمة مبيعات المنتجات الزراعية الت ي
تشتريها الدولة.
الجر یدة الرسمیة–
العدد
81) تابع (ف 3ي
مایو سنة
5202

14
5-

مبلغ
001 جنيه عن كل طلب توثيق او طلب صحة توقيع او صحة نفاذ
عقود بيع الاراضي الزراعية.

6-
مبلغ لا يجاوز
05  جنيه
ا عن كل رخصة قيادة مهنية تصدر لاول مرة
او عند تجديدها.

7-

كافة ام وال حسابات العمالة غير المنتظمة بمديريات العمل،
وعوايد الاصول
والودايع الخاصة بها.

8-
التبرعات والهبات العينية والنقدية التي يوافق عليها مجلس الادارة،
وبما لا
يخالف القوانين واللوايح المعمول بها.

9-
عايد الخدمات الت ي يقدمها الصندوق بمقابل رمزي )ان وجدت(
.
01- عايد استثمار اموال الصندوق.

ويصدر بتحديد فيات الرسوم والاشتراكات المشار اليها ف ي هذه المادة،

وبما لا يزيد علي
الحد الاقصي المقرر، ومواعيد الوفاء بها،
قرار من رييس مجلس
ادارة الصندوق.
مادة)
83
(
:

يكون للصندوق حساب خاص لدي احد البنوك التجارية المس جلة لدي البنك
المركزي المصري وموازنة مستقلة،
تعد علي نمط موازنات الهييات العامة
الاقتصادية،
ويعد الصندوق سنوي
ا القوايم الدالة علي المركز المالي وفق ً
ا لنظام
المحاسبة المالية،
وتبدا السنة المالية للصندوق مع السنة المالية للدولة،
وتنتهي
بانتهايها،
وتخضع ا مواله لرقابة الجهاز المركزي للمحاسبات،
رحل فايض امواله وي
من سنة مالية الي اخري.

مادة)48(:
تعد اموال الصندوق اموا
لا ً عامة،
وبصفة خاصة فيما يتعلق بتطبيق احكام قانون
العقوبات.
وللصندوق الحق في اتخاذ اجراءات التنفيذ المباشر والحجز الاداري وفق ً
ا
لاحكام القانون رقم308
لسنة
5591
ف ي
شان الحجز الاداري.
الجر یدة الرسمیة–
العدد
81) تابع (ف 3ي
مایو سنة
5202

24
مادة)58(:
يلتزم العاملون بالوزارة المختصة ومديرياتها كل في حدود اختصاصه،

بتنفيذ احكام هذا الباب وما يصدر عن مجلس ادارة الصندوق من لوايح وقرارات
بالتنسيق مع ادارة الصندوق،
ويصدر قرار من الوزير المختص بقوا عد واجراءات
واليات التنسيق.

الكتاب الثالث
علاقات العمل
الباب الاول
علاقات العمل الفردية
)الفصل الاول(

عقد
العمل الفردي
مادة)68(:
تسري احكام هذا الفصل علي العقد الذي يتعهد بمقتضاه عامل بان يعمل لدي
صاحب عمل تحت ادارته او اشرافه لقاء اجر.

مادة)
87
(
:

يبرم عقد العمل الفردي لمدة غير محددة،
او لمدة محددة اذا كانت طبيعة العمل
تقتضي ذلك كما
يجوز باتفاق الطرفين تجديد العقد لمدد اخري مماثلة.

مادة)
88
(:
عتبر عقد العمل غير محدد المدة منذ ابرامه في الحالات الاتيةي:
1- اذا كان غير مكتوب.

2-
اذا لم ينص العقد علي
مدته.

3-
 اذا كان مبرم
ا لمدة محددة واستمر الطرفان في تنفيذه بعد انتهاء هذه المدة
دون اتفاق مكتوب بينهما.
الجر یدة الرسمیة–
العدد
81) تابع (ف 3ي
مایو سنة
5202

34
مادة)
89
(
:

يلتزم صاحب العمل بتحرير عقد العمل كتابة باللغة العربية من اربع نسخ،

يحتفظ صاحب العمل بنسخة،
وتسلم نسخة للعامل،
وتودع الثالثة بمكتب الت امين
الاجتماعي المختص، والنسخة الرابعة بالجهة الادارية المختصة.

واذا كان العامل اجنبي
ا ولا يجيد اللغة العربية يجوز ان يحرر عقد العمل
باللغة العربية ولغة العامل،
وفي حالة الاختلاف في التفسير يعمل بعقد العمل المحرر
باللغة العربية.

ويجب ان يتضمن العقد عل
ي الاخص البيانات الاتية:
1- تاريخ بداية العقد.

2
- اسم صاحب العمل وعنوان محل العمل.

3-
اسم العامل وموهله،
ومهنته، او حرفته ورقمه التاميني،
ومحل اقامته،

وما يلزم لاثبات شخصيته.

4- طبيعة ونوع العمل محل العقد.

5-
الاجر المتفق عليه،
وطريقة وموعد ادايه،
وساير المزايا النقدية والعينية
المتفق عليها.

واذا لم يوجد عقد مكتوب فيكون لكل من العامل وصاحب العمل الحق ف ي اثبات
علاقة العمل،
ومدته،
وجميع الحقوق المترتبة عليها بطرق الاثبات كافة.

ويعطي صاحب العمل للعامل ايصا
ًلا
بما يكون قد اودعه لديه من اوراق وشهادا
ت.

مادة)
90
(:
تحدد فترة الاختبار في عقد العمل لمدة لا تزيد علي ثلاثة اشهر.

ولا يجوز تعيين العامل تحت الاختبار اكثر من مرة واحدة لدي صاحب
عمل واحد.
الجر یدة الرسمیة–
العدد
81) تابع (ف 3ي
مایو سنة
5202

44
مادة)
91
(:
لا يجوز لصاحب العمل ان يخرج علي الشروط المتفق عليها في عقد العمل
الفردي،او اتفاقية العمل الجم
اعية،
او ان يكلف العامل بعمل غير المتفق عليه،

الا اذا دعت الضرورة الي ذلك،
 منع
ا لوقوع حادث،
او لاصلاح ما نشا عنه،

او في حالة القوة القاهرة،علي ان يكون ذلك بصفة موقتة،
وله ان يكلف العامل
بعمل غير المتفق عليه، اذا كان لا يختلف عنه اختلاف ً
ا جوهري
ا.

وفي جميع الاحوال، لا يجوز المساس بحقوق العامل.

مادة)
92
(:
علي صاحب العمل ان ينشي ملف ً
ا  ورقي
ا  او الكتروني
ا لكل عامل يتضمن اسمه،

ومهنته،
ودرجة مهارته عند التحاقه بالعمل،
ومحل اقامته،
وحالته الاجتماعية،

وتاريخ بداية خدمته،
واجره،
وبيان ما يطرا علي ه من تطورات والجزاءات التي
وقعت عليه،
وبيان ما حصل عليه من اجازات،
وان يدرج او يودع في الملف
صورة من عقد العمل،
ومحاضر التحقيق ان وجدت،
وتقارير روسايه عن عمله
اوفق ً لما تقرره لايحة المنشاة،
واية اوراق
اخري تتعلق بخدمة العامل وما يفيد التامين
عليه لدي الهيية القومية للتامين الاجتماعي،
والكشف الطبي الابتدايي،
ولا يجوز
الاطلاع علي هذه البيانات الا لمن رخص له قانون ً
ا بذلك،
وان يقدم هذا الملف الي
الجهة الادارية المختصة او المحكمة العمالية المختصة حسب الاحوال عند طلبه.

وعليه ان يحتفظ بملف العامل ورقي
ا ا و الكتروني
ا لمدة خمس سنوات علي الاقل
تبدا من تاريخ انتهاء علاقة العمل،
وفي جميع الاحوال يجب الاحتفاظ بالملف عند
وجود نزاع قضايي لحين الفصل في الدعوي بحكم بات.

مادة)
93
(:
يلتزم صاحب العمل،
بنقل العامل من الجهة التي تم التعاقد معه فيها الي مكان
العمل،

كما يلتزم باعادته الي تلك الجهة خلال ثلاثة ايام من تاريخ انتهاء عقد العمل
لاحد الاسباب المبينة في هذا القانون،
ولو كان خلال فترة الاختبار،
الا اذا رفض
العامل كتابة العودة خلال المدة المشار اليها.
الجر یدة الرسمیة–
العدد
81) تابع (ف 3ي
مایو سنة
5202

54
فاذا لم يقم صاحب العمل بذلك وجب علي الجهة الادارية المختص
ة،
 بناء علي
طلب العامل،
اعادته الي الجهة الت ي تم التعاقد معه فيها علي نفقتها،
ولهذه الجهة
استرداد ما انفقته بطريق الحجز الاداري.
مادة)49(:
اذا عهد صاحب العمل الي صاحب عمل اخر بتادية عمل من اعماله،
او جزء
منها،
وذلك في منطقة عمل واحدة وجب علي الاخي ر ان يسوي بين عماله،
وعمال
صاحب العمل الاصل في ي جميع الحقوق،
ويكون الاخير متضامن ً
ا معه ف ي الوفاء
بجميع الالتزامات الت ي
تفرضها احكام هذا القانون.

وفي جميع الاحوال، لا يجوز المساس بحقوق العامل.

مادة)59(:
يلتزم العامل الذي تم تدريبه علي نفقة صاحب العمل بان يقضي لديه المدة المتفق
عليها،
وفي حالة تركه العمل قبل انقضاء هذه المدة يلتزم بسداد نفقات التدريب،
دون
اخلال بحق صاحب العمل في التعويض، ما لم ينص عقد العمل علي خلاف ذلك.

)الفصل الثاني(

انماط العمل الجديدة
مادة)69(:
يعتبر نمط ً
ا  جديد
ا من انماط ا لعمل كل عمل يقوم به العامل بطريقة غير تقليدية،

ااي كان شكل اداء العمل،
او طريقة تنفيذه،
ويقدم لصالح صاحب العمل وتحت ادارته
او اشرافه،
 مقابل اجر اي
ا كانت صورته،
ويعتبر نمط ً
ا من انماط العمل الجديدة
علي الاخص ما ياتي:

1-
العمل عن بعد، وهو اداء العمل، في مكان يختلف عن المقر التقليدي للمنشاة
ويتم تنفيذه من خلال الوسايل التكنولوجية.

-2
العمل بعض الوقت او جزء منه،
وهو العمل الذي يتم خلال ساعات عمل
اقل من ساعات العمل الكاملة للعمل المماثل.
الجر یدة الرسمیة–
العدد
81) تابع (ف 3ي
مایو سنة
5202

64
3- العمل المرن، وهو اداء العمل بنفس عدد ساعات العمل المطلوبة م، ن العامل
في اوقات غير متصلة يتم الاتفاق عليها بين طرفي علاقة العمل، او بتغيير في مواعيد
ساعات العمل او عددها او مكان العمل.

4-

تقاسم العمل،
وهو العمل الذي يقوم بانجازه اكثر من شخص ويتقاسمون
فيه الادوار
او الاوقات،

كما
يتقاسمون الاجر، وفق ً
ا
لما يتم الا
تفاق عليه.

5-
اي صور اخري
للعمل يصدر بتحديدها قرار من الوزير المختص.

مادة)
97
(:
تسري علي علاقات العمل في انماط العمل الجديدة ما يسري علي علاقات
العمل التقليدية، وذلك مع مراعاة طبيعة كل عمل وطريقة ادايه.

كما يسري علي العاملين في تلك الانماط جميع الحقوق والواجبات الت ي تسري
علي العاملين في الانماط التقليدية للعمل،
وعلي الاخص الحماية الاجتماعية والضمان
الاجتماعي،
والحد الادني للاجر وطريقة حسابه،
وضمان الحصول عليه،
واتاحة
التدريب المهني وبرامج تنمية المهارات،
والحق في المفاوضة الجماعية،
والحرية
النقاب ية وفق ً
ا لاحكام قانون المنظمات النقابية العمالية وحماية حق التنظيم النقاب ي
الصادر بالقانون رقم213
لسنة
7102
مادة)
98
(:
يجوز باتفاق الطرفين في انماط العمل الجديدة ان يقوم العامل بالعمل لدي اكثر
من صاحب عمل مع التزام العامل بعدم افشاء اسرار العمل،
او ان يعمل لحساب
نفسه الي جانب عمله لدي الغير.

مادة)
99
(:
يجب ان تكون علاقة العمل في انماط العمل الجديدة واضحة ومحددة ف ي عقد
عمل مكتوب ورقي
ا  او الكتروني
ا،
ويجوز للعامل اثبات علاقة العمل بكافة
طرق الاثبات.
الجر یدة الرسمیة–
العدد
81) تابع (ف 3ي
مایو سنة
5202

74
مادة)
100
(
:

صدر الوزير المختص بالتشاور مع المنظمي ات النقابية العمالية ومنظمات
اصحاب
الاعمال القرارات اللازمة لتنظيم انماط العمل الجديدة،
وتحديد صورها
والنماذج الاسترشادية لعقود ولوايح العمل،
وطرق اثبات علاقة العمل،
واليات
حصول الطرفين علي حقوقهم،
وذلك في موعد لا يتجاوز ستة اشهر من تاريخ
اصدار هذا الق
انون.

)الفصل الثالث(

الاجور
مادة)
101
(
:

شكل المجلس القومي للاجور برياسة الوزير المعني بشيون التخطيط والتنميةي
الاقتصادية والتعاون الدولي، وعضوية كل من:
الوزير ال
مختص، او من ينيبه.

الوزير المعني ب
شي
ون التضامن الاجتماعي، او من ينيبه.

الوزير المعني بشيون
المالية، او من ينيبه.

الوزير المعني بشيون الصناعة، او من ينيبه.

الوزير المعني بشيون قطاع الاعمال العام، او من ينيبه.

الوزير المعني بشيون التموين والتجارة الداخلية، او من ينيبه.

رييس المجلس القومي للمراة، او من ينيبه.

رييس الجهاز المركزي للتعبية
العامة والاحصاء.

الرييس التنفيذي للهيية العامة للاستثمار والمناطق الحرة.

رييس مجلس ادارة الهيية القومية للتامين الاجتماعي.

رييس الجهاز المركزي للتنظيم والادارة، او من ينيبه.

رييس المجلس القومي للاشخاص ذوي الاعاقة، او من ينيبه.

ستة اعضاء يمثلون منظ مات اصحاب الاعمال،
يتم اختيارهم من المنظمات
الاكثر تمثي
لا ً، من حيث العضوية.
الجر یدة الرسمیة–
العدد
81) تابع (ف 3ي
مایو سنة
5202

84
ستة اعضاء يمثلون المنظمات النقابية العمالية المعنية الاكثر تمثي
لا ً للعمال،

ترشحهم منظماتهم،
علي ان يراعي تمثيل جميع مستويات المنظمات النقابية المعنية
ما لم يكن ذلك متعذر
ا.

و يجوز للمجلس الاستعانة بعدد كاف من الخبراء والمختصين او الشخصيات
العامة،
وفق ً
ا للموضوعات المطروحة علي جدول الاعمال،
دون ان يكون لهم صوت
معدود ف ي
المداولات.

مادة)
102
(
:

يختص المجلس المشار اليه في المادة)101(
من هذا القانون علي وجه
الخصوص بالاتي:
1-
وضع ا لحد الادني لاجور العاملين في كل القطاعات علي المستوي القومي،

بمراعاة احتياجات العمال وعايلاتهم وتكاليف المعيشة وتغيراتها، وتحقيق التوازن بين
طرف ي
علاقة العمل، وضمان زيادة معدلات الانتاج.

2
-
وضع الحد الادني للعلاوة الدورية السنوية،
بما لا يقل عن النسبة ا لمقررة
ف ي المادة)21( من هذا القانون، والقواعد المنظمة لصرفها وفق ً
ا
لاحكام هذا القانون.

3-
النظر ف ي طلبات اصحاب الاعمال للتخفيض او الاعفاء من صرف العلاوة
الدورية لظروف اقتصادية طارية.

4-
وضع المعايير والضوابط الت ي علي اساسها يتم قبول او رفض طلبات
التخفيض او الا
عفاء من ص
رف العلاوة الدورية السنوية.

5-

اخطار الوزارات المعنية بقبول او رفض الطلبات المقدمة من ذوي الشان
بالتخفيض او الاعفاء من صرف العلاوة الدورية السنوية.

ويصدر رييس مجلس الوزراء قرار
ا بتحديد نظام العمل بالمجلس،
واختصاصاته
الاخري، في موعد اقصا
ه ستة اشهر من تاريخ العمل بهذا القانون.

مادة)
103
(
:

يجتمع المجلس القومي للاجور بدعوة من رييسه كل ستة اشهر علي الاقل،

او كلما دعت الحاجة الي ذلك،
وتكون اجتماعاته صحيحة بحضور اغلبية الاعضاء،

وتصدر قراراته باغلبية اراء الحاضرين من اعضايه،
وعند التساوي ي رجح الجانب
الذي منه الرييس.
الجر یدة الرسمیة–
العدد
81) تابع (ف 3ي
مایو سنة
5202

94
مادة)401(:
تلتزم المنشات الخاضعة لاحكام هذا القانون بتنفيذ قرارات المجلس القومي
للاجور، كل فيما يخصها.

مادة)501(
:

يتعين علي اجهزة التفتيش بالوزارة المختصة القيام باجراء التفتيش الدور ي علي
المنشات الخاضعة لاحكام هذا القانو ن للتحقق من تنفيذ قرارات المجلس القومي
للاجور،
وعلي اصحاب الاعمال او من يمثلونهم،
امساك سجلات ورقية
او الكترونية تتضمن بيانات العاملين والاجر المستحق لكل عامل.

مادة)601(:
مع عدم الاخلال بالاختصاص المقرر لمحاكم مجلس الدولة،
لكل ذي مصلحة
الطعن علي القر ارات الصادرة عن المجلس القومي للاجور في طلبات اصحاب
الاعمال بالتخفيض او الاعفاء من صرف العلاوة الدورية السنوية امام المحكمة
العمالية،
 وذلك خلال ثلاثين يوم
ا من التاريخ المقرر لصرف العلاوة او الاخطار
بالقرار المطعون فيه،
بحسب الاحوال.

مادة)
107
(
:

يحدد ا لاجر وفق ً
ا لعقد العمل الفردي،
او اتفاقية العمل الجماعية،
او لايحة
المنشاة المعتمدة،
فاذا لم يحدد باي من هذه الطرق استحق العامل اجر المثل
ان وجد،

والا قدر الاجر طبق ًا لعرف المهنة في الجهة التي يودي فيها العمل،
فان لم
يوجد عرف تولي قاضي الامور الوقتية ب المحكمة العمالية المختصة تقدير الاجر وفق ً
ا
لمقتضيات العدالة،
مع مراعاة احكام هذا القانون.
مادة)
108
(
:

تودي الاجور وغيرها من المبالغ المستحقة للعامل في احد ايام العمل وفي مكانه
بالعملة المتداولة قانون ً
ا
، او في حساب العامل البنكي، مع مراعاة الاحكام التالي
ة:

1- العمال المعينون باجر شهري تودي اجورهم مرة علي الاقل ف ي
الشهر.

2-
اذا كان الاجر بالانتاج او بالعمولة واستلزم العمل مدة تزيد علي اسبوعين،

وجب ان يحصل العامل كل اسبوع علي دفعة تحت الحساب تتناسب مع ما اتمه
من العمل، وان يودي له باقي اجره خلال الاسبوع
التالي لتسليم ما كلف به.
الجر یدة الرسمیة–
العدد
81) تابع (ف 3ي
مایو سنة
5202

05
3-
ف ي غير ما ذكر ف ي البندين)
1
،
2(
من هذه المادة تودي للعمال اجورهم
مرة كل اسبوع علي الاكثر ما لم يتفق علي غير ذلك.

4-
اذا انتهت علاقة العمل لاي سبب يودي صاحب العمل للعامل اجره
وجميع المبالغ المستحقة له في مدة لا تجاوز سبعة ايام من تاريخ مطالبة العامل
بهذه المستحقات.

وفي جميع الاحوال،
يجب الا يقل ما يحصل عليه العامل عن الحد الادني
للاجور،
ويحظر احتجاز اجر العامل او جزء منه دون سند قانوني.

مادة)
109
(
:

يكون حساب متوسط الاجر اليومي لعمال الانتاج،
او العمال الذين يتقاضون
اجور
ا
اساسية مضاف ً
ا اليها عمولة او نسبة ميوية علي اساس متوسط ما تقاضاه العامل
عن ايام العمل الفعلية في السنة الميلادية السابقة،
او عن المدة التي اشتغلها ان قلت
عن ذلك مقسوم
ا
علي عدد ايام العمل الفعلية عن ذات الفترة.

مادة)
110
(
:

حظر علي صاحب العمل ان ينقل اي لعامل من فية عمال الاجر الشهري الي فية
عمال اليومية،
او بالاجر الاسبوعي،
او بالساعة،
او بالانتاج،
الا بعد موافقته،

ويكون للعامل في هذه الحالة جميع الحقوق الت ي اكتسبها ف ي المدة الت ي قضاها
بالاجر الشهري.

مادة)
111
(
:

اذا حضر العامل الي مقر عمله في الوق ت المحدد للعمل،
 وكان مستعد
ا
لمباشرة عمله،
وحالت دون ذلك اسباب ترجع الي صاحب العمل،
اعتبر كانه ادي
عمله فع
لا ً واستحق اجره كام
ًلا،
اما اذا حضر وحالت بينه وبين مباشرة عمله اسباب
قهرية خارجة عن ارادة صاحب العمل استحق نصف اجره.

مادة)
112
(
:

لا يجوز لصاحب العمل الزام العامل بشراء اغذية،
او سلع او خدمات
من محال معينة، او مما ينتجه صاحب العمل من سلع، او ما يقدمه من خدمات.
الجر یدة الرسمیة–
العدد
81) تابع (ف 3ي
مایو سنة
5202

15
مادة)
113
(:
لا يجوز لصاحب العمل ان يقتطع من اجر العامل اكثر من عشرة بالماية،

وفاء لما يكون قد اقرضه من مال اثناء سريان العقد،
او ان يتقاضي اية فايدة عن هذه
القروض،
 ويسري هذا الحكم علي الاجور المدفوعة مقدم
ا.

مادة)411(:
مع عدم الاخلال باحكام قانون تنظيم بعض اوضاع واجراءات التقاض ي ف ي
مسايل الاحوال الشخصية الصادر بالقانون رقم
1 لسنة2000
،
لا يجوز ف ي جميع
الاحوال الاستقطاع او الحجز،

او النزول عن الاجر المستحق للعامل لاداء ا ي دين
الا ف ي حدود خمسة وعشرين بالماية من هذا الاجر،
ويجوز رفع نسبة الخصم الي
خمسين بالماية ف ي
حالة دين النفقة.

وعند التزاحم يقدم دين النفقة ثم ما يكون مطلوب
ا لصاحب العمل بسبب ما اتلفه
العامل من ادوات او مهمات اواسترداد
ا لما صرف اليه بغير وجه حق او ما وقع
علي العامل من جزاءات.

ويشترط لصحة النزول عن الاجر في حدود النسبة المقررة بهذه المادة ان تصدر
به موافقة مكتوبة من العامل.

وتحسب النسبة المشار اليها في الفقرة الاولي من هذه المادة بعد استقطاع ضريبة
الدخل علي الا
جر،
وقيمة الاشتراكات والمبالغ المستحقة وفق ً
ا لقانون التامينات
الاجتماعية والمعاشات المشار اليه،
وما يكون صاحب العمل قد اقرضه للعامل
ف ي حدود النسبة المنصوص عليها في المادة)311( من هذا القانون.

مادة)511(:
لا تبرا ذمة صاحب العمل من الاجر الا اذا وقع العام ل بما يفيد استلام الاجر
ف ي السجل المعد لذلك،
او في كشوف الاجور،
او اتمام تحويل اجره ومستحقاته الي
حسابه باحد البنوك، ويلتزم صاحب العمل باعطاء العامل بيان ً
ا
بمفردات اجره.

مادة)611(:
مع مراعاة حكم المادة)511( من هذا القانون،
يسلم صاحب العمل الي عماله
نم الاطفال اجورهم او مكافاتهم او غير ذلك مما يستحقونه قانون ً ا.
ويكون هذا التسليم ً
مبري
ميهذ لا.
الجر یدة الرسمیة–
العدد
81) تابع (ف 3ي
مایو سنة
5202

25
)الفصل الرابع(

ساعات العمل وفترات الراحة
مادة)
117
(:
مع عدم الاخلال باحكام القانون رقم
331 لسنة
1691 ف ي شان تنظيم تشغيل
العمال ف ي المنشات الصناعية،
لا يجوز تشغيل العامل تشغي
لا ً  فعلي
ا اكثر من ثمان
ي
ساعات في اليوم،
او ثمان واربعين ساعة في الاسبوع،
ولا تدخل فيها الفترات
المخصصة لتناول الطعام والراحة.

ويجوز بقرار من الوزير المختص تخفيض الحد الاقصي لساعات العمل لبعض
فيات العمال،
او في بعض الصناعات او الاعمال
الت ي
يحددها.

مادة)
118
(
:

يجب ان تتخلل ساعات العمل فترة او اكثر لتناول الطعام والراحة،
ولا تقل
ف ي مجموعها عن ساعة ويراعي في تحديد هذه الفترة الا يعمل العامل اكثر من خمس
ساعات متصلة.

وللوزير المختص ان يحدد بقرار منه الحالات،
او الاعمال التي يتحتم لاسباب
فنية او لظروف التشغيل استمرار العمل فيها دون فترة راحة،
والاعمال المرهقة الت ي
يمنح العامل فيها فترات راحة، وتحسب من ساعات العمل الفعلية.

مادة)
119
(
:

يجب تنظيم ساعات العمل وفترات الراحة،
بحيث لا تجاوز الفترة بين بداية
ساعات العمل ونهايتها اكثر من عشر ساعات في اليوم الواحد،
وتحسب فترة الراحة
من ساعات التواجد، اذا كان العامل اثناءها ف ي
مكان العمل.

ويستثني من هذا الحكم العمال المشتغلون في اعمال متقطعة بطبيعتها،
والاعمال
ذات الطبيعة الخاصة،
والت ي
يحددها الوزير المختص بقرار منه،
بحيث لا تزيد مدة
تواجد
هم في المنشاة علي اثنتي عشرة ساعة ف ي
اليوم الواحد.

مادة)
120
(:
يجب تنظيم العمل بالمنشاة بحيث يحصل كل عامل علي راحة اسبوعية لا تقل
عن اربع وعشرين ساعة كاملة بعد ستة ايام عمل متصلة علي الاكثر،
وف ي جميع
الاحوال تكون الراحة
الاسبوعية مدفوعة الاجر.
الجر یدة الرسمیة–
العدد
81) تابع (ف 3ي
مایو سنة
5202

35
واستثناء من الحكم الوارد في الفقرة الاولي من هذه المادة،
يجوز ف ي الاماكن
البعيدة عن العمران،
وفي الاعمال التي تتطلب طبيعة العمل،
او ظروف التشغيل
فيها استمرار العمل تجميع الراحات الاسبوعية المستحقة للعامل عن مدة لا تجاوز
ثمانية اسابيع،
وتحدد لايحة تنظيم العمل و الجزاءات قواعد الحصول علي الراحات
الاسبوعية المجمعة،
وتضع المنشات الت ي يقل عدد عمالها عن عشرة عمال قواعد
تنظيم الراحات الاسبوعية المجمعة بها وفق ً
ا
للقرارات الت ي
تصدرها المنشاة.

ويراعي ف ي حساب مدة الراحات الاسبوع ية المجمعة ان تبدا من ساعة وصول
العمال الي
اقرب موقع به مواصلات وتنتهي ساعة العودة اليه.

مادة)
121
(:
يجوز لصاحب العمل عدم التقيد بالاحكام الواردة بالمواد) 711،

118
،

119
،

120
(
من هذا القانون،
اذا كان التشغيل بقصد مواجهة ضرورات عمل غير عادية،

او ظروف استثنايية،
ويشترط في هذه الحالات ابلاغ الجهة الادارية المختصة في
خلال سبعة ايام من وقوع ظروف العمل غير العادية او الظروف الاستثنايية بمبررات
التشغيل الاضاف ي
والمدة اللازمة لاتمام العمل.

وف ي هذه الحالة يستحق العامل بالاضافة الي اجره عن ساعات العمل الاصلية،

اجر
ا عن ساعات التشغيل الاضافية حسبما يتم الاتفاق عليه في عقد العمل الفردي
او الجماعي،
بحيث لا يقل عن الاجر الذي يستحقه العامل مضاف ً
ا اليه) 53٪
(
عن
ساعة العمل النهارية،
و)07٪
(
عن ساعة العمل الليلية تحسب علي اساس اجر ساعة
عمله الاصلية،
 فاذا وقع التشغيل في يوم الراحة استحق العامل مثل اجره تعويض
ا
عن
هذا اليوم،
 ويمنحه صاحب العمل يوم
ا اخر عوض
ا
عنه خلال الاسبوع التالي.

وفي جميع الاحوال،
لا يجوز ان تزيد ساعات وجود العامل بالمنشاة علي اثنتي
عشرة ساعة.

مادة)
122
(
:

علي صاحب العمل ان يضع بالمداخل الرييسية التي يستعملها العمال، او في مكان
ظاهر بالمنشا ة جدو
لا ً ببيان يوم الراحة الاسبوعية،
وساعات العمل،
وفترات الراحة
المقررة لكل العاملين،
وما يطرا علي هذا الجدول من تعديل مع اخطار الجهة
الادارية المختصة بصورة من هذا الجدول،
او ما يطرا عليه من تعديل خلال سبعة
ايام من تنفيذه علي الاكثر.
الجر یدة الرسمیة–
العدد
81) تابع (ف 3ي
مایو سنة
5202

45
مادة)
123
(:
لا تسري احكام المواد)
117
،
118
،
119
،
120

/
فقرة ثانية(
من هذا
القانون علي الفيات الاتية:
1- الوكلاء المفوضين عن صاحب العمل.

2-
العمال المشتغلين بالاعمال التجهيزية والتكميلية التي يتعين انجازها قبل
او بعد انتهاء العمل.

3- العمال المخصصين للحراسة والنظافة.

ويحدد الحد الاقصي لساعات العمل الفعلية والاضافية للاعمال المشار اليها
ف ي
البندين )2،
3(
من الفقرة الاولي من هذه المادة بقرار من الوزير المختص،

ويستحق العمال ف يهذه الحالة اجر
ا اضافي
ا
طبق ً
ا لنص المادة)121( من هذا القانون.

)الفصل الخامس(

الاجازات
مادة)421(:
يستحق العامل اجازة سنوية باجر، لا يدخل في حسابها ايام عطلات الاعياد
والمناسبات الرسمية والراحة الاسبوعية، وذلك علي الوجه الاتي:
1-
 خمسة عشر يوم
فا ي
السنة الاولي.

2-
 واحد وعشرون يوم
ا اعتبار
ا
من السنة الثانية.

3-
 ثلاثون يوم
ا لمن امضي عشر سنوات كا ملة لدي صاحب عمل او اكثر،

او لمن تجاوزت سنه خمسين عام
ا.

4-
 خمسة واربعون يوم
ا
للاشخاص ذوي الاعاقة والاقزام.

واذا قلت مدة خدمة العامل عن سنة تكون اجازته بنسبة المدة الت ي قضاها
في العمل بشرط ان يكون قد امضي ستة اشهر علي الاقل في خدمة صاحب العمل.

وفي جمي ع الاحوال،
تزاد مدة الاجازة السنوية بمقدار سبعة ايام للعمال الذين
يعملون في الاعمال الخطرة،
او المضرة بالصحة،
او في المناطق النايية،
والت ي
يصدر بتحديدها قرار من الوزير المختص بعد اخذ راي الجهات المعنية.
الجر یدة الرسمیة–
العدد
81) تابع (ف 3ي
مایو سنة
5202

55
مادة)521(
:

يحدد صاحب العمل مواعيد الاجازة السن وية حسب مقتضيات العمل وظروفه،
ولا يجوز قطعها الا
لاسباب قوية تقتضيها مصلحة العمل.

ولا يجوز للعامل النزول عن اجازته،
ويلتزم بالقيام بالاجازة ف ي التاريخ،

والمدة الت ي حددها صاحب العمل وتم اخطاره بها،
واذا رفض العامل كتابة القيام
بالاجازة سقط حقه ف ي
اقتضا
ء مقابلها.

وفي جميع الاحوال،
يجب ان يحصل العامل علي اجازة سنوية مدتها خمسة
عشر يوم
ا،
منها ستة ايام متصلة علي الاقل،
ويلتزم صاحب العمل بتسوية رصيد
الاجازات،
او الاجر المقابل له كل ثلاث سنوات علي الاكثر،
فاذا انتهت علاقة
العمل قبل استنفاد العامل رصيد اج
ازته السنوية استحق الاجر المقابل لهذا الرصيد.

ولا يجوز تجزية الاجازة او ضمها او تاجيلها بالنسبة للاطفال والاشخاص
ذوي الاعاقة والاقزام.

مادة)621(:

للعامل الحق في تحديد موعد اجازته السنوية اذا كان متقدم
ا لاداء الامتحان
ف ي احدي مراحل التعليم بشرط ان يخطر صاحب العمل قبل قيامه بالاجازة
بخمسة عشر يوم
ا
علي الاقل.

وللعامل الحق في الحصول علي اجازة دراسية باجر عن ايام الامتحان الفعلية
لا تحتسب من رصيد اجازاته السنوية، ويشترط لذلك:

1- اخطار صاحب العمل قبل القيام بالاجازة بعشرة ايام علي الاقل.

2-
اثبات ما يفيد دخوله الامتحان فعلي
ا.

مادة)
127
(
:

لصاحب العمل ان يحرم العامل من اجره عن مدة الاجازة،
او يسترد ما اداه
من اجر عنها، اذا ثبت اشتغاله خلالها لدي الغير، وذلك دون اخلال بالجزاء التاديبي.
الجر یدة الرسمیة–
العدد
81) تابع (ف 3ي
مایو سنة
5202

65
مادة)
128
(:
للعامل ان ينقطع عن العمل لسبب عارض لمدة لا تجاوز سبع ة ايام خلال السنة،

وبحد اقصي يومان في المرة الواحدة،
وتحسب الاجازة العارضة من الاجازة السنوية
المقررة للعامل.

وللعامل الذي يولد له مولود الحق في اجازة طارية مدفوعة الاجر يوم الولادة
لا تحسب من رصيد اجازاته السنوية، بحد اقصي ثلاث مرات طوال مدة الخدمة.

ما دة)
129
(:
لل عامل الحق ف ي اجازة باجر في العطلات والاعياد والمناسبات الت ي يصدر
بتحديدها قرار
من الوزير المختص،
وتسري بالنسبة للاعياد الدينية لغير المسلمين
احكام قرار مجلس
الوزراء الصادر ف ي
هذا الشان.

ولصاحب العمل تشغيل العامل في هذه الايام،
اذا اقتضت ظرو ف العمل ذلك،

ويستحق العامل في هذه الحالة بالاضافة الي اجره عن هذا اليوم مثلي هذا الاجر او ان
يمنح العامل يوم
ا  اخر عوض
ا  عنه بناء علي طلب كتابي من العامل يودع بالملف
الخاص به.

مادة)
130
(:
للعامل الذي امضي في خدمة صاحب عمل خمس سنوات متصلة،
الحق ف ي
اجازة باجر لمدة شهر لاداء فريضة الحج،
او زيارة بيت المقدس،
وتكون هذه
الاجازة مرة واحدة طوال مدة خدمته.

مادة)
131
(:
للعامل الذي يثبت مرضه،
او اصابته علي نحو يحول بينه وبين اداء عمله الحق
ف ي اجازة مرضية تحددها الجهة الطبية المختصة،
ويستحق العامل خلالها تعوياض
عن الاجر،
تحدد نسبته ومدته،
وفق ً
ا لاحكام قانون التامينات الاجتماعية والمعاشات
المشار اليه.

ويكون للعامل الذي يثبت مرضه في المنشات الصناعية التي يسري في شانها قانون
تيسير منح تراخيص المنشات الصناعية الصادر بالقانون رقم
51 لسنة
7102،
الحق
ف ي اجازة مر ضية كل ثلاث سنوات تقضي في الخدمة علي اساس ثلاثة اشهر باجر،
الجر یدة الرسمیة–
العدد
81) تابع (ف 3ي
مایو سنة
5202

75
ثم ستة اشهر باجر يعادل)58٪
(
من اجره، ثم ثلاثة اشهر باجر يعادل)57٪
(
، من اجره
وذلك اذا قررت الجهة الطبية المختصة احتمال شفايه.

خصم من الاجر الذي يلتزم به صاحب العملوي،
ما يلتزم بادايه نظام التامي ن
الاجتماع ي
من تعويض عن الاجر.

وللعامل ان يستفيد من متجمد اجازاته السنوية الي جانب ما يستحقه من اجازة
مرضية،
كما له ان يطلب تحويل الاجازة المرضية الي اجازة سنوية،
اذا كان له
رصيد يسمح بذلك.

مادة)
132
(:
للجهة الط بية المختصة منع العامل المخالط لمريض بم رض معد من احد افراد
اسرته من مزاولة عمله المدة المناسبة بما لا يجاوز ثلاثة اشهر،
وتحدد هذه
الامراض بقرار من الوزير المعني بشيون الصحة،
كما يحدد القرار الجهة الطبية
المختصة المشار اليها.

مادة)
133
(:
تثبت عدم اللياقة للخدمة صحي
ا وفق ً
ا لاحكام قانون التام ينات الاجتماعية
والمعاشات المشار اليه.

)الفصل السادس(

واجبات العمال ومساءلتهم
مادة)431(:
يجب علي العامل ما ياتي:
1-
ان يودي بنفسه الواجبات المنوطة به بدقة وامانة،
وذلك وفق ً
ا لما هو محدد
بالقانون ولوايح العمل،
وعقود العمل الفردية والجماعية،
وان ينج زها ف ي الوقت
المحدد، وان يبذل فيها عناية الشخص المعتاد.

2-
ان ينفذ اوامر وتعليمات صاحب العمل الخاصة بتنفيذ الواجبات الت ي تدخل
ف ي نطاق العمل المنوط به،
اذا لم يكن في هذه الاوامر والتعليمات ما يخالف العقد
او القانون او اللوايح او الاداب العامة، ولم يكن ف
ي تنفيذها ما يعرض للخطر.
الجر یدة الرسمیة–
العدد
81) تابع (ف 3ي
مایو سنة
5202

85
3-
ان يحافظ علي مواعيد العمل،
وان يتبع الاجراءات المقررة في حالة التغيب
عن العمل، او مخالفة مواعيده.

4-

ان يحافظ علي ما يسلمه اليه صاحب العمل من ادوات او اجهزة او مستندات
او اي اشياء اخري،
وان يقوم بجميع الاعمال اللازمة لسلامت
ها،
ويلتزم بان يبذل
في ذلك عناية الشخص المعتاد.

5-
ان يحسن معاملة عملاء صاحب العمل.

6-
ان يحترم روساءه وزملاءه في العمل،
وان يتعاون معهم بما يحقق مصلحة
المنشاة التي يعمل بها.

7-
ان يحافظ علي كرامة العمل، وان يتبع السلوك القويم.

8- ان يراعي النظم الم
وضوعة للمحافظة علي سلامة المنشاة وامنها.

9-

ان يحافظ علي اسرار العمل،
فلا يفشي المعلومات المتعلقة بالعمل متي
كانت سرية بطبيعتها، او وفق ً
ا
للتعليمات الكتابية الصادرة عن صاحب العمل.

01-
ان يخطر جهة العمل بالبيانات الصحيحة المتعلقة بمحل اقامته وحالته
الاج تماعية وموقفه من اداء الخدمة العسكرية،
والبيانات الاخري الت ي تتطلب
ا
لقوانين
او النظم ادراجها في السجل الخاص به،
وبكل تغيير يطرا علي بيان من البيانات
السابقة في المواعيد المحددة لذلك.

11-
ان يتبع النظم الت ي يضعها صاحب العمل لتنمية وتطوير مهاراته وخبراته
مهني
ا  وثقافي
ا،
او لتاهيله للقيام بعمل يتفق،
او يتناسب مع عمله والتطور التقني داخل
المنشاة، وذلك بالاشتراك مع المنظمة النقابية العمالية المعنية.

مادة)531(:
مع عدم الاخلال باحكام القانون رقم
731 لسنة
8591 في شان الاحتياطات الصحية
للوقاية من الامراض المعدي ة بالاقليم المصري، ومع مراعاة احكام المادتين)
132

و138
(
من هذا القانون يلتزم العامل بالخضوع للاختبارات الطبية عن تعاطي المواد
المخدرة او الامراض المعدية حينما يطلب منه صاحب العمل ذلك وعلي نفقته،
ويتم
الاختبار الطبي بالهيية العامة للتامين الصحي او المعامل ا
لمركزية بوزارة الصحة.
الجر یدة الرسمیة–
العدد
81) تابع (ف 3ي
مایو سنة
5202

95
وتتم الاختبارات الطبية عن تعاطي المواد المخدرة والتظلم منها وفق ً
ا للتنظيم
والاجراءات والضمانات التي يصدر بها قرار من الوزير المختص،
علي ان يكون
من بينها اجراء فحص لذات العينة في ذات يوم سحبها،
وفي حالة اختلاف نتيجتي
الفحص يتم اجراء تحليل توكيدي لدي اي من الجهتين المشار اليهما في الفقرة الاولي
من هذه المادة.

فاذا تاكدت ايجابية العينة يتم احالة العامل للمحكمة العمالية المختصة
لاعمال شيونها.

وفي جميع الاحوال،
يلتزم صاحب العمل باتباع السرية في اجراء الكشف الطبي
وعدم الافصاح عن الوضع
الصحي للعامل بناء علي هذه الاختبارات.

مادة)631(:
حظر علي العامل ان يقوم بنفسه، او بواسطة غيره بالاعمال الاتيةي:

1-
الاحتفاظ لنفسه باي ورقة او مستند خاص بالعمل او اي بيانات الكترونية
او اي من وسايل التامين الالكترونية الخاصة بالعمل سواء بنفسه،
او بتم كين الغير
من الحصول علي ا ي
منها او علي اية معلومات تخص العمل.

2-
العمل لدي الغير سواء باجر،
او دون اجر اذا كان في قيامه بهذا العمل ما
يخل بحسن ادايه لعمله او يمكن الغير،
او يساعده علي التعرف علي اسرار المنشاة،

او منافسة صاحب العمل.

3-

ممارسة نشاط مماث ل للنشاط الذي يمارسه صاحب العمل اثناء قيام علاقة
العمل او الاشتراك في نشاط من هذا القبيل، سواء بصفته شريك ً
ا، او عام
ًلا.

4-
الاقتراض من عملاء صاحب العمل،
او ممن يمارسون نشاط ً
ا مماث
لا ً للنشاط
الذ ي يمارسه صاحب العمل،
ولا يسري هذا الحظر علي الاقتراض من ال بنوك
او غيرها من الجهات المرخص لها بذلك.

5-
طلب او قبول هدايا،
او مكافات، او عمولات، او مبالغ،
او اشياء اخري
باية صفة كانت بمناسبة قيامه بواجباته بغير موافقة صاحب العمل.
الجر یدة الرسمیة–
العدد
81) تابع (ف 3ي
مایو سنة
5202

06
6-
جمع تبرعات نقدية او عينية،
او توزيع منشورات،
او جمع توقيعات،

او تنظيم اجتم اعات داخل مكان العمل دون موافقة صاحب العمل كتابة،
مع مراعاة
ما تقضي به احكام قانون المنظمات النقابية العمالية وحماية حق التنظيم النقاب
ي
المشار اليه.

مادة)
137
(:
عد لايحة بقواعد تنظيمعلي كل صاحب عمل يستخدم عشرة عمال فاكثر ان ي
العمل وفق ً
ا لطبيعة النشاط،
علي ان تتضمن علي الاخص نظم الترقي،
والنقل،

والاجور،
 والمخالفات التي تمثل خروج
ا علي مقتضي الواجب الوظيفي،
والجزاءات
التاديبية،
 خلال ستين يوم
ا من بداية عمل المنشاة او تاريخ توافر هذا النصاب،

او نفاذ هذا القانون،
بحسب الاحوال،
وعليه تسليم الجهة الا دارية المختصة نسخة من
اللايحة لمراجعتها والتصديق
عليها وعلي الجهة الادارية المختصة استطلاع راي
المنظمة النقابية العمالية المختصة والت ي يتعين عليها ابداء رايها الي الجهة الادارية
المختصة في موعد لا يتجاوز خمسة عشر يوم
ا من تاريخ تسلمها للايحة والا اعتبر
ذل ك بمثابة موافقة علي اللايحة،
فاذا لم تقم الجهة الادارية المختصة بالتصديق،

او الاعتراض علي اللايحة خلال ثلاثين يوم
ا من تاريخ استلامها اعتبرت اللايحة نافذة.
وعلي صاحب العمل ان يعلق هذه اللايحة في مكان ظاهر بالمنشاة وفروعها
ومواقع عملها.

وللوزير المختص ان يصدر قرار
ا
بالقواعد العامة لهذه اللايحة.

مادة)
138
(:
يشترط في الفعل الذي تجوز مساءلة العامل عنه تاديبي
ا، ان يكون ذا صلة بالعمل
وتحدد لايحة الجزاءات المخالفات والجزاءات المقررة لها،
وفق ً
ا لما هو منصوص
عليه ف ي المادة)931( من هذا القانون وبما يحقق تناس
ب الجزاء مع المخالفة.

ولا يجوز توقيع جزاء تاديبي علي العامل بعد مضي ثلاثين يوم
ا من تاريخ الانتهاء
من التحقيق ف ي
المخالفة.
الجر یدة الرسمیة–
العدد
81) تابع (ف 3ي
مایو سنة
5202

16
مادة)
139
(:
الجزاءات التاديبية التي يجوز توقيعها علي العامل وفق ً
ا للوايح تنظيم العمل
والجزاءات في المنشاة هي:
1- الانذار الكتابي.
2- الخصم من الاجر الاساسي.

3- تاجيل موعد استحقاق العلاوة السنوية لمدة لا تجاوز ثلاثة اشهر.

4- الحرمان من جزء من العلاوة السنوية، بما لا يجاوز نصفها.

5-
تاجيل الترقية عند استحقاقها لمدة لا تزيد علي سنة.

6- خفض الاجر الاساسي بمقدار علاوة علي الاكثر.

7-
الخفض الي وظيفة في الدرجة الادني مباشرة، دون تخفيض الاجر.

8- الفصل من الخدمة وفق ً
ا
لاحكام هذا القانون.

مادة)041(:
لا يجوز لصاحب العمل توقيع اكثر من جزاء عن المخالفة الواحدة،
كما
لا يجوز له الجمع بين اقتطاع جزء من اجر العامل تطبيق ً
ا لحكم المادة)931(
من هذا
القانون وبين ا ي جزاء مالي،
اذا زاد ما يجب اقتطاعه علي اجر خمسة ايام
ف ي
الشهر الواحد.

مادة)141(:
، لا يجوز توقيع جزاء علي العامل الا بعد ابلاغه كتابة بما نسب اليه وسماع اقواله
وتحقيق دفاعه واثبات ذلك ف ي محضر يودع ف ي ملفه الخاص،
علي ان يبدا التح قيق
خلال سبعة ايام علي الاكثر من تاريخ اكتشاف المخالفة ولا يتجاوز ثلاثة اشهر
م ن تاريخ بداية التحقيق ويجوز ان
ت زاد ثلاثة اشهر اخري اذا تكشف اثناء التحقيق
وقايع او مستندات جديدة،
وللمنظمة النقابية التي يتبعها العامل ان تندب ممث
لا ً عنها
لحضور التحقيق.

ويجوز في المخالفات التي يعاقب عليها بالانذار،
او الخصم من الاجر الاساس ي
الذ ي لا يزيد مقداره علي اجر يوم واحد،
ان يكون التحقيق شفاهة،
علي ان يثبت
مضمونه في القرار الذ ي
يصدر بتوقيع الجزاء.

وفي جميع الحالات،
شترط ان يكون القرار الصادر بتوقيع الجزاء مسبب ي
ا.
الجر یدة الرسمیة–
العدد
81) تابع (ف 3ي
مایو سنة
5202

26
مادة)241(:
تختص الشيون القانونية بالمنشاة بالتحقيق مع العامل،
وفي حالة عدم وجودها
فلصاحب العمل ان يعهد بالتحقيق في موضوع المخالفة الي شخص اخر من ذوي
الخبرة او احد العاملين بالمنشاة،
بشرط الا يقل المستوي الوظيفي للمحقق عن مستوي
العامل الذ ي
يحقق معه.

م ادة)341(:
لا يجوز لصاحب العمل ان يوقع جزاء الخصم علي العامل عن المخالفة الواحدة
بما يزيد علي خمسة ايام من الاجر الاساسي،
كما لا يجوز ان يقتطع من هذا الاجر
وفاء للجزاءات التي يوقعها اكثر من اجر خمسة ايام ف ي
الشهر الواحد.

واذا حدد الخصم بنسبة محددة من الا
جر،
اعتبر ان المقصود بذلك هو الاجر
الاساس ي
اليومي للعامل.

مادة)441(:
يجوز تشديد الجزاء اذا عاد العامل الي ارتكاب مخالفة جديدة من نوع المخالفة
الت ي سبق مجازاته عليها،
متي وقعت هذه المخالفة خلال سنة من تاريخ ابلاغ العامل
بتوقيع الجزاء السابق.

مادة)541(:
لصاحب العمل ان يوقف العامل عن عمله موقت ً
ا بموجب قرار مكتوب لمدة
لا تزيد علي ستين يوم
ا
مع صرف اجره كام
ًلا
، وذلك في الحالات الاتية:

1-
اذا احيل العامل للتحقيق بسبب مخالفة ارتكبها داخل مقر العمل،
واقتضت
مصلحة التحقيق ذلك.

2-

اذا
ت ُا هم العامل بارتكاب جناية او جنحة مخلة بالشرف او الامانة او الاداب
العامة، او اي جنحة اخري داخل محل العمل.

3-
اذا طلب صاحب العمل من المحكمة العمالية المختصة فصل العامل
من الخدمة.
الجر یدة الرسمیة–
العدد
81) تابع (ف 3ي
مایو سنة
5202

36
مادة)641(:
للعامل التظلم من قرار وقفه عن العمل الصادر وفق ً
ا للبندين) 1،
2(
من المادة)541(
من ه ذا القانون بموجب عريضة تقدم لقاضي الامور الوقتية بالمحكمة العمالية المختصة،

وذلك خلال ثلاثة ايام من تاريخ اخطاره، او علمه بصدور القرار
المتظلم منه.

وعلي القاضي الفصل في هذا التظلم في اليوم التالي لتقديمه علي الاكثر، فاذا قضي
بعدم صحة القرار
الصادر بالو
قف، قضي بعودته للعمل مرة اخري.

مادة)741(:
لصاحب العمل ان يطلب من قاضي الامور الوقتية بالمحكمة العمالية المختصة
مد فترة الايقاف عن العمل لمدة او لمدد اخري مع صرف نصف اجر العامل وذلك
قبل انتهاء مدة الايقاف بعشرة ايام.

وعلي قاضي الامور الوقتية البت في هذ ا الطلب قبل انتهاء فترة الايقاف،
فاذا لم
يصدر قراره خلال هذه المدة ولم يعد العامل الي عمله،
يستمر ايقاف العامل مع
صرف الاجر كام
لا ً عاد لعمله فور لحين البت في الطلب فاذا قضي برفض الطلب ي
انتهاء مدة ايقافه الاخيرة.

فاذا كان الوقف لاحد الاسباب الواردة بالب ند)2(
من المادة)541(
من هذا
القانون،
ورات السلطة المختصة بالاتهام حفظ التحقيق،
او اصدار امر بان لا وجه
لاقامة الدعوي الجنايية،
او قدم العامل للمحاكمة الجنايية وقضي ببراءته،
وجبت
اعادته الي عمله مع صرف ما لم يصرف له من مستحقات عن فترة الايقاف،
والا
اعتبر
عدم اعادته للعمل فص
لا ً تعسفي
ا.

مادة)841(:
يكون الاختصاص بتوقيع جزاء الفصل من العمل للمحكمة العمالية المختصة،

ويكون توقيع باقي الجزاءات التاديبية لصاحب العمل،
او من يفوضه لذلك،

ويكون
لمدير المنشاة توقيع جزايي الانذار الكتابي،
والخصم من الاجر لمدة لا تجاوز
ثلاثة ايام.
الجر یدة الرسمیة–
العدد
81) تابع (ف 3ي
مایو سنة
5202

46
وفي جميع الاحوال، لا يجوز فصل العامل الا اذا ارتكب خطا جسيم
ا،

ويعتبر من قبيل الخطا الجسيم الحالات الاتية:
1- اذا ثبت انتحال العامل شخصية غير صحيحة او قدم مستندات مزورة.

2-
اذا ثبت ارتكاب العامل لخطا نشات عنه اضرار جسيمة لصاحب العم
ل،

بشرط ان يبلغ صاحب العمل الجهات المختصة بالواقعة،
او الحادث خلال اربع
وعشرين ساعة من وقت علمه بوقوعه.

3-
اذا ثبت تكرار عدم مراعاة العامل التعليمات اللازم اتباعها لسلامة العمال،

او المنشاة،
بشرط ان تكون هذه التعليمات مكتوبة،
ومعلنة في مكان ظاهر،

رغ
م التنبيه عليه كتابة بمراعاة ذلك.

4-
اذا ثبت ان العامل افشي اسرار المنشاة التي يعمل بها،
وادي ذلك الي
احداث اضرار جسيمة
بالمنشاة.

5-
اذا ثبت قيام العامل بمنافسة صاحب العمل في ذات نشاطه.
6-
ن او متاثر اذا ثبت وجود العامل في حالة سكر بي
ا بما تعاطاه من م ادة مخدرة
اثناء ساعات العمل.

7-

اذا ثبت اعتداء العامل علي صاحب العمل،
او المدير العام،
وكذلك اذا وقع
منه اعتداء جسيم علي احد روسايه اثناء العمل، او بسببه.

وفي جميع الاحوال،
لا يجوز الفصل من الخدمة الا وفق ً
ا
لاحكام هذا القانون.

مادة)941(:
مع عدم الا خلال بحق التقاضي،
اذا نشا نزاع فردي بين صاحب العمل والعامل
بشان تطبيق احكام هذا القانون،
او اي من القوانين ذات الصلة كان لاي منهما خلال
عشرة ايام من تاريخ نشوء النزاع ان يطلب تسويته ودي
ا بمعرفة لجنة تشكل علي
النحو الاتي:

1
- مدير مديرية العمل، او من ي
نيبه )
رييس
ا(
.

2- العامل، او من يمثله )اعضو (
.
3-
صاحب العمل، او من يمثله )اعضو (
.
ولرييس اللجنة ان يستعين بذوي الخبرة حسب الموضوع المعروض.
الجر یدة الرسمیة–
العدد
81) تابع (ف 3ي
مایو سنة
5202

56
ويجب ان تنتهي اللجنة من اعمالها خلال واحد وعشرين يوم
ا من تاريخ تقديم
الطلب،
فاذا تمت التسوية الودية،
يثبت ر ييس اللجنة ذلك في محضر يوقعه طر اف
النزاع،
ويلحق بمحضر الجلسة التي تم فيها،
ويحال الي قاض ي الامور الوقتية
بالمحكمة العمالية المختصة،
ويكون قاب
لا ً للتنفيذ بالامر الذي يصدره وينتهي به النزاع
ف ي
حدود ما تمت التسوية الودية فيه.

صدر الوزير المختص قراروي
ا
بنظام عمل اللجنة والنماذج والسجلات الت ي
تستعين بها.

مادة)051(:
اذا لم تتم تسوية النزاع ودي
ا  يحرر رييس اللجنة محضر
ا بما تم،
ويوقع منه ومن
طرف ي
النزاع،
ويثبت ما تم من اعمال وما تلقته اللجنة من مستندات ورايها ف ي
موضوع النزاع، ويحال الي المحكمة العمالي، ة المختصة بناء علي طلب اي من طرفيه
ويحدد قلم كتاب المحكمة جلسة لنظر النزاع في مدة لا تجاوز عشرين يوم
ا من تاريخ
ورود الطلب، وعليه اعلان طرف ي
النزاع بها.

فاذا كان موضوع النزاع يتعلق بفصل العامل،
وجب علي المحكمة ان تفصل
ف ي هذا الطلب بصفة مستعجلة خلال ث لاثة اشهر من تاريخ اول جلسة،
فاذا رات
من ظاهر الاوراق صحة طلب ا
لعامل،
الزمت صاحب العمل ان يودي الي العامل
ما يعادل اجره من تاريخ الفصل، وبحد
اقصي ستة اشهر،
 ويكون قرارها نهايي
ا.

وتخصم المبالغ الت ي استوفاها العامل نفاذ ً
ا لقرار المحكمة من مبلغ التعويض
لذا ي يحكم به او اي مبالغ اخري مستحقة له قبل صاحب العمل،
مع مراعاة نص
المادة)341( من هذا القانون.

فاذا كان فصل العامل بسبب النشاط النقابي،
قضت المحكمة باعادته الي عمله
اذا طلب ذلك.

مادة)151(:
اذا تسبب العامل بخطيه،
او بمناسبة عمله في فقد،
او اتلاف مهم
ات،
او الات
او خامات،
او منتجات او غيرها،
يملكها صاحب العمل،
او كانت في عهدته التزم
باداء قيمة ما فقد، او اتلف.
الجر یدة الرسمیة–
العدد
81) تابع (ف 3ي
مایو سنة
5202

66
ولصاحب العمل بعد اجراء التحقيق واخطار العامل ان يبدا باقتطاع المبلغ
المشار اليه من اجره،
علي الا يزيد ما يقتطع لهذا الغرض علي اجر خمسة اي
ام
ف ي
الشهر الواحد.

ويجوز للعامل ان يتظلم امام المحكمة العمالية المختصة من تقدير صاحب
العمل
اوفق ً
للمدد والاجراءات المحددة ف ي
هذا القانون.

فاذا لم يقض لصاحب العمل بالمبلغ الذي قدره،
للاتلاف او قضي له باقل منه،

وجب عليه رد ما اقتطع دون وجه حق خلال سبعة ا
يام من تاريخ صدور الحكم.

ولا يجوز لصاحب العمل ان يستوفي مستحقاته بطريق الاقتطاع وفق ً
ا لحكم هذه
، المادة
فيما زاد علي اجر شهرين.

مادة)251(:
لا تخل الاحكام الواردة بهذا الفصل بالضمانات المقررة بقانون المنظمات النقابية
العمالية وحماية حق التنظيم النقابي ا لمشار اليه،
لاعضاء مجالس ادارات
المنظمات النقابية.

مادة)351(:
يجب علي صاحب العمل ان يمسك سج
لا ً  ورقي
ا  او الكتروني
ا لقيد الجزاءات
المالية الموقعة علي العمال،
مع بيان سبب توقيعها واسم العامل ومقدار اجره،

وان يفرد لحصيلتها حساب
ا خاص
ا للصرف علي عمال المنشاة في الاغراض
الاجتماعية والثقافية والرياضية،
ولا يجوز صرف هذه المبالغ للوفاء بالالتزامات
المنصوص عليها ف ي المادة)272( م ن هذا القانون وتوزع حصيلة تلك الاموال عند
تصفية المنشاة بالتساوي علي العمال الموجودين بها وقت التصفية.
)الفصل السابع (
انتهاء علاقة العمل الفردية
م ادة)451(:
مع عدم الاخلال بما نصت عليه المواد )
87
،

88
،
59 (
من هذا القانون،

ينته ي
عقد العمل محدد المدة بانقضاء مدته.
الجر یدة الرسمیة–
العدد
81) تابع (ف 3ي
مایو سنة
5202

76
فاذا ابرم العقد او جدد لمدة تزيد علي خمس سنوات،
جاز للعامل انهاوه دون
تعويض عند انقضاء خمس سنوات،
وذلك بعد اخطار صاحب العمل قبل الانهاء
بثلاثة
اشهر.

وتسري احكام الفقرة الثانية من هذه المادة علي حالات انهاء العامل للعقد بعد
انقضاء المدة المذكورة.

فاذا كان الانهاء من جانب صاحب العمل استحق العامل مكافاة تعادل اجر شهر
عن كل سنة من سنوات الخدمة.

مادة)551(
:

اذا ابرم عقد العمل لانجاز عمل مع
ين،
انتهي العقد بانجاز هذا العمل،
ويجوز
تجديده باتفاق صريح بين طرفيه، وذلك لعمل او اعمال اخري مماثلة.

فاذا انتهي العقد المبرم لانجاز عمل معين واستمر طرفاه في تنفيذه،
اعتبر ذلك
تجديد
ا
منهما لهذا العقد، او اعمال اخري مماثلة.

فاذا استغرق انجاز العمل ا
لاصلي،
او الاعمال التي جدد لها لاكثر من خمس
سنوات، لا يجوز للعامل انهاء العقد قبل تمام انجاز هذه الاعمال.

مادة)651(:
مع عدم الاخلال باحكام المادة)561(
من هذا القانون اذا كان عقد العمل غير
محدد المدة،
جاز لاي من طرفيه انهاوه بشرط ان يخطر الطرف الاخر كت ابة قبل
الانهاء بثلاثة اشهر.

مادة)751(
:

مع عدم الاخلال بحكم المادة)532(
من هذا القانون،
ومع مراعاة احكام المواد
من)851 الي
571(
من هذا القانون،
لا يجوز لاصحاب الاعمال والعمال انهاء عقد
العمل غير محدد المدة، الا بمبرر مشروع وكاف.
ويراعي في جميع
الاحوال، ان يتم الانهاء في وقت مناسب لظروف العمل.

مادة)851(:
لا يجوز تعليق الاخطار بالانهاء علي شرط واقف، او فاسخ.

ويبدا سريان مهلة الاخطار من تاريخ تسلمه.
الجر یدة الرسمیة–
العدد
81) تابع (ف 3ي
مایو سنة
5202

86
مادة)951(:
لا يجوز توجيه الاخطار للعامل خلال اجازاته،
ولا تحتسب مهلة الاخطار
الا من اليوم التالي
لانتهاء الاجازة،
واذا حصل العامل علي اجازة مرضية خلال
مهلة الاخطار يوقف سريان هذه المهلة ولا يبدا سريانها من جديد الا من اليوم التالي
لانتهاء تلك الاجازة.

مادة)061(:
يظل عقد العمل قايم
ا طوال مهلة الاخطار،
ويلتزم طرفاه بتنفيذ جميع الالتزامات
الناشية ع
نه وينتهي العقد بانقضاء هذه المهلة.

مادة)161(:
لا يجوز الاتفاق علي الاعفاء من شرط الاخطار او تخفيض مدته،
ويجوز
الاتفاق علي زيادة هذه المدة.

ويجوز لصاحب العمل اعفاء العامل من مراعاة مهلة الاخطار كلها،
او بعضها
ف ي
حالة انهاء العقد من جانب العامل.
مادة) 261(:
اذا كان الاخطار بالانهاء من جانب صاحب العمل،
 يحق للعامل ان يتغيب يوم
ا
كام
لا ً ف ي الاسبوع او ثمان ي
ساعات اثناء الاسبوع،
وذلك للبحث عن عمل اخر مع
استحقاقه لاجره عن يوم او ساعات الغياب.

ويكون للعامل تحديد يوم الغياب،
او ساعاته،
بشرط ان يخطر صاحب العمل
بذلك في اليوم السابق للغياب علي الاقل.

مادة)361(:
لصاحب العمل ان يعفي العامل من العمل اثناء مهلة الاخطار،
مع احتساب مدة
خدمة العامل مستمرة الي حين انتهاء تلك المهلة،
مع ما يترتب علي ذلك من اثار،

وبخاصة استحقاق العامل اجره عن هذه المهلة.
الجر یدة الرسمیة–
العدد
81) تابع (ف 3ي
مایو سنة
5202

96
مادة)461(:
اذا انهي صاحب العمل عقد العمل غير محدد المدة دون اخطار او قبل انقضاء
مهلة الاخطار،
يلتزم بان يودي للعامل مبلغ ً
ا يعادل اجره عن مدة المهلة،
او الجزء
الباقي منها.

وفي هذه الحالة تحسب مدة المهلة،
او الجزء الباقي منها ضمن
مدة خدمة العامل،
ويستمر صاحب العمل في تحمل الاعباء،
والالتزامات المترتبة
علي ذلك،
 اما اذا كان الانهاء صادر
ا من جانب العامل فان العقد ينتهي من وقت
تركه العمل.

مادة)561(:
اذا انهي صاحب العمل العقد غير محدد المدة لسبب غير مشروع،
كان للعامل
الحق ف ي تعويض عما اصابه من ضرر بسبب هذا الانهاء بما لا يقل عن اجر شهرين
عن كل سنة من سنوات الخدمة،
ولا يخل ذلك بحق العامل في المطالبة بباقي حقوقه
المقررة قانون ً
ا.

ويعتبر من الاسباب غير المشروعة ما ياتي:
1-
انتساب العامل الي منظمة نقابية،
او مشاركته في نشاط نقابي في نطاق
هذا القانون.

2-
ممار سة صفة المفوض العمالي،
او سبق ممارسة هذه الصفة،

او السعي الي ذلك.

3-
تقديم شكوي،
او اقامة دعوي ضد صاحب العمل،

او المشاركة في ذلك،

تظلم
ا
من اخلاله بالقوانين، او اللوايح، او عقود العمل.

4-
توقيع الحجز علي مستحقات العامل تحت يد صاحب العمل.

5- استخ
دام العامل لحقه في الاجازات الممنوحة له طبق ً
ا
لاحكام هذا القانون.

6-
اللون،
او الجنس،
او الحالة الاجتماعية،
او المسيوليات العايلية،

او الحمل او الدين او الراي السياسي.
الجر یدة الرسمیة–
العدد
81) تابع (ف 3ي
مایو سنة
5202

07
مادة)661(:
عتبر العامل مستقيي
لا ً من العمل اذا تغيب بدون مبرر مشروع اكثر من عشري ن
يوم
ا متقطعة خلال السنة الواحدة،
او اكثر من عشرة ايام متتالية،
علي ان يسبق ذلك
انذار بخطاب موصي عليه بعلم الوصول من صاحب العمل،
او من يمثله،
للعامل
بعد غيابه عشرة ايام في الحالة الاولي، وخمسة ايام ف ي
الحالة الثانية.

مادة)761(:
للعامل ان يقدم استق الته كتابة لصاحب العمل بشرط ان تكون موقعة من العامل
او من وكيله الخاص، ومعتمدة من الجهة الادارية المختصة.

ولا تنتهي خدمة العامل الا بالقرار الصادر بقبول الاستقالة،
وعلي العامل ان
يستمر في العمل الي ان تبت جهة عمله في الاستقالة خلال عشرة ايام من تاريخ
تق
ديمها،
والا اعتبرت مقبولة بفوات هذه المدة،
وللعامل المستقيل او وكيله الخاص
العدول عن الاستقالة خلال عشرة ايام من تاريخ اخطاره بقبول صاحب العمل
الاستقالة علي ان يكون هذا العدول مكتوب
ا ومعتمد
ا من الجهة الادارية المختصة،

وفي هذه الحالة تعتبر الاستقالة كا
ن لم تكن.

مادة)861(:
للعامل انهاء العقد اذا اخل صاحب العمل بالتزام من التزاماته الجوهرية الناشية
عن هذا القانون،
او عقد العمل الفردي او الجماعي،
او لايحة النظام الاساس ي
للمنشاة،
او اذا وقع علي العامل،
او احد ذويه اعتداء من صاحب العمل،

او ممن يمثله.

ويعتبر الانهاء في هذه الحالات بمثابة انهاء للعقد من جانب صاحب العمل بغير
مبرر مشروع.

مادة)961(:
ينتهي عقد العمل بوفاة العامل حقيقة،
 او حكم
ا،
طبق ً
ا للقواعد القانونية المقررة،

ولا ينتهي عقد العمل بوفاة صاحب العمل،
الا اذا كان قد ابرم لاعتبارات تتع لق
بشخص صاحب العمل، او بنشاطه الذ ي
ينقطع بوفاته.
الجر یدة الرسمیة–
العدد
81) تابع (ف 3ي
مایو سنة
5202

17
فاذا توفي العامل وهو في الخدمة،
يصرف صاحب العمل لاسرته ما يعادل اجر
شهرين طبق ً
ا لاخر اجر تقاضاه لمواجهة نفقات الجنازة،
تصرف للارمل،
فاذا لم
يوجد صرفت لارشد الاولاد،
او الي اي شخص يثبت قيامه بتحمل نفقات الجنازة،

وذلك بحد ادني الف جنيه.

كما تصرف منحة تعادل اجر العامل عن الشهر الذي توفي فيه والشهرين التاليين
له،
وذلك بالاضافة الي الاجر المستحق عن ايام العمل خلال شهر الوفاة،
تصرف
اطبق ً
لاحكام قانون التامينات الاجتماعية والمعاشات المشار اليه.

ويلتزم صاح ب العمل بنفقات تجهيز ونقل الجثمان الي الجهة الت ي استقدم العامل
منها، او الجهة التي تطلب اسرته نقله اليها.

مادة)
170
(:
مع عدم الاخلال باحكام قانون التامينات الاجتماعية والمعاشات المشار اليه،

ينتهي عقد العمل بعجز العامل عن تادية عمله عجز
ا كلي
ا،
 كا اي
ان سبب هذا العجز.

فاذا كان عجز العامل عجز
ا  جزيي
ا،
فلا تنتهي علاقة العمل بهذا العجز،
الا اذا
ثبت عدم وجود عمل اخر، لدي صاحب العمل،
يستطيع العامل ان يقوم به علي
وجه مرض.

واذا ثبت وجود هذا العمل الاخر،
كان علي صاحب العمل بناء علي طلب
العامل كتابة، ا
ن ينقله الي ذلك العمل.

مادة)
171
(
:

لا يجوز تحديد سن للتقاعد تقل عن ستين سنة.

ويجوز لصاحب العمل انهاء العقد اذا بلغ العامل سن الستين،
ما لم يكن العقد
محدد المدة، وكانت مدته تمتد الي ما بعد بلوغه هذه السن،
وفي هذه الحالة لا ينتهي
العقد الا بانقضاء مدته.

وتطبق احكام قانون التامينات الاجتماعية والمعاشات المشار اليه فيما يتعلق
بسن استحقاق المعاش.
الجر یدة الرسمیة–
العدد
81) تابع (ف 3ي
مایو سنة
5202

27
مادة)
172
(
:

يستحق العامل عن مدة عمله بعد سن الستين،
مكافاة بواقع اجر نصف شهر عن
كل سنة من السنوات الخمس الاولي من الخدمة،
واجر شهر عن كل سنة من
السنوات التال ية لها،
وذلك اذا لم تكن له حقوق عن هذه المدة،
وفق ً
ا لاحكام تامين
الشيخوخة،
والعجز،
والوفاة المنصوص عليها في قانون التامينات الاجتماعية
والمعاشات المشار اليه.

وتستحق هذه المكافاة عن سنوات الخدمة السابقة علي سن الثامنة عشرة،

وذلك للمتدرج والعامل عند بل
وغ هذه السن.

وتحسب المكافاة علي اساس اخر اجر كان يتقاضاه العامل، او المتدرج حسب الاحوال.

وتصرف المكافاة في حالة استحقاقها للوفاة وفق ً
ا لاحكام قانون التامينات
الاجتماعية والمعاشات المشار اليه.

مادة)
173
(
:

حظر علي صاحب العمل انهاء عقد العامل لمرض العاي مل،
الا اذا استنفد
اجازاته المرضية،
وما تبقي من متجمد اجازاته السنوية المستحقة له،
وذلك مع عدم
الاخلال باحكام قانون التامينات الاجتماعية والمعاشات المشار اليه.

وعلي صاحب العمل ان يخطر العامل برغبته في انهاء العقد قبل مضي خمسة
عشر
يوم
ا
من تاريخ استنفاد العامل
لاجازاته.

فاذا شفي العامل قبل تمام الاخطار،
ام تنع علي صاحب العمل انهاء العقد
لمرض العامل.

مادة)471(:
لصاحب العمل ان ينهي عقد العمل ولو كان محدد المدة،
 او مبرم
ا لانجاز عمل
معين اذا حكم نهايي
ا علي العامل بعقوبة جناية او بعقوبة مقيدة للحرية ف ي جريمة ماسة
بالشرف او الامانة، وذلك ما لم تامر المحكمة بوقف تنفيذ العقوبة.

مادة)571(:
يلتزم صاحب العمل بان يمكن العامل من الاطلاع علي تدرجه الوظيف
ي
وعناصر اجره،
علي طلبه ودون مقابل شهادة تحدد خبرته وان يعطي العامل بناء
وكفاءته المهنية، وذلك اثناء س
ريان العقد، او عند انتهايه.
الجر یدة الرسمیة–
العدد
81) تابع (ف 3ي
مایو سنة
5202

37
ويلتزم صاحب العمل بمنح العامل عند انتهاء علاقة العمل شهادة يبين فيها تاريخ
التحاقه بالعمل،
وتاريخ انتهايه،
ونوع العمل الذي كان يوديه،
والمزايا الت ي كان
يحصل عليها،
علي طلب العامل ويجوز بناء،
ان تتضمن تلك الشهادة مقدار الا جر
الذ ي
كان يتقاضاه،
وسبب انتهاء علاقة العمل،
 وذلك خلال خمسة عشر يوم
ا
من تاريخ طلبها.

كما يلتزم بان يرد للعامل عند انتهاء علاقة العمل ما يكون قد اودعه لديه
من اوراق، او شهادات، او ادوات، وما يفيد اخلاء طرفه، فور طلبهم.

الباب الثاني
المحاكم ال
عمالية المتخصصة
مادة)671(:
تنشا بدايرة اختصاص كل محكمة ابتدايية محكمة تسمي""المحكمة العمالية""
،
كما
تنشا بدايرة كل محكمة من محاكم الاستيناف دواير استينافية متخصصة،
لنظر
الطعون الت ي
ترفع اليها في الاحكام الصادرة عن المحكمة العمالية.

ويكون تعيين مقار الم حاكم العمالية بقرار يصدر من وزير العدل،
وله عند
الضرورة ولاعتبارات يراها كظروف المكان او الكثافة العمالية،
وبناء علي طلب من
رييس المحكمة الابتدايية المختصة،
تعيين مقار اخري لنظر الدعاوي العمالية داخل
اختصاص المحاكم الجزيية التابعة للمحكمة الابتدايية.

و يكون قضاتها من قضاة المحاكم الابتدايية،
ومحاكم الاستيناف،
ويصدر
باختيارهم قرار من مجلس القضاء الاعلي.

مادة)
177
(
:

تختص المحكمة العمالية المشار اليها في المادة)671(
من هذا القانون،

دون غيرها،
بنظر النزاعات الناشية عن تطبيق احكام القوانين واللوايح المنظ مة
، لعلاقات العمل كافة، وكذلك الدعاوي المتعلقة بحقوق العمال التامينية والمنتفعين عنهم
والمنظمات النقابية العمالية وتشكيلاتها،
وذلك دون الاخلال باختصاصات محاكم
مجلس الدولة.
الجر یدة الرسمیة–
العدد
81) تابع (ف 3ي
مایو سنة
5202

47
مادة)
178
(
:

تشكل كل دايرة من دواير المحكمة العمالية من ثلاثة من القضاة بالمحاكم
الابتدايية،
يكون احدهم علي الاقل بدرجة رييس من الفية)ا(
.

وتشكل كل دايرة من الدواير الاستينافية المتخصصة من ثلاثة من قضاة
الاستيناف يكون احدهم علي الاقل بدرجة رييس بمحكمة الاستيناف.

مادة)
179
(
:

تعين الجمعية العمومية للمحكمة الابتدايية في بداية كل عامقضايي قاضي
ا بدرجة
رييس محكمة من الفية)ا (
ليحكم بصفة موقتة مع عدم المساس باصل الحق في
المسايل المستعجلة التي يخشي عليها من فوات الوقت،
واصدار الاوامر
علي
عرايض، والاوامر
الوقتية،
 واوامر الاداء في تلك المسايل اي
ا كانت قيمة الحق محل
الطلب الذي تختص به ا
لمحاكم الع
الم ية.
مادة)
180
(:
يكون الطعن ف ي
الاحكام،
والتظلم من الاوامر الصادرة عن قاض ي الامور
المستعجلة امام المحاكم العمالية المتخصصة دون غيرها.

مادة)
181
(
:

تختص دواير المحاكم العمالية بنظر الجرايم الناشية عن تطبيق احكام القوانين
واللوايح المنظمة لعلا قات العمل،
وحقوق العمال التامينية والمنتفعين عنهم،

والمنظمات النقابية العمالية وتشكيلاتها ويكون استينافها امام الدواير
الاستينافية المتخصصة.

مادة)
182
(
:

لا يجوز الطعن بالنقض ف ي الاحكام الصادرة عن الدواير الاستينافية المتخصصة
في الجرايم الناشية عن تطبي ق احكام القوانين واللوايح المنظمة لعلاقات العمل،

وحقوق العمال التامينية والمنتفعين عنهم،
والمنظمات النقابية العمالية وتشكيلاتها،

ف ي
غير الاحوال الصادر فيها احكام بعقوبة مقيدة للحرية.
الجر یدة الرسمیة–
العدد
81) تابع (ف 3ي
مایو سنة
5202

57
مادة)
183
: (

تختص المحكمة العمالية بالفصل في منازعات التنفيذ الوقتية والموضوعية
ف ي الاحكام والاوامر الصادرة عنها،
او تلك الت ي تصدر وفق ً
ا للمادة)971(
من هذا
القانون، ويطعن ف ي
الاحكام الصادرة عنها امام الدواير الاستينافية المتخصصة.

ويختص روساء الدواير بالمحكمة العمالية باصدار القرارات والاوامر
المتعلقة بالتنفيذ.

ويكون الاخ تصاص بالفصل في التظلمات من هذه القرارات والاوامر امام
المحكمة ذاتها،
علي الا يكون من بين اعضايها من اصدر القرار،
او الامر
المتظلم منه.

مادة)481(:
ينشا في دايرة اختصاص المحكمة العمالية قلم كتاب خاص بالمحكمة، وادارة خاصة
لتنفيذ الاحكام، والقرارات الصا
درة عنها، او عن دوايرها الاستينافية.

صدر رييس المحكمة الابتدايية المختصة قراروي
ا
بتنظيم العمل بها.

مادة)581(:
ينشا، في مقر كل محكمة ابتدايية، وكذا بكل مقر اخر تنعقد فيه المحكمة العمالية
مكتب للمساعدة القانونية العمالية يناط به كل ما من شانه معاونة المتقاضين في اقامة
دعواهم العمالية علي الوجه القانوني الصحيح،
وتكون ساير خدمات هذا المكتب
للمتقاضين اختيارية، ودون مقابل.

ويصدر وزير العدل قرار
ا بتشكيل هذه المكاتب،
وتحديد مقراتها،
وما يلزم
لحسن سير العمل فيها.

مادة)681(:
تشكل بمحكمة النقض دايرة او اكثر تختص دون غيرها،
بالفصل ف ي الطعون
بالنقض ف ي
الاحكام الصادرة عن المحاكم العمالية.

كما تنشا بمحكمة النقض دايرة او اكثر لفحص تلك الطعون،
فاذا رات ان
الطعن
غير جايز او غير مقبول للاسباب الواردة في المادة)362(
من قانون المرافعات
المدنية والتجارية الصاد ر بالقانون رقم
31 لسنة
8691،
امرت بعدم قبوله بقرار
مسبب واذا رات ان الطعن جدير بالنظر، احالته الي الدايرة المختصة.
الجر یدة الرسمیة–
العدد
81) تابع (ف 3ي
مایو سنة
5202

67
وتشكل الدواير الواردة في الفقرة الثانية من هذه المادة من ثلاثة من قضاة
المحكمة بدرجة نايب رييس علي الاقل،
ويعرض الطعن علي تلك الدواير فور ايداع
نيابة النقض مذكرة برايها.

وفي جميع الاحوال،
لا يجوز الطعن في القرار الصادر عن دايرة فحص
الطعون باي طريق.

واستثناء من احكام الفقرة الثانية من المادة)962(
من قانون المرافعات المدنية
والتجارية المشار اليه،
واذا قضت محكمة النقض بنقض الحكم المطعون فيه حكمت
ف ي
موضوع الدعوي ولو كان الطعن لاول مرة.

مادة)
187
(
:

تتبع في الطعن علي احكام المحاكم العمالية الاحكام الواردة في قوانين الاجراءات
، الجنايية، وحالات واجراءات الطعن امام محكمة النقض، والمرافعات المدنية والتجارية
والاثبات في المواد المدنية والتجارية، بحسب الاحوال، وذلك فيما لم يرد
بشانه نص
خاص ف ي
هذا القانون.

الباب الثال
ث
علاقات العمل الجماعية
)الفصل الاول(

الحوار الاجتماع
ي
مادة)
188
(
:

ينشا بالوزارة المختصة مجلس يسمي""
المجلس الاعلي للتشاور الاجتماعي""
،

وتكون له الشخصية الاعتبارية العامة،
ي هدف الي تعزيز التعاون والتشاور والحوار
بين اطراف العمل الثلاثة في جميع قضايا العمل،
بما يحقق التوازن والاستقرار ف ي
علاقات العمل الفردية والجماعية.

مادة)
189
(:
يختص المجلس الاعلي للتشاور الاجتماعي بما ياتي:

1-
رسم السياسات القومية للتشاور الثلاثي والحوا ر الاجتماعي،
وخلق بيية
عمل محفزة علي التشاور والتعاون وتبادل المعلومات بين اطراف العمل الثلاثة،
بما
يتفق مع السياسة العامة للدولة.
الجر یدة الرسمیة–
العدد
81) تابع (ف 3ي
مایو سنة
5202

77
2-
ابداء الراي في مشروعات القوانين المتعلقة بالعمل،
والحماية الاجتماعية،

والمنظمات النقابية العمالية،
والعلاقات الصناعية
والقوانين ذات الصلة.

3-

ابداء الراي في اتفاقيات العمل الدولية والعربية قبل التصديق عليها،
واعداد
دراسات تحليل الفجوة التشريعية والتنفيذية اللازمة لها.

4-
اقتراح الحلول المناسبة لتفادي منازعات العمل الجماعية علي المستوي
القومي،
وعلي الاخص في الازمات الا قتصادية التي تودي الي توقف بعض
المشروعات عن العمل كليا او جزيي
ا.

5-
اتخاذ الوسايل المناسبة لتعزيز الثقة والتفاهم بين طرف ي علاقة العمل علي
جميع المستويات.

6-
اقتراح الوسايل والاجراءات اللازمة لدعم المشروعات القومية والاقتصادية
يالت
تهدف الي خلق فرص العمل.

7-
اعد اد الدراسات والابحاث اللازمة في اقتصاديات العمل،
ومنها العلاقات
الصناعية
والمهنية والتدريب
المهني، ودعم تنافسية الاقتصاد الوطني.

8-

النظر في المقترحات او الموضوعات التي تناقش في موتمر العمل الدولي،

او مجلس ادارة منظمة العمل الدولية،
او الهييات الاشراف
ية للمنظمة،
والموضوعات
الت ي تتضمنها التقارير المقدمة الي مكتب العمل الدولي،
او المسايل الت ي تتناولها
الموتمرات الثلاثية الاخري الاقليمية والدولية.

9 -
التشاور حول مسودة تقارير الحكومة الدورية المتعلقة باتفاقيات العمل الدولية.

01- ابداء الراي في الموضوعا
ت التي تعرض عليه من الوزارة المختصة.

مادة)
190
(:
شكل المجلس بقرار من رييس مجلس الوزراء برياسة الوزير المختصي،
ويضم
ف ي عضويته ممثلين عن الوزارات والجهات المعنية،
وممثلي منظمات اصحاب
الاعمال المعنية والمنظمات النقابية العمالية المعنية،
ترشحهم منظماتهم بالتساوي فيما
بينهما،
علي ان يراعي عند الترشيح تمثيل جميع مستويات المنظمات النقابية المعنية
وتمثيل المراة بما لا يقل عن الثلث لكل من الاطراف الثلاث، ما لم يتعذر ذلك.
الجر یدة الرسمیة–
العدد
81) تابع (ف 3ي
مایو سنة
5202

87
ويحضر اجتماعات المجلس ممثلون عن المجلس القومي للمرا ة والمجلس القومي
للاشخاص ذوي الا
عاقة،
والمجلس القومي للامومة والطفولة والمجلس القومي لحقوق
الانسان، وذلك دون ان يكون لهم صوت معدود ف ي
المداولات.

وللمجلس دعوة من يراه من ذوي الخبرة والمتخصصين لحضور جلساته،
وفق ً
ا
للموضوعات المطروحة دون ان يكون لهم صوت معدود ف ي
المداولات.

حدد القرار نظاوي
م العمل به، واختصاصاته الاخري.

مادة)
191
(:
دورة انعقاد المجلس اربع سنوات،
تبدا من اليوم التالي لصدور قرار رييس
مجلس الوزراء الصادر بالتشكيل،
 ويعاد تشكيله خلال الستين يوم
ا الاخيرة علي الاقل
قبل انتهاء دورته.

واذا خلا محل احد الاعضاء خلال مدة الدورة لا ي سبب من الاسباب،
تلتزم
الجهة الت ي
خلا محل ممثلها بترشيح ممثل اخر لها لاستكمال مدته.

مادة)
192
(:
للمجلس ان ينشي فروع
ا له في المحافظات للقيام بمهامه علي مستوي المحافظة
برياسة مدير مديرية العمل،
وعضوية ممثلي المنظمات النقابية العمالية المعنية
ومنظمات ا صحاب الاعمال المعنية بالتساوي فيما بينهم،
كما له ان يشكل لجان ً
ا نوعية
من بين اعضايه او من غيرهم للقيام بالمهام التي يوكلها اليهم،
علي ان يراعي ف ي
ذلك التمثيل الثلاثي للمجلس.

كما له ان ينشي وحدات متخصصة للقيام بالابحاث والدراسات اللازمة لاعماله
منفرد
اا
و بالتعاون مع المراكز البحثية المعتمدة ومراكز الابحاث بالجامعات.

ويصدر المجلس اللوايح المالية والادارية اللازمة لتنظيم عمل فروعه،
ولجانه
النوعية، ووحداته البحثية المتخصصة.

مادة)
193
(:
يجوز للمجلس قبول الهبات والمنح والتبرعات بعد العرض علي مجلس ادارته
وموافقة ثلثي اعضايه علي الاقل، ووفق ً
ا
للقواعد والاجراءات المقررة قانون ً
ا.
الجر یدة الرسمیة–
العدد
81) تابع (ف 3ي
مایو سنة
5202

97
، ويكون للمجلس حساب خاص ضمن حساب الخزانة الموحد لدي البنك المركزي
وله ان يفتح حساب
ا لدي احد البنوك المسجلة لدي البنك المركزي بعد موافقة وزير
المالية،
رحل فايض امواله من سنة ما وي لية الي اخري،
وله ان يستثمر امواله
استثمار
ا
امن ً
ا، ويخضع حسابه لرقابة الجهاز المركزي للمحاسبات.

)الفصل الثاني(

المفاوضة الجماعية
مادة)491(:
تجري المفاوضة الجماعية بحرية وطواعية في اطار من التوازن بين مصالح
طرفيها من اجل:
1- تحسين شروط وظروف العمل، واحكام التشغيل.

2-
التعاون بين طرف ي
علاقة العمل لتحقيق التنمية الاجتماعية لعمال المنشاة.

3-
تسوية المنازعات الجماعية بين العمال واصحاب الاعمال.

مادة)591(:
تكون المفاوضة الجماعية
علي مستوي المنشاة او فروعها،
او المهنة،

او الصناعة، او علي
المستوي الاقليمي، او علي المستوي القومي.

مادة)691(:
اذا اثير نزاع عمل جماعي وجب علي طرفيه الدخول في مفاوضة جماعية
لتسويته ودي
ا.

ويلتزم طرفا المفاوضة الجماعية بتقديم ما يطلب منهما من بيانات ومعلومات
ومستندات تتعلق بموضوع النزاع، والسير ف ي
اجراءات الم
فاوضة.

فاذا رفض احد الطرفين البدء في اجراءات المفاوضة الجماعية جاز للطرف
الاخر ان يطلب من الجهة الادارية المختصة تحريك اجراءات التفاوض بدعوة
منظمة اصحاب الاعمال او المنظمة النقابية العمالية المعنية او المفوض العمالي،

بحسب الاحوال، للتدخل واقناع الطرف ال
رافض بالعدول عن موقفه.
الجر یدة الرسمیة–
العدد
81) تابع (ف 3ي
مایو سنة
5202

08
مادة)
197
(:
اذا اسفرت المفاوضة الجماعية عن اتفاق الطرفين يدون اتفاقهما ف ي اتفاقية عمل
جماعية طبق ً
ا
للشروط والقواعد المحددة ف ي
هذا القانون.

مادة)
198
(:
حظر علي طرفي ي علاقة العمل اثناء المفاوضة اتخاذ اجراءات،
او اصدار
قرارات تتعل ق بالموضوعات محل التفاوض،
الا في حالة الضرورة والاستعجال
ويشترط ان يكون الاجراء او القرار في هذه الحالة موقت ً
ا.

)الفصل الثالث(

اتفاقيات العمل الجماعية
مادة)
199
(:
مع عدم الاخلال باحكام قانون المنظمات النقابية العمالية وحماية حق التنظيم
النقاب ي المشار
اليه،
يكون ابرام الاتفاقية الجماعية لمدة لا تزيد علي ثلاث سنوات،

او للمدة اللازمة لتنفيذ مشروع معين،
فاذا زادت المدة في الحالة الاخيرة علي ثلاث
سنوات تعين علي طرف ي الاتفاقية التفاوض لتجديدها او لتعديل شروطها ف ي ضوء
ما يستجد من ظروف اقتصادية،
او اجتماعي
ة،
وتتبع في شان التجديد احكام
المادة)202( من هذا القانون.

مادة)
200
(:
يقع باط
لا ً كل نص يرد في اتفاقية العمل الجماعية ويكون مخالف ً
ا لاحكام
هذا
القانون، او القوانين ذات الصلة.

وفي حالة تعارض نص في عقد العمل الفردي مع نص في الاتفاقية،
يسري
الحكم الذي يحق
ق فايدة كبري للعامل.

مادة)
201
(
:

يجب ان تكون اتفاقية العمل الجماعية مكتوبة باللغة العربية،
ويجوز كتابة نسخة
منها بلغة اجنبية، وفي حالة التعارض او ا
لخلاف يعتد بالنص المكتوب باللغة
العربية.
الجر یدة الرسمیة–
العدد
81) تابع (ف 3ي
مایو سنة
5202

18
مادة)
202
(
:

يتعين علي طرفي اتفاقية العمل الجماعية سلوك طريق ال مفاوضة الجماعية
لتجديدها قبل انتهاء مدتها بثلاثة اشهر، فاذا انقضت المدة الاخيرة دون الاتفاق علي
التجديد امتد العمل بالاتفاقية مدة ثلاثة اشهر ويستمر التفاوض لتجديدها، فاذا انقضي
شهران دون التوصل الي اتفاق كان لاي من طرفي الاتفاقية عرض الامر علي الجهة
الاد ارية المختصة لاتخاذ ما يلزم نحو
تباعا
اجراءات الوساطة وفق ً
ا
لاحكام هذا
القانون.

مادة)
203
(
:

تكون اتفاقية العمل الجماعية نافذة وملزمة لطرفيها بعد التوقيع عليها،
ويتعين
ايداعها لدي الجهة الادارية المختصة لقيدها خلال ثلاثين يوم
ا من تاريخ التوقيع عليها
ف ي سجل ورقي او الكتروني يعد لهذا الغرض،
ويجوز للجهة الادارية المختصة
الاعتراض عليها اذا توافرت حالة من الحالات المنصوص عليها في المادة)002(

من هذا القانون،
واخطار طرفي الاتفاقية بالاعتراض واسبابه،
وذلك بكتاب موصي
عليه ومصحوب
ا
بعلم الوصول.

فاذا انقضت المدة المذكورة،
ولم تقم الجهة الادارية المختصة بالاعتراض،

وجب عليها اجراء القيد وفق ً
ا
للاحكام السابقة.

مادة)402(:
اذا رفضت الجهة الادارية المختصة قيد الاتفاقية وفق احكام المادة)302(
من هذا
القانون،
جاز لاي من طرفي الاتفاقية اللجوء الي قاضي الامور المستعجلة بالمحكمة
العمالية المختصة التي يقع بدايرتها محل العمل، وفق ً
ا
للاجراءات المعتادة لرفع الدعوي
،
 وذلك خلال ثلاثين يوم
ا من تاريخ الاخطار بالاعتراض،
فاذا قضت بقيد الاتفاقية
وجب علي الجهة الادارية المختصة اجراء القيد في السجل الخاص بذلك.

مادة)502(:
يلتزم صاحب العمل بان يضع اتفاقية العمل الجماعية في مكان ظاهر
بمحل العمل،
متضمنة نصوصها والموقعين عليها وتاريخ ايداعها لدي الجهة
الادارية المختصة.
الجر یدة الرسمیة–
العدد
81) تابع (ف 3ي
مایو سنة
5202

28
مادة)602(:
يكون الانضمام الي الاتفاقية بعد قيدها لدي الجهة الادارية المختصة للعمال
ومنظماتهم النقابية،
واصحاب ا لاعمال ومنظماتهم من غير طرفي الاتفاقية الجماعية،

بناء علي اتفاق بين الطرفين الراغبين في الانضمام ودون حاجة الي موافقة طرف ي
الاتفاقية الاصليين، بطلب موقع من الطرفين يقدم الي الجهة الادارية المختصة.

مادة)
207
(
:

تلتزم الجهة الادارية المختصة بالتاشير علي هام ش السجل المشار اليه في المادة)302(
من هذا القانون بما يطرا علي اتفاقية العمل الجماعية من تجديد،
او انضمام،

او تعديل خلال خمسة عشر يوم
ا
من تاريخ حصوله.

مادة)
208
(
:

، يلتزم طرفا اتفاقية العمل الجماعية بتنفيذها بطريقة تتفق مع ما يقتضيه حسن النية
وان يمتنع
ا عن القيام باي عمل، او اجراء، من شانه ان يعطل تنفيذ احكامها.

مادة)
209
(
:

اذا طرات ظروف استثنايية غير متوقعة وترتب علي حدوثها ان تنفيذ احد
الطرفين للاتفاقية،
او لحكم من احكامها اصبح مرهق ً
ا،
وجب علي الطرفين سلوك
طريق المفاوضة الجماعية لمناقشة هذه الظر
وف،
والوصول الي اتفاق يحقق التوازن
بين مصلحتيهما.

فاذا لم يصل الطرفان الي اتفاق وجب عليهما عرض الامر علي الجهة الادارية
المختصة لاتخاذ ما يلزم نحو
تباعا اجراءات التوفيق،
او الوساطة والتحكيم وفق ً
ا
لاحكام هذا
القانون.

مادة)
210
(:
لكل من طرفي اتفاقية الع مل الجماعية،
وكذلك لكل ذي مصلحة من العمال،

او اصحاب الاعمال،
ان يطلب الحكم بتنفيذ اي من احكامها،
او بالتعويض عن عدم
تنفيذها او مخالفتها.
الجر یدة الرسمیة–
العدد
81) تابع (ف 3ي
مایو سنة
5202

38
ولا يحكم بالتعويض علي المنظمة النقابية العمالية المعنية،
او منظمة اصحاب
الاعمال،
الا اذا كان التصرف الذي ترتب عل يه الضرر الموجب للتعويض قد صدر
عن مجلس ادارة المنظمة، او الممثل القانون ي
لها.

مادة)
211
(
:

للمنظمة النقابية العمالية،
ولمنظمة اصحاب الاعمال التي تكون طرف ً
ا
ف ي الاتفاقية الجماعية ان ترفع لمصلحة اي عضو من اعضايها جميع الدعاوي الناشية
عن الاخلال باحكام الا
تفاقية.

وللعضو الذي رفعت الدعوي من المنظمة لمصلحته ان يتدخل فيها،
كما يجوز
له رفع هذه الدعوي ابتداء مستق
ًلا
عنها.

مادة)
212
(
:

مع عدم الاخلال بحق التقاضي،
تخضع المنازعات الناشية عن الاتفاقية
الجماعية للاجراءات الت ي يتفق عليها الطرفان،
مع مراعاة الاحكا م الواردة ف ي الباب
الثالث من هذا الكتاب.

)الفصل الرابع(

منازعات العمل الجماعية
الفرع الاول
احكام عامة
مادة)
213
(:
مع عدم الاخلال بحق التقاضي،
تسري احكام هذا الفصل علي كل نزاع يتعلق
بشروط العمل او ظروفه او احكام التشغيل ينشا بين صاحب عمل او مجموعة
من ا
صحاب الاعمال، او منظماتهم، وجميع العمال او فريق منهم او منظماتهم.

مادة)412(:
اذا انقضي شهر من تاريخ بدء المفاوضة دون الوصول الي اتفاق جاز للطرفين
او لاحدهما اللجوء للجهة الادارية المختصة لبدء اجراءات التوفيق.
الجر یدة الرسمیة–
العدد
81) تابع (ف 3ي
مایو سنة
5202

48
الفرع الثاني
التوفيق
مادة)512(
:

تحدد ال جهة الادارية المختصة جلسة للتوفيق في النزاع في موعد لا يتجاوز
خمسة ايام من تاريخ تقديم الطلب اليها،
ويخطر به طرفا النزاع قبل الموعد المحدد
بثلاثة ايام علي الاقل.

صدر الوزير المختص قراروي
ا
باجراءات وقواعد التوفيق.

مادة)612(:
اذا اتفق طرفا النزاع علي تسويته ودي
ا وفق ً
ا لاحكام هذا الفرع،
يحرر الاتفاق
ويوقع عليه منهما في اتفاقية عمل جماعية،
وتتخذ بشانه الاجراءات الواردة ف ي هذا
القانون، وتكون ملزمة لهما.

مادة)
217
(
:

مع مراعاة احكام قانون التحكيم في المواد المدنية والتجارية الصادر بالقانون
رقم27 لسنة 4991،
 اذا لم تتم تسوية النزاع خلال واحد وعشرين يوم
ا من تاريخ بدء
التوفيق،
جاز للطرفين اللجوء الي الجهة الادارية المختصة لاتخاذ اجراءات احالة
النزاع الي مركز الوساطة والتحكيم المنصوص عليه في المادة)812( من هذا القانون.

الفرع الثالث
مركز الوساطة والتحكيم
مادة)812: (

نشا بالوزارة المختصة مركز يسميي""
مركز الوساطة والتحكيم""
،
تكون له
الشخصية الاعتبارية،
ويتبع الوزير المختص،
ويتكون من قسمين قسم الوساطة،

وقسم التحكيم.

ويكون له رييس تنفيذي يصدر بتعيينه وتحديد معاملته المالية قرار من رييس
مجلس الوزراء بناء علي ترشيح من الوزير المختص،
وذلك لمدة ثلاث سنوات
قابلة للتجديد.
الجر یدة الرسمیة–
العدد
81) تابع (ف 3ي
مایو سنة
5202

58
ويصدر رييس مجلس الوزراء قرار
ا بتحديد الهيكل الادار ي والمال
ي
لمركز الوساطة والتحكيم ونظام العمل به والرسوم المقررة علي خدماته بما لا يجاوز
خمسين الف جنيه، وحالات الاعفاء منها.

ويلتزم مركز الوساطة والتحكيم بنصوص هذا القانون وجميع القرارات واللوايح
الصادرة تنفيذ ً
ا له والضمانات والمبادي الاساسية للتقاضي في قانون المرافعات المدنية
والتجارية،
وتسري في ما لم يرد ف ي شانه نص خاص في هذا القانون ولوايح مركز
الوساطة والتحكيم احكام قانون التحكيم في ا
لمواد المدنية والتجارية المشار اليه.

مادة)
219
(
:

عد مركز الوساطة والتحكيم قايمة من الوسطاء وقايمة من المحكمين الذين تنطبقي
عليهم الشروط الواردة في هذا القانون،
ويودي كل منهم امام رييس المركز القسم
الاتي:
""
اقسم باالله العظيم ان اودي مهمتي بالذمة والامان ة والصدق والا افشي سر
ا
من اسرار العمل التي اطلع عليها بحكم مهمتي""
.

مادة)
220
(
:

استثناء من احكام المادتين)122، 622(
من هذا القانون، يجوز لمركز الوساطة
والتحكيم الاستعانة باعضاء من الجهات والهييات القضايية بعد موافقة مجالسهم
الخاصة.
مادة)
221
(:
شترطي
فيمن يقيد بقايمة الوسطاء الشروط الاتية:
1- ان يكون حاص
لا ًٍ علي موهل عال.

2- ان يكون محمود السيرة، وحسن السمعة.

3-
الا يكون قد سبق ادانته في جناية او جنحة مخلة بالشرف او الامانة،

ما لم يكن قد رد اليه اعتباره.

4- الا يكون من العاملين بالجهاز الاداري ل
لدولة.

5- الا يكون قد سبق فصله بالطريق التاديبي.

6- قضاء مدة التدريب الاولي علي اعمال الوساطة ومجالاتها بالمركز.

7
-
اجتياز الاختبار الذي يعقده مركز الوساطة والتحكيم بدرجة لا تقل عن
سبعين بالماية.
الجر یدة الرسمیة–
العدد
81) تابع (ف 3ي
مایو سنة
5202

68
مادة)
222
(:
لطرف ي النزاع اختيار احد الوسطاء المقيدين با لقايمة في موعد غايته سبعة ايام
من تاريخ تقديم طلب الوساطة.

فاذا انقضت المدة المشار اليها،
ولم يتفق الطرفان علي اختيار الوسيط،

تولي المركز اختيار الوسيط خلال ثلاثة ايام من تاريخ انتهاء تلك المدة.

مادة)
223
(:
تبدا مهمة الوسيط من تاريخ احالة النزاع اليه، وعليه انجاز مهمته خلال شهر.

وللوسيط جميع الصلاحيات في نظر النزاع،
والالمام بعناصره،
وله علي وجه
الخصوص سماع طرف ي النزاع والاطلاع علي ما يلزم من مستندات،
وطلب البيانات
والمعلومات التي تعينه علي اداء مهمته.

مادة)422(:
مع عدم الاخلال بحكم المادة)322(
من هذا القانون،
يحق لطرف ي النزاع
او احدهما خلال خمسة عشر يوم
ا ان يطلب من مركز الوساطة والتحكيم استبدال
وسيط النزاع لمرة واحدة،
فاذا رفض الطرف الاخر استبداله تعين علي مركز
الوساطة
والتحكيم الفصل في هذا الطلب في موعد لا يجاوز يومين،
فاذا تم اختيار
وسيط ج
ديد تحسب مدة اعماله من تاريخ تسلمه للمهمة.

مادة)522(:
علي الوسيط ان يبذل مساعيه للتقريب بين وجهات نظر طرف ي النزاع،

فاذا لم يتمكن من تحقيق ذلك كان عليه ان يقدم للطرفين كتابة ما يقترحه من توصيات
لحل النزاع.

فاذا قبل الطرفان التوصيات التي قدمها الوسيط يت م اثبات ذلك في اتفاق يوقعه
الطرفان والوسيط ويصبح هذا الاتفاق ملزم
ا للطرفين في حدود ما تم الاتفاق عليه،

ويثبت ذلك بالسجل الورقي او الالكتروني المعد لهذا الشان.

واذا لم يقبل الطرفان هذه التوصيات او بعضها يعرض الوسيط عليهما اللجوء
الي التحكيم،
فاذا وافقا
احيل النزاع الي قسم التحكيم بالمركز.
الجر یدة الرسمیة–
العدد
81) تابع (ف 3ي
مایو سنة
5202

78
وفي جميع الاحوال، علي وسيط النزاع ان يقدم خلال خمسة ايام من تاريخ انتهاء
ا للنزاع والاوراقا لقسم الوساطة، يتضمن ملخصمهمته تقرير،
والمستندات المقدمة
من طرفيه، والتوصيات، وما تم قبوله من الطرفين، وما تم رفضه واسباب الرفض.
مادة)622(:
شترط فيمن يقيد بقايمة المحكمين، الشروط الاتيةي:

1-
ان يكون حاص
لا ً علي اجازة الحقوق من احدي الجامعات المصرية،

او ما يعادلها.

2- ان يكون محمود السيرة، وحسن السمعة.

3-
الا يكون قد سبق ادانته في جناية،
او جنحة مخلة بالشرف او الامانة،

ما لم يكن قد رد اليه اعتباره.

4- الا يكون من العاملين بالجهاز الاداري للدولة.

5- الا يكون قد سبق فصله بالطريق التاديبي.

6-

قضاء مدة التدريب الاولي لمركز الوساطة والتحكيم علي اعمال
، التحكيم
ومجالاته.
7-
عقد من مركز الوساطة وال اجتياز الاختبار الذي ي تحكيم بدرجة لا تقل
عن خمسة وسبعين بالماية.

مادة)
227
(:
تشكل هيية التحكيم باتفاق الطرفين من محكم واحد او اكثر،
بشرط ان يكون
العدد فردي، ا لنظر النزاع القايم،
 وذلك في موعد غايته خمسة عشر يوم
ا من تاريخ
احالة النزاع لقسم التحكيم.

واذا لم يتفق طرفا التحك يم علي اختيار المحكمين خلال المدة المشار اليها
ف ي الفقرة الاولي من هذه المادة يتولي المركز اختيار المحكمين وفق ً
ا للوايح المنظمة
لعمل المركز.

مادة)
228
(
:

يوقع طرفا النزاع مشارطة التحكيم الت ي
تحو ي موضوع النزاع،
والشروط
والاجراءات التي يجري عليها التحكيم،
وتتبع فيما لم تتضمنه مشارطة التحكيم
الاحكام المقررة في قانون التحكيم في المواد المدنية والتجارية المشار اليه.
الجر یدة الرسمیة–
العدد
81) تابع (ف 3ي
مایو سنة
5202

88
مادة)
229
(:
يتعين علي المحكم او المحكمين عند الفصل في النزاع المعروض مراعاة
التشريعات المعمول بها داخل الدولة،
والاتفاقيات الدولية المصدق عليه
ا،

ومبادي القانون الطبيعي،
والعرف والعدالة الاجتماعية،
وفق ً
ا للحالة الاقتصادية
والاجتماعية السايدة في منطقة المنشاة،
ويصدر الحكم باغلبية الاراء في حالة
تعدد المحكمين.

ويتعين علي المحكم،
او المحكمين الفصل في النزاع المعروض خلال ثلاثين
يوم
ا
من تاريخ ا
حالة النزاع.

ويعتبر حكم التحكيم نهايي، ا ويكون قاب
لا ً للتنفيذ بعد وضع الصيغة التنفيذية عليه
من المحكمة العمالية المختصة.

مادة)
230
(
:

تشكل بقسم التحكيم دايرة عليا او اكثر،
لاعادة النظر،
مكونة من خمسة
محكمين من المقيدين بقايمتها للطعن ف ي الاحكام المشار اليها في المادة)922(

من هذا القانون.

واذا تضمن شرط او مشارطة التحكيم ان يكون علي درجتين،
يحال النزاع الي
تلك الدايرة خلال خمسة عشر يوم
ا من تاريخ صدور حكم اول درجة،
ويتعين عليها
الفصل ف يالنزاع خلال خمسة واربعين يوم
ا
من تاريخ الاحالة اليها.

)الفصل الخ
امس(

الاضراب والاغلاق
مادة)
231
(
:

للعمال حق الاضراب عن العمل للمطالبة بما يرونه محقق ً
ا لمصالحهم المهنية
والاقتصادية والاجتماعية،
وذلك بعد استنفاد طرق التسوية الودية للمنازعات
المنصوص عليها في هذا القانون،
ويكون اعلانه،
وتنظيمه من خلال المنظمة
النقابي ة العمالية المعنية،
او المفوض العمال في ي حدود الضوابط والاجراءات المقررة
ف ي
هذا القانون.
الجر یدة الرسمیة–
العدد
81) تابع (ف 3ي
مایو سنة
5202

98
مادة)
232
(
:

يجب ان يتضمن الاعلان عن الاضراب،
اخطار كل من صاحب العمل والجهة
الادارية المختصة قبل التاريخ المحدد للاضراب بعشرة ايام علي الاقل،
وذلك بكتاب
مسجل وموصي
عليه بعلم الوصول،
علي ان يتضمن الاخطار الاسباب الدافعة
للاضراب ومواعيده.

مادة)
233
(
:

حظر علي العمال الدعوة الي الاضرابي،
او اعلانه بقصد تعديل اتفاقية عمل
جماعية اثناء مدة سريانها.

مادة)432(:
حظر الاضراب او الدعوة اليه او اعلانه بالمنشات الحيويةي
الت ي تقدم خدمات
اساسية للمواطنين والتي يترتب علي توقف العمل فيها الاخلال بالامن القومي.

ويحظر الدعوة للاضراب او اعلانه في الظروف الاستثنايية.

ويصدر رييس مجلس الوزراء قرار
ا
بتحديد المنشات الحيوية والخدمات الاساسية
الت ي
تقدمها.

مادة)532(:
يترتب علي الا ضراب عن العمل وقف الالتزامات الناشية عن عقد العمل خلال
مدة الاضراب.

مادة)632(:
يحق لصاحب العمل لضرورات اقتصادية،
الاغلاق الكلي او الجزي ي للمنشاة،

او تقليص
جح مها او نشاطها،
بما قد يمس حجم العمالة بها علي نحو موقت او دايم،

وذلك في
الاوضاع، وبالشروط و
الاجراءات المنصوص عليها ف ي
هذا القانون.

مادة)
237
(
:

ف ي تطبيق احكام المادة)632(
من هذا القانون،
يجب علي صاحب العمل ان
يتقدم بطلب اغلاق المنشاة،
او تقليص حجمها،
او نشاطها الي لجنة تشكل لهذا
الغرض،
ويجب ان يتضمن الطلب الاسباب،
والاوضاع،
والشروط والاجرا
ءات،

الت ي
يستند اليها ف ي
ذلك، واعداد، وفيات العمال الذين سيتم الاستغناء عنهم.
الجر یدة الرسمیة–
العدد
81) تابع (ف 3ي
مایو سنة
5202

09
وعلي اللجنة ان تصدر قرارها مسبب
ا  خلال خمسة واربعين يوم
ا علي الاكثر
من تاريخ تقديم الطلب اليها،
 فاذا كان القرار صادر
ا بقبول الطلب وجب ان يحدد
موعد تنفيذه.

فاذا لم تصدر ال لجنة قرارها خلال المدة المشار اليها،
اعتبر ذلك موافقة ضمنية
علي الاغلاق بالاوضاع والشروط والاجراءات التي تقدم بها صاحب العمل.

ولصاحب الشان ان يتظلم من قرار اللجنة امام لجنة اخري تشكل لهذا الغرض،

ويترتب علي قبول التظلم وقف تنفيذ قرار اللجنة.

صدر رييسوي  مجلس الوزراء قرار
ا بتشكيل كل من اللجنتين المشار اليهما
ف ي هذه المادة،
وتحديد اختصاصاتهما،
والجهات التي تمثل فيهما،
والاجراءات الت ي
تتبع امامهما،
ومواعيد،
واجراءات التظلم،
علي ان يتضمن تشكيلهما ممث
ًلا
عن المنظمة النقابية العمالية المعنية، وممث
علا ً ن منظمة اصحاب الاعمال المعنية
ترشحه كل منهما.

مادة)
238
(
:

يخطر صاحب العمل العمال،
والمنظمة النقابية العمالية المعنية بالطلب المقدم
منه،
وبالقرار الصادر بالاغلاق الكلي،
او الجزيي للمنشاة،
او بتقليص حجمها،

او نشاطها.
 ويكون تنفيذ ذلك القرار اعتبار
ما ن التاريخ الذ ي تحدده اللجنة الت ي
نظرت الطلب، او التظلم علي حسب الاحوال.

مادة)
239
(
:

ف ي حالة الاغلاق الجزيي او تقليص حجم المنشاة او نشاطها،
اذا لم تتضمن
الاتفاقية الجماعية السارية في المنشاة المعايير الموضوعية لاختيار من سيتم الاستغناء
عنهم من العمال،

يتعين علي صاحب العمل ان يتشاور في هذا الشان مع المنظمة
النقابية العمالية المعنية، وذلك بعد صدور القرار وقبل التنفيذ.

وتعتبر الاقدمية، والاعباء العايلية، والسن، والقدرات والمهارات المهنية للعمال
من
المعايير الت ي
يمكن الاسترشاد بها ف ي
هذا الشان.

ويصدر الوزير المختص قرار
ا بالمعايير الموضوعية لاختيار من سيتم الاستغناء
عنهم من العمال، وذلك بالتشاور مع منظمات العمال واصحاب الاعمال.
الجر یدة الرسمیة–
العدد
81) تابع (ف 3ي
مایو سنة
5202

19
مادة)042(
:

ي حظر علي صاحب العمل التقدم بطلب الاغلاق الكلي او الجزي ي للمنشاة،

او تقليص حجمها او نشاطها اثناء مراحل تسوية م نازعات العمل الجماعية،
كما
يحظر عليه ان يتقدم بهذا الطلب بسبب او اثناء اضراب العمال عن العمل.

مادة)142(:
مع عدم الاخلال بحكم المادة)832(
من هذا القانون،
في الحالات الت ي يحق
فيها لصاحب العمل انهاء عقد العمل لاسباب اقتصادية يجوز له بد
لا ً من استخدام هذا
ا لحق ان
عدل من شروط العقد بصفة موقتةي،
وله علي الاخص ان يكلف العامل بعمل
غير متفق عليه،
خفض اجر العامل بما ولو كان يختلف عن عمله الاصلي كما له ان ي
لا يقل عن الحد الادني للاجور.

فاذا قام صاحب العمل بتعديل شروط العقد وفق ً
ا للفقرة الاولي من هذه المادة جاز
للعامل ان ينهي عقد العمل دون ان يلتزم بالاخطار،
ويعتبر الانهاء في هذه الحالة
انهاء مبرر
ا
من جانب صاحب العمل والعامل.

وف ي جميع الاحوال،
يستحق العامل مكافاة تعادل اجر شهر عن كل سنة
من السنوات الخمس الاولي من سنوات الخدمة وشهر ونصف الشهر عن كل سنة
تجاوز
ذلك.

الكتاب الرابع
السلامة والصحة المهنية وتامين بيية العمل
مادة)242(:
ينظم هذا الكتاب احكام وضوابط الوقاية من الحوادث والاضرار الصحية الناتجة
عن العمل او المتصلة به،
او التي تقع اثناءه،
او بسببه،
وذلك للحد من المخاطر
واسبابها التي تنطو ي
عليها بيية ا
لعمل.

مادة)342(:
قصد في ي تطبيق احكام هذا الكتاب بالمنشاة كل مشروع او مرفق يملكه او يديره
شخص من
اشخاص القانون العام او الخاص.
الجر یدة الرسمیة–
العدد
81) تابع (ف 3ي
مایو سنة
5202

29
مادة)442(:
تسري احكام هذا الكتاب علي جميع مواقع العمل،
 والمنشات وفروعها اي
ا كان
نوعها، او تبعيتها، سواء كانت برية او بح
رية او جوية.

كما تسري ايض
ا
علي المسطحات المايية بجميع انواعها ووسايل النقل المختلفة.

مادة)542(:
مع عدم الاخلال باحكام التفتيش والضبطية القضايية ف ي هذا القانون،
يجوز
للوزير المختص بقرار منه الترخيص بانشاء مكاتب امتثال تهدف الي التحقق من
استيفاء اشتراط ات السلامة والصحة المهنية وتامين بيية العمل في المنشات المخاطبة
باحكام هذا الكتاب، وتقديم الدعم الفني والمشورة اللازمة.

ويحدد القرار الشكل القانوني لمكاتب الامتثال وشروط وضوابط مزاولة نشاطها،

وموهلات العاملين بها، وشروط وقواعد الترخيص، ومدته، والرسوم، المقررة عليه
بما لا يجاوز ماية الف جنيه.

الباب الاول
تامين بيية العمل
مادة)642(:
تلتزم المنشاة، وفروعها، بتوفير وسايل السلامة والصحة المهنية، وتامين بيية
العمل في اماكن العمل، وفق ًا لمعايير التعرض والحدود العتبية، وبما يكفل الوقاية
من المخاطر ال
فيزيايية الناجمة عما يلي:
1- الوطاة الحرارية والبرودة.

2-
الضوضاء والاهتزازات.

3-
شدة الاستضاءة.

4-
الاشعاعات الضارة والخطرة )
موينة- غير موينة(
.

5- تغيرات الضغط الجوي.

6- مخاطر الانفجار.
الجر یدة الرسمیة–
العدد
81) تابع (ف 3ي
مایو سنة
5202

39
مادة)742(:
تلتزم المنشاة، وفروعها باتخاذ الاحتياطات والتد ابير اللازمة لتوفير وسايل
السلامة والصحة المهنية وتامين بيية العمل، بما يكفل الوقاية من المخاطر الهندسية
)
ميكانيكية-
كهربايية-
تشييد وبناء- المواءمة (، وعلي الاخص ما ياتي:
1-
كل خطر ينشا عن معدات وادوات رفع وجر،
ووسايل الانتقال،
والتداول،

ونقل الحر
كة.

2-

كل خطر ينشا عن اعمال التشييد والبناء، والحفر، ومخاطر الانهيار، والسقوط.
3-

كل خطر ينشا عن الكهرباء)الديناميكية والاستاتيكية(
.

4-
كل خطر ينشا عن عدم مراعاة التناسب بين البنية الجسدية للعامل والمعدات
والالات، وبين مكان العمل.

مادة)842(:
تلت زم المنشاة وفروعها باتخاذ وسايل وطرق وقاية العمال من خطر الاصابة
بالبكتيريا والفيروسات والفطريات، والطفيليات، وساير المخاطر البيولوجية متي
كانت طبيعة العمل ت ُعرض العمال لظروف الاصابة بها، وعلي الاخص ما ياتي:

1
-
مخالطة الادميين المرضي، والقيام بخدماتهم
من رعاية وتحاليل،
وفحوص
طبية ومعملية، وعمليات جراحية.

2-
التعامل مع الحيوانات، ومنتجاتها، ومخلفاتها.

3-

وحدات تداول، ونقل وتخزين، ومعالجة المخلفات الطبية، والبيطرية الخطرة.
4-
وحدات استقبال، وتخزين، ومعالجة التصريفات بانواعها المختلفة.

مادة)942: (

تلتزم المنشاة، وفروعها بتوفير وسايل السلامة والصحة المهنية وتامين بيية
العمل في اماكن العمل بما يكفل الوقاية من المخاطر الكيميايية الناتجة عن التعامل مع
المواد الكيميايية الصلبة والسايلة والغازية، مع مراعاة ما ياتي:

1-
عدم تجاوز اقصي تركيز مسموح به للتعامل في المواد الكيميايية،
والمواد
المسببة للسرطان التي يتعرض لها العمال.

2- عدم تجاوز مخزون المواد الكيميايية الخطرة كميات العتبة لكل منها.

3-
توفير الا حتياطات اللازمة لوقاية المنشاة،
والعمال عند تداول ونقل
وتخزين
، واستخدام المواد ال
كيميايية ال
خطرة، والتخلص من مخلفاتها.
الجر یدة الرسمیة–
العدد
81) تابع (ف 3ي
مایو سنة
5202

49
4-

الاحتفاظ بسجل ورقي او الكتروني لحصر المواد الكيميايية الخطرة المتداولة
متضمن ً
ا جميع البيانات الخاصة بكل مادة،
ويسجل لرصد ملوثات بيية العمل الت ي
يتعرض لها العمال،
ويسجل المواد والمخلفات الخطرة وفق ً
ا لقانون تنظيم ادارة
المخل فات الصادر بالقانون رقم202
لسنة
0202
5-

وضع بطاقات تعريف جميع المواد الكيميايية المتداولة في العمل موضح
ا بها
الاسم العلم ي
والتجاري،
وتركيبها الكيميايي،
ودرجة خطورتها واحتياطات السلامة
واجراءات الطواري المتعلقة بها،
وعلي المنشاة ان تحصل علي البيانات ال مذكورة
ف ي
هذه المواد من مصنعها، او موردها عند التوريد.

6-
تدريب العمال علي طرق التعامل مع المواد الكيميايية الخطرة،
والمواد
المسببة للسرطان وتعريفهم بمخاطرها، وبطرق الامان، والوقاية من هذه المخاطر.

7-
معايير التعرض والحدود العتبية.

مادة)052: (

تلتز م المنشاة،
وفروعها بتوفير وسايل السلامة والصحة المهنية وتامين بيية
العمل ف ي اماكن العمل بما يكفل وسايل الوقاية من المخاطر غير المباشرة،
والت ي
تنشا،
او يتفاقم الضرر او الخطر من عدم توافرها،
كوسايل الانقاذ والاسعاف،

والنظافة والترتيب،
والتنظيم باماكن ا
لعمل،
والتاكد من حصول العاملين باماكن
الطهي وتداول وتناول الاطعمة والمشروبات علي الشهادات الصحية الدالة علي خلوهم
من الامراض الوبايية والمعدية.

مادة)152(
:

تلتزم المنشاة،
وفروعها باتخاذ الاحتياطات والاشتراطات اللازمة للوقاية
من مخاطر الحريق، طبق ً
ا
لما
تحدده الجهة المختصة بوزارة الداخلية.

مادة)252(
:

تلتزم المنشاة،
وفروعها بتوفير وسايل السلامة والصحة المهنية وتامين بيية
العمل بما يكفل الوقاية من كل خطر ينشا عن العمل داخل الاماكن الضيقة والمغلقة.
الجر یدة الرسمیة–
العدد
81) تابع (ف 3ي
مایو سنة
5202

59
مادة)352: (

تلتزم المنشاة وفروعها باجراء تقييم وتحليل للمخاطر،
والكوارث الصناعية
والطبيعية المتوقعة والكوارث الناتجة عن التشغيل واعداد خطط طواري لحماية
المنشاة والعمال والمترددين عليها عند وقوع الحوادث والكوارث،
علي ان يتم اختبار
فاعلية هذه الخطط،
واجراء تجارب عملية عليها للتاكد من كفاءتها،
وتدريب العمال
لمواجهة متطلباتها، وتصحيحها اذا لزم الامر.

ويجوز للمنشاة الاسترشاد براي خبير استشاري، او مراكز استشارية ف ي
مجال
السلامة والصحة المهنية وتامين بيية العمل عند اعداد خطط الطواري.

كما تلتزم المنشاة بابلاغ الجهة الادارية المختصة بخطط الطواري،

وباي تعديلات
تطرا عليها، وكذلك في حالة تخزين مواد خطرة او استخدامها.

وفي حالة التنبو بوقوع حادث او خطر في مكان العمل قد يودي الي تهديد وشيك
وخطير علي صحة العمال او حياتهم،
يجوز للعامل مغادرة مكان العمل الي مكان
امن داخل المنشاة او موقع العمل او خارجه اذا لزم الامر،
دون اذن،
وعليهم اخطار
المشرف المباشر باية اخطار يتعرضون لها،
ولا يترتب علي هذا الانسحاب
اي عواقب او مساءلة تاديبية.

وتلتزم المنشاة بضمان عدم عودة العمال الي بيية العمل غير الامنة الي ان يتم
ازالة الخطر.

وفي حالة امتناع المنشاة عن تنفيذ ما توجبه احكام هذه المادة،
والقرارات المنفذة
لها في المواعيد الت ي
تحددها الجهة الادارية المختصة،
وترتب علي ذلك وجود خطر
داهم علي صحة العاملين او المترددين او سلامتهم،
علي الجهة الادارية المختصة ان
تامر باغلاق المنشاة كلي
ا  او جزيي، ا او ايقاف معدة او الة او اكثر حتي زوال اسباب
الخطر،
وينفذ القرار الصادر بالاغلاق او الايقاف بالطرق الادارية مع عدم الاخلال
بحق العاملين ف ي
تقاضي اجورهم خلال فترة الاغلاق او الايقاف الجزي ي
او الكلي.

وللجهة الادارية المختصة ان تقوم بازالة اسباب الخطر بطريق التنفيذ المباشر
علي نفقة المنشاة
بالتنسيق مع الجهات المعنية.
الجر یدة الرسمیة–
العدد
81) تابع (ف 3ي
مایو سنة
5202

69
مادة)452: (

تلتزم المنشات وفروعها بتوفير بيية عمل امنة،
وغي ر عدايي
ة،

خالي ة
من التحرش
والتنمر، والعنف
وتوفير الوسايل الكفيلة بالوقاية منهم.

ويصدر الوزير المختص قرار
ا بتحديد نماذج لمدونة السلوك الوظيفي،

والقواعد
والا
جر اءات اللازمة لتقديم الشكاوي وسبل تسويتها واتخاذ الاجراءات
اللازمة ف ي
شانها.

مادة)552: (

صدر الوزير المختص قراري
ا بقواعد ومعايير وبيان حدود الامان ف ي اماكن
العمل،
والاشتراطات،
والاحتياطات اللازمة لدرء المخاطر المبينة بهذا الباب،

وذلك بالتنسيق مع ال
جهات المختصة.

الباب الثاني
التفتيش في مجال السلامة
والصحة المهنية وتامين بيية العمل
مادة)652: (

مع مراعاة الاحكام الواردة في الكتاب الخامس من هذا القانون، تلتزم الجهة
الادارية المختصة بما ياتي:

1-
تشكيل جهاز متخصص يسمي)
جهاز تفتيش السلامة والصحة المهني ة وتامين
بيية العمل(
،
من اعضاء تتوافر فيهم الموهلات العلمية والعملية في مجالات الطب
البشري،
والبيطري،
والصيدلة،
والهندسة والعلوم،
والبيية وادارة المخلفات للتفتيش
علي المنشات ومراقبة تنفيذ احكام السلامة والصحة المهنية وتامين بيية العمل علي ان
يكون التف
تيش علي فترات دورية مناسبة.

2-
تنظيم برامج تدريبية متخصصة ونوعية لرفع كفاءة ومستوي اداء
اعضاء جهاز التفتيش المشار اليه في البند)1(
من هذه المادة،
وتزويدهم بالخبرات
الفنية والتطورات الحديثة بما يضمن افضل مستويات السلامة والصحة المهنية
وتامين بيية العمل.
الجر یدة الرسمیة–
العدد
81) تابع (ف 3ي
مایو سنة
5202

79
3-

تزويد جهاز التفتيش المشار اليه باجهزة ومعدات القياس،
وجميع الامكانيات
اللازمة لاداء مهمته.

ويكون التفتيش علي المنشات المتعلق عملها بالامن القومي،
والت ي تحدد بقرار
من رييس مجلس الوزراء، بمعرفة الجهة التي يحددها هذا القرار.

مادة)752: (

علي اعضاء جهاز تفتيش السلامة والصحة المهنية وتامين بيية العمل في سبيل
اداء عملهم:

1-
اجراء الفحوص الطبية والمعملية اللازمة علي العمال بالمنشات للتاكد
من ملاءمة ظروف العمل.

-2
اخذ عينات من المواد المستعملة او المتداولة في العمليات الصناعية،

وانشطة العمل المختلفة والتي قد يكون لها تاثير ضار علي سلامة وصحة العمال
او بيية العمل،
بغرض تحليلها والتعرف علي الاثار الناتجة عن استخدامها وتداولها،

واخطار المنشاة بذلك لاتخاذ ما يلزم ف ي
هذا الشان.

3-
استخدام المعدات والاجهزة والات التصوير وغيرها اثناء التفتيش لتحليل
اسباب الحوا
دث.

4- الاطلاع علي خطط الطواري، وتحليل المخاطر الخاصة بالمنشاة.

5-
الاطلاع علي نتايج التقارير الفنية والادارية التي ترد للمنشاة عن انواع
الحوادث الجسيمة واسبابها.

6- الاطلاع علي كميات المخزون من المواد الخطرة الت ي
قد تهدد المنشاة.

وعلي الجهة الادارية المختصة بناء علي تقرير جهاز تفتيش السلامة والصحة
، ا، او ايقاف الة، او اكثرا او جزييالمهنية وتامين بيية العمل الامر باغلاق المنشاة كلي
وذلك ف ي حالة وجود خطر داهم يهدد سلامة المنشاة،
او صحة العمال والمترددين،

او سلامة بيية العمل حتي زوال اسباب الخطر،
مع عدم الاخلال بحق العاملين ف ي
تقاضي اجورهم.
الجر یدة الرسمیة–
العدد
81) تابع (ف 3ي
مایو سنة
5202

89
وللجهة الادارية المختصة بناء علي قرار الاغلاق ان تقوم بازالة اسباب الخطر
بطريق التنفيذ المباشر علي نفقة المنشاة.

وينفذ القرار الصادر بالاغلاق او الايقاف بالطرق الادارية.

وتصدر الجهة الادارية المختصة الامر با
لغاء الاغلاق،
او الايقاف فور زوال
اسباب الخطر.

مادة)852: (

مع مراعاة حكم المادة)242(
من هذا القانون،
يكون لمفتشي السلامة والصحة
المهنية وتامين بيية العمل حق التفتيش علي المنشات للتحقق من توافر اشتراطات
السلامة والص حة المهنية وتامين بيية العمل تطبيق ً
ا لا حكام هذا القانون،
والقرارات
المنفذة له.
الباب الثالث
تنظيم اجهزة السلامة والصحة المهنية
وتامين بيية العمل بالمنشات والتدريب
مادة)952: (

صدر الوزير المختص القرارات اللازمة بتحديد المنشاتي،
وفروعها،

الت ي تلتزم بانشاء اجهزة وظيفية للسلامة والصحة المهنية وتامين بيية العمل،

واللجان المختصة بذلك.

وتختص اللجان المشار اليها بالفقرة الاولي من هذه المادة ببحث ظروف العمل
واسباب حوادث واصابات العمل وغيرها،
ووضع القواعد،
والاحتياطات الكفيلة
بمنعها، وتكون قرارات هذه اللجان ملزمة للمنشاة وفروعها.

ويجب ان يشمل التدريب العاملين بالجهاز الوظيفي للسلامة والصحة المهنية
وتامين بيية العمل واعضاء اللجان الم ختصة بذلك،
والمسيولين عن الادارة،
والانتاج
بمستوياتهم كافة بما يتفق ومسيوليتهم، وطبيعة عملهم.
الجر یدة الرسمیة–
العدد
81) تابع (ف 3ي
مایو سنة
5202

99
مادة)062: (

تلتزم كل منشاة يعمل بها ثلاثون عام
لا ً فاكثر،
بموافاة الجهة الادارية
المختصة باحصايية نصف سنوية ببيانات حقيقية عن الامراض العادية،
والمزمنة،

والحوادث الجسيمة،
والاصابات،
وذلك خلال النصف الاول من شهري يوليو،

ويناير علي الاكثر.

كما تلتزم المنشات الخاضعة لاحكام هذا الكتاب،
باخطار الجهة الادارية
المختصة ب كل حادث جسيم يقع بالمنشاة،
او عند ظهور اعراض مرض مهني،

وذلك خلال اربع وعشرين ساعة من وقوعه،
 ويصدر الوزير المختص قرار
ا
بالنماذج الت ي
تستخدم لهذا الغرض.

وتلتزم جميع المنشات الخاضعة لاحكام هذا الكتاب بموافاة الوزارة المختصة
الكتروني
ا علي المنصة الالكترو نية المعدة لذلك بكافة البيانات والتقارير
والاحصاييات
اللازمة والتي يصدر بتحديدها قرار من الوزير المختص،
ويحدد القرار
البيانات
الاساسية المطلوبة لذلك.

مادة)162: (

تتولي الوزارة المختصة،
والمركز القومي لدراسات السلامة والصحة المهنية
وتامين بيية العمل الم شار اليه في المادة)362(
من هذا القانون،
والجهات الت ي
رخص لهاي،
التدريب الاساسي،
والمتقدم،
والنوعي،
والتخصصي للاخصاييين
والفنيين، واعضاء اللجان في مجال السلامة والصحة المهنية.

ا بقواعد منح التراخيص، ونظم التدريب في الحالاتصدر الوزير المختص قراروي
السابقة في مجال التدريب الاساسي،
وتدريب السلامة والصحة المهنية والتدريب
النوعي،
والتخصصي،
للكليات والمعاهد،
والجمعيات الاهلية والشركات
، والموسسات المتخصصة، علي ان يتضمن شروط منح الترخيص واجراءاته، ومدته
والرسم المقرر عنه،
بما لا يزيد علي خمسين الف
جنيه، وحالات الاعفاء منه.

مادة)262: (

شترط لمزاولة اعمال الخبرة والاستشارات في مجال السلامة والصحة المهنيةي
وتامين بيية العمل الحصول علي الترخيص اللازم من الوزارة المختصة.
الجر یدة الرسمیة–
العدد
81) تابع (ف 3ي
مایو سنة
5202

001
صدر الوزير المختص قراروي
ا بتحديد شروط وقواعد،
واجراءات منح
الترخيص،
ومدته،
وقيده في السجل الورقي او الالكتروني المعد لهذا الغرض،

والرسوم المقررة عنه بما لا يزيد علي خمسين الف جنيه، وحالات الاعفاء منه.

الباب الرابع
اجهزة البحوث والدراسات
والمجلس الاعلي للسلامة والصحة المهنية وتامين بيية العمل
مادة)362: (

يختص المركز القومي لد راسات السلامة والصحة المهنية وتامين بيية العمل
المعاد تنظيمه بقرار رييس الجمهورية رقم333
لسنة2003
بالاشتراك مع الوزارة
المختصة،
باعداد الخطط المركزية للبحوث والدراسات في مجالات السلامة والصحة
المهنية وتامين بيية العمل طبق ً
ا لنتايج التحليل الاحصايي لاصاب ات العمل بالمنشات،
ويتابع تنفيذها بالتنسيق مع الاجهزة المعنية في الوزارة المختصة،
وذلك وفق ً
ا للقواعد
والاجراءات التي يصدر
بها قرار من الوزير المختص.

مادة)462: (

ينشا مجلس يسمي""
المجلس الاعلي للسلامة والصحة المهنية وتامين بيية العمل""
،

برياسة الوزير الم
ختص،
وعضوية ممثلين عن الوزارات والجهات المختصة،
وعدد
متساو من ممثلي كل من منظمات اصحاب الاعمال المعنية الاكثر تمثي
لا ً ترشحهم
منظماتهم،
، وممثلي المنظمات النقابية العمالية المعنية الاكثر تمثيلا ً ترشحهم منظماتهم
علي ان يراعي عند الترشيح تمثيل كافة مستويات المنظمات النقابية المعنية ما لم
يتعذر ذلك، وعدد من ذوي الخبرة.

ويتولي المجلس رسم السياسة العامة في هذه المجالات واقتراح ما يلزم ف ي شان
تنفيذها بما يتفق مع السياسة العامة للدولة.

ويصدر بتشكيل المجلس،
واختصاصاته،
ونظام العمل به قرار من رييس
مجلس الوزرا
ء.
الجر یدة الرسمیة–
العدد
81) تابع (ف 3ي
مایو سنة
5202

101
مادة)562: (

شكل في نطاق كل محافظة لجنة فرعية للمجلس الاعلي للسلامة والصحةي
المهنية وتامين بيية العمل،
برياسة المحافظ المختص، وتضم ف ي عضويتها ممثلين
عن الوزارات والجهات المختصة،
وممثلي المنظمات النقابية العمالية المعنية ترشحهم
منظماتهم ما لم يتعذر
ذلك،
ومنظمات اصحاب الاعمال بالتساوي فيما بينهما،
وعدد
من ذوي الخبرة.

ويصدر بتشكيلها، وتحديد اختصاصاتها، ونظام العمل بها قرار من الوزير
المختص.
الباب الخامس
الخدمات الاجتماعية والصحية
مادة)662: (

مع عدم الاخلال باحكام قانون التامينات الاجتماعية والم، عاشات المشار اليه
تلتزم المنشاة وفروعها باجراء ما ياتي:

1-
الكشف الطبي الابتدايي علي العامل قبل التحاقه بالعمل للتاكد من سلامته،

ولياقته الصحية طبق ً
ا
لنوع واحتياجات العمل الذ ي
سند اليهي.

2-
كشف القدرات للتاكد من لياقة العامل من ناحية قدراته الجسمانية والعقلية
والنفسية بما ين
اسب احتياجات العمل.

وتجري هذه الفحوص طبق ً
ا للاحكام المنظمة للتامين الصحي،
صدر الوزير وي
المختص بالاتفاق مع الوزير المعني بشيون الصحة قرار
ا بتحديد مستويات اللياقة
والسلامة الصحية والقدرات العقلية والنفسية التي تتم علي اساسها هذه
الفحوص.

مادة)762(
:

تلتزم المنشاة وفروعها بما ياتي:

1- تدريب العامل علي الاسس السليمة لاداء مهنته.

-2
احاطة العامل قبل مزاولة العمل بمخاطر مهنته،
والزامه باستخدام وسايل
الوقاية المقررة لها مع توفير ادوات الوقاية الشخصية المناسبة وتدريبه علي استخدامها.

ولا يجوز للمنشاة ان تحمل العامل اية نفقات او تقتطع من اجره اي مبالغ لقاء
توفير وسايل الحماية اللازمة له.
الجر یدة الرسمیة–
العدد
81) تابع (ف 3ي
مایو سنة
5202

201
مادة)862: (

يلتزم العامل بان يستعمل وسايل الوقاية، ويتعهد بالعناية بما ف ي حوزته منها،

وبتنفيذ التعليمات الصادرة للمحافظة علي صحته ووقايته من حواد ث العمل،
وعليه
الا يرتكب اي فعل يقصد به منع تنفيذ التعليمات او اساءة استعمال الوسايل الموضوعة
لحمايته وسلامة العمال المشتغلين معه او تغييرها او الحاق ضرر او تلف بها،
وذلك
دون الاخلال بما يفرضه اي قانون اخر ف ي
هذا الشان.

مادة)962: (

تلتزم المنشاة وفروعه
ا باجراء ما ياتي:

1-
التفتيش الدوري اليومي في كل وردية عمل علي اماكن العمل وخاصة
الخطرة منها لاكتشاف المخاطر المهنية،
والعمل علي الوقاية منها،
واعداد سجل
ورقي او الكترون ي
لهذا الغرض.

-2
فحص شكوي العامل المرضية،
ومعرفة علاقتها بنوع العمل بمعرفة طبيب
ال
منشاة،
ان وجد.

3-
التنسيق مع الهيية العامة للتامين الصحي لاجراء الفحص الطبي الدوري
لجميع عمال المنشاة للمحافظة علي لياقتهم الصحية والنفسية والعقلية،

وسلامتهم بصفة مستمرة واكتشاف ما يظهر من امراض مهنية في مراحلها الاولي
ولاجراء الفحص عند، انتهاء الخدمة وذلك كله طبق ً
ا لانظمة التامين الصحي المقررة
ف ي
هذا الشان.

مادة)
270
(
:

تلتزم المنشاة بان توفر لعمالها وسايل الاسعاف الاولية.

واذا زاد عدد عمال المنشاة في مكان واحد او بلد واحد او في دايرة نصف
قطرها خمسة عشر كيلو متر
ا علي خمسين عام، لا ً تلتزم المنشاة بان  تستخدم ممرض
ا
موه
لا ً او اكثر الاعمال التمريض او الاسعاف بكل وردية عمل بها،
وان تعهد الي
طبيب لعيادتهم ف ي المكان الذ ي تعده لهذا الغرض،
وان تقدم لهم الادوية اللازمة
للعلاج، وذلك كله بالمجان.
الجر یدة الرسمیة–
العدد
81) تابع (ف 3ي
مایو سنة
5202

301
واذا عولج العامل في الحالتين المنصوص عليهما في الفقرتين الاولي والثانية
من هذه المادة بمستشفي حكومي او خيري،
وجب علي المنشاة ان تودي الي ادارة
المستشفي نفقات العلاج، والادوية، والاقامة.

تبع فوي ي تحديد نفقات العلاج،
والادوية،
والاقامة المنصوص عليها
ف ي الفقرات السابقة الطرق والاوضاع الت ي يصدر بها قرار من الوزير المختص
بالاتفاق مع الوزير المعني بشيون الصحة.

مادة)
271
: (

يلتزم من يستخدم عما
لا ً ف ي اماكن لا تصل اليها وسايل المواصلات العادية
ان يوفر لهم وسايل الانتقال المناسبة علي نفقته الخاصة.

وعلي من يستخدم عما
لا ً في المناطق البعيدة عن العمران ان يوفر لهم
التغذية المناسبة،
والمساكن الملايمة مع مراعاة تخصيص بعضها للعمال المتزوجين
علي نفقته الخاصة.

صدر الوزير المختص بالاتفاق مع الوزراء المعنيينوي،
ومع منظمات اصحاب
الاعمال والعمال القرارات اللازمة لتحديد المناطق البعيدة عن العمران،
واشتراطات
ومواصفات المساكن،
و تعيين اصناف الطعام والكميات التي تقدم منها لكل عامل،

وما يوديه صاحب العمل مقاب
ًلا
لها.

ويجوز بالنسبة لنظام الوجبات الغذايية الواردة في الفقرة الثالثة من هذه المادة
الاخذ بنظام توافق عليه ادارة المنشاة والمنظمة النقابية العمالية او المفوض العمال
ي
ف ي حالة عدم وجودها،
بشرط ان يعتمد من الجهة الادارية المختصة،
حظر وي
الاستعاضة عن تقديم تلك الوجبات كلها او بعضها بمقابل نقدي.

مادة)
272
(
:

تلتزم المنشاة الت ي يبلغ عدد عمالها خمسين عام
لا ً فاكثر بتقديم الخدمات
الاجتماعية والثقافية اللازمة لعمالها، وذلك بالاشتراك مع المنظمة النقابية العمالية،

دون تحميل العامل اي التزامات،
صدر الوزير المختص بالتشاور مع منظمات وي
اصحاب الاعمال والعمال القرارات المشار اليها بتحديد الحد الادني لهذه الخدمات.
الجر یدة الرسمیة–
العدد
81) تابع (ف 3ي
مایو سنة
5202

401
مادة)
273
: (

يتمتع صندوق الخدمات الاجتماعية والصحية والثقافية بالشخصية الاع تبارية،

ويهدف الي تقديم الخدمات اللازمة للنهوض بالمستوي الاجتماعي والصحي والثقافي
للعاملين بمنشات القطاع العام، وقطاع الاعمال العام، والقطاع الخاص.

ويصدر رييس مجلس الوزراء قرار
ا بتشكيل مجلس ادارة الصندوق برياسة
الوزير المختص،
وعضوية ممثلي المنظمات ال نقابية العمالية المعنية ومنظمات
اصحاب الاعمال بالتساوي فيما بينهما،
ترشحهم منظماتهم،
وممثلي الوزارات
والجهات المعنية ويحدد القرار اختصاصات المجلس والنظام الاساسي للصندوق
والمعاملة المالية لرييس واعضاء مجلس الادارة،
علي ان تكون من موارده الذاتية،

والنظا
م المحاسبي الواجب
ا
تباعه.

ويكون للصندوق حساب خاص لدي احد البنوك التجارية المسجلة لدي البنك
المركزي المصري،
وموازنة مستقلة،
عد الصندوق سنوي وي
ا القوايم الدالة علي
المركز المال ي
اوفق ً لنظام المحاسبة المالية،
وتبدا السنة المالية للصندوق مع السنة
المالية للدولة،
وتنتهي بانتهايها وتخضع امواله لرقابة الجهاز المركزي للمحاسبات،

رحل فايض امواله من سنة الي اخريوي.

وتلتزم المنشات المشار اليها بالفقرة الاولي من هذه المادة والت ي يبلغ عدد عمالها
عشرون عام
لا ً فاكثر بسداد اشتراك سنوي لا يقل عن ثمانية جنيهات ولا يج اوز ستة
عشر جنيه
ا  عن كل عامل سنوي
ا لتمويل هذا الصندوق،
ويصدر بتحديد قيمة الاشتراك
السنوي قرار من الوزير المختص،
بعد العرض علي مجلس ادارة الصندوق،
ويحق
للمنشاة حال تقديمها للخدمات الواردة بالمادة
472 من هذا القانون،
او تقديمها لميزة
افضل للعاملين لديه ا خصم قيمة تلك الخدمات او الميزة او خصم)
٪70
(
من المبلغ
المستحق عليها للصندوق سنوي، ا
ايهما اقل.

مادة)472: (

يلتزم الصندوق المشار اليه في المادة)372( من هذا القانون بتقديم الخدمات الاتية:

1-
دعم النفقات العلاجية طبق ً
ا لما تحدده اللايحة المالية والادار ية للصندوق
والت ي تحدد انواع الخدمات الطبية والمنتفعين بها واللجان المختصة بتقرير العلاج
والجهات التي تتولي تنفيذ الخدمات الصحية.
الجر یدة الرسمیة–
العدد
81) تابع (ف 3ي
مایو سنة
5202

501
2
- تدعيم مكتبات المنشات بالكتب.

3- عقد الندوات الثقافية او تمويلها.

4- دعم تكاليف تنظيم انتخابات المنظمات النقابية العمالية.

5- اعداد برامج محو الامية بالتعاون مع الجهات المختصة.

6- تدعيم الانشطة الرياضية بالمنشاة.

7-

اقامة المسابقات اللازمة لتنمية مهارات العاملين فني
ا وثقافي
ا ورياضي ا.
8-
اعداد برامج الرحلات الترفيهية، والمصايف طبق ً
ا
لامكانيات العمال.

9- دعم الانشطة ال
نقابية العمالية.

01-
مشاركة العمال واصحاب العمل في توفير بيية عمل امنة خالية من العنف
والتحرش والتنمر من خلال اقامة الندوات التوعوية وتمويل المشروعات التنموية
الت ي
تستهدف ذلك متي توافرت الموارد.

وللوزير المختص بالاتفاق مع مجلس ادارة الصندوق اضافة خدمات ا خري
علي ان تكون في ذات مجال عمل الصندوق.

صدر رييس مجلس الوزراء قراروي
ا باللايحة المالية والادارية للصندوق،

وصلاحيات وضوابط الصرف والرقابة عليها.

الكتاب الخامس
تفتيش العمل والعقوبات
الباب الاول
تفتيش العمل والضبطية القضايية
مادة)572: (

يكون للعاملين ا لقايمين علي تنفيذ احكام هذا القانون،
والقرارات الصادرة
تنفيذ ً
ا له،
الذين يصدر بتحديدهم قرار من وزير العدل بالاتفاق مع الوزير المختص،

صفة ماموري الضبط القضايي بالنسبة للجرايم التي تقع في دواير اختصاصهم،

وتكون متعلقة باعمال وظايفهم.
الجر یدة الرسمیة–
العدد
81) تابع (ف 3ي
مایو سنة
5202

601
ويودي كل منهم امام ا لوزير المختص قبل مباشرة عمله القسم الاتي:
""
اقسم باالله
العظيم ان اودي مهمتي بالذمة والامانة والصدق والا افشي سر
ا من اسرار العمل الت ي
اطلع عليها بحكم وظيفتي""
.

مادة)672: (

يحمل كل من له صفة الضبطية القضايية،
بطاقة تثبت هذه الصفة،
وله حق
دخول جميع اماكن العمل وتفتيشها للتحقق من تطبيق احكام هذا القانون،
والقرارات
المنفذة له،
وفحص الدفاتر والاوراق المتعلقة بذلك،
وطلب المستندات والبيانات
اللازمة من اصحاب الاعمال او من ينوب عنهم.

ويحدد الوزير المختص بقرار منه قواعد واجراءات التكليف بتفتيش اماكن العمل
لا ًلي
وفي غير اوقات العمل الرسمية للقايمين به والمكافات الت ي
تستحق لهم.

مادة)
277
(
:

علي اصحاب الاعمال او من ينوب عنهم ان يسهلوا مهمة المكلفين بمراقبة تنفيذ
احكام هذا القانون،
والقرارات المنفذة له،
وان يقدموا لهم المستندات والبيانات
اللازمة لاداء مهمتهم.

م ادة)
278(
:

علي اصحاب الاعمال او من ينوب عنهم الاستجابة لطلبات الحضور الت ي توجه
اليهم من العام
ل ين المشار اليهم في المادة)572(
من هذا القانون،
وذلك ف ي المواعيد
التي يحددونها.
مادة)
279
(
:

علي السلطات والوزارات والجهات والهييات المعنية مساعدة العاملين المكلفين
بمراقبة تنفيذ احكام هذا القانون والقرارات المنفذة له عند قيامهم بوظايفهم متي
طلب
ذلك منها.

الباب الثاني
العقوبات
مادة)
280
(
:

مع عدم الاخلال باية عقوبة اشد ينص عليها قانون العقوبات او اي قانون اخر،

يعاقب بالعقوبات المنصوص عليها في المواد التالية عن الجرايم المشار اليه
ا فيها.
الجر یدة الرسمیة–
العدد
81) تابع (ف 3ي
مایو سنة
5202

701
مادة)
281
(
:

يعاقب كل من يخالف احكام المادتين)4،
5(
من هذا القانون بغرامة لا تقل
عن خمسة الاف جنيه ولا تزيد علي خمسين الف جنيه،
وتتعدد الغرامة بتعدد
العمال الذين وقعت في شانهم الجريمة، وتضاعف الغرامة ف ي
حالة العود.

مادة)
282
(
:

عاقب كل من يخاي لف احكام المادتين)
82
/
البندين1
و2
(
،
)
273
/
فقرة رابعة(
من هذا القانون، والقرارات الوزارية المنفذة لها،
بغرامة لا تقل عن الف جنيه ولا
تزيد علي عشرة الاف جنيه، وتتعدد الغرامة بتعدد العمال الذين وقعت في شانهم
، الجريمة
وتضاعف الغرامة ف ي
حالة العود.

كما يعاق ب بذات العقوبة المشار اليها في الفقرة الاولي من هذه المادة،

كل من يخالف احكام المادة)12/
بند1
( من هذا القانون.

مادة)
283
(
:

عاقب كل من يخالف احكام الموادي)
37
فقرة اولي، 84/
فقرة اولي،
351(

من هذا القانون والقرارات الوزارية المنفذة لها،
بغرامة لا تقل عن الفي جنيه
ولا تزيد علي عشرة الاف جنيه، وتضاعف الغرامة ف ي
حالة العود.

كما يعاقب بذات العقوبة المشار اليها بالفقرة الاولي من هذه المادة، كل من
يخالف",126454
labor_14_2025,قانون العمل,14,2025,137,مادة 137,penalty,False,,106,110,"من هذا القانون.

مادة)482: (

عاقب كل من يخالف احكام المادةي)62(
من هذا القانون والقرارات ا لوزارية
المنفذة لها بغرامة لا تقل عن الف جنيه ولا تزيد علي عشرة الاف جنيه،

وتتعدد الغرامة بتعدد العمال الذين وقعت في شانهم الجريمة،
وتضاعف الغرامة
ف ي
حالة العود.

مادة)582: (

عاقب كل من يخالف احكام المادةي)32(
من هذا القانون والقرارات الوزارية المنفذة
ل ها، بغرامة لا تقل عن عشرين الف جنيه ولا تزيد علي ماية الف جنيه، وللمحكمة عند
الحكم بالادانة ان تقضي باغلاق المنشاة، وتضاعف الغرامة في حالة
العود.
الجر یدة الرسمیة–
العدد
81) تابع (ف 3ي
مایو سنة
5202

801
مادة)682: (

عاقب كل من يخالف احكام المادة السابعة من مواد اصدار هذا القانون والموادي
)42،
52،
63،
64،
15،
25،
86(
من هذا القانون،
والقرارات الوزارية
المنفذة لها،
بغرامة لا تقل عن الف جنيه ولا تزيد علي عشرين الف جنيه،

وتتعدد الغرامة بتعدد العمال الذين وقعت في شانهم الجريمة،
وتضاعف الغرامة
ف ي
حالة العود.

كما يعاقب بذات العقوبة المشار اليها بالفقرة الا ولي من هذه المادة،
كل من
يخالف احكام المواد)
38
،

122
،

175( من هذا القانون.

مادة)
287
(
:

عاقب كل من يخالف احكام الموادي)54،

104،

108
(
من هذا القانون،

بغرامة لا تقل عن الفي جنيه ولا تزيد علي عشرين الف جنيه،
وتتعدد الغرامة بتعدد
العمال الذين وقعت في شان
هم الجريمة، وتضاعف الغرامة ف ي
حالة العود.

مادة)
288
(
:

عاقب كل من يخالف احكام الموادي)
27
،
53
،
06،

117
،

118
،

119
،

123
،

142،

132
،
531/
فقرة ثانية،
452/
فقرة اولي(
من هذا القانون
والقرارات الوزارية المنفذة لها،
بغرامة
لا تقل عن خمسماية جنيه ولا ت زيد علي
خمسة الاف جنيه،
وتتعدد الغرامة بتعدد العمال الذين وقعت ف ي شانهم الجريمة،

وتضاعف الغرامة ف ي
حالة العود.

كما يعاقب بذات العقوبة المشار اليها بالفقرة الاولي من هذه المادة،

كل من يخالف احكام المواد)
12
،

29
،
45،
55،
65،
57
،
58
،
59
،

89
،

90
،
91
،
92
،
93
، 49،
110
،
111
، 211، 311، 411، 511، 611،
120
،

121
،

125،

126،

128
،

129
،

131
،

138
/ فقرة ثانية،
651،

951،
261، 461، 371(
من
هذا القانون.
الجر یدة الرسمیة–
العدد
81) تابع (ف 3ي
مایو سنة
5202

901
مادة)
289
(
:

عاقب صاحب العمل او من يمثله عن المنشاة اذا خالف اي من احكام الموادي)36،

46،
66(
من هذا القانون والقرارات الوزارية المنفذة لها،
بغرامة لا تقل عن الفي جنيه
ولا تزيد علي عشرة الاف جنيه،
وفي كل الاحوال تتعدد الغرامة بتعدد العمال الذين
وقعت ف ي شانهم الجريمة،
وفي حالة العود تضاعف الغرامة ويحكم بغلق المنشاة لمدة لا
تجاوز الستة اشهر.
عاقب بذات العقوبة المشار اليها بالفقرة الاولي من هذه المادة، كل من يخالفكما ي
احكام المادتين)26،
56( من هذا القانون.

مادة)
290
(
:

عاقب كل من يخالف احكام المادتيني)
33
،

37
(
من هذا القانون والقرارات
الوزارية المنفذة لها،
بغرامة لا تقل عن خمسماية جنيه و لا تزيد علي الف جنيه،

وتتعدد الغرامة بتعدد العمال الذين وقعت في شانهم الجريمة،
وتضاعف الغرامة
ف ي
حالة العود.

كما يعاقب بذات العقوبة المشار اليها بالفقرة الاولي من هذه المادة، كل من يخالف
احكام المادتين)53،
502( من هذا القانون.

مادة)
291
(
:

عاقب بالحي بس وبغرامة لا تقل عن عشرين الف جنيه ولا تزيد علي ماية الف
جنيه، او باحدي هاتين العقوبتين، كل من ارتكب احدي الجرايم الاتية:

1-

مزاولة عمليات الحاق العمالة للعمل داخل البلاد او خارجها من غير الجهات
المحددة في المادة)04(
من هذا القانون دون الحصول علي الترخي ص المنصوص
عليه ف ي المادة)14(
من هذا القانون،
او بترخيص صادر بناء علي بيانات
غير صحيحة.

2
-
تقاضي مبالغ دون وجه حق من اجر العامل او من مستحقاته عن عمله
ف ي
الداخل،
او الخارج.
الجر یدة الرسمیة–
العدد
81) تابع (ف 3ي
مایو سنة
5202

011
3-
تقديم بيانات غير صحيحة عن اتفاقيات او عقود الحاق للعمل بالخارج،

او اجورهم او
شروط وظروف عملهم، او عقود عمل وهمية بالمخالفة للواقع.

وفي جميع الاحوال،
حكم برد المبالغ التي تم تقاضيها او الحصول عليها دون ي
وجه حق،
وللمحكمة ان تقضي في حالات الادانة باغلاق المنشاة،
ويكون الاغلاق
وجوبي
ا
في حالة الادانة باحدي الجرايم المشار اليها في
البند )1( من هذه المادة.

مادة)
292
(
:

عاقب كل من يخالف احكام المادةي)24(
من هذا القانون،
والقرارات الوزارية
المنفذة لها،
بغرامة لا تقل عن خمسة الاف جنيه ولا تزيد علي ماية الف جنيه،

وتتعدد الغرامة بتعدد العمال الذين وقعت في شانهم الجريمة،
وتضاعف الغرامة
ف ي
حالة العود.

مادة)
293
(
:

عاقب كل من يخالف احكام الموادي)
70
،

71
،

72
،
47(
من هذا القانون،

والقرارات الوزارية المنفذة لها،
بغرامة لا تقل عن عشرين الف جنيه ولا تزيد
علي ماية الف جنيه،
وتتعدد الغرامة بتعدد العمال الذين وقعت في شانهم الجريمة،

وتضاعف
الغرامة ف ي
حالة العود.

مادة)492: (

عاقب كل من يخالف احكام الموادي)041، 141، 241، 341، 441، 541،

151
/
فقرة ثانية،

152
،

198
( من هذا القانون،
بغرامة لا تقل عن الف جنيه
ولا تزيد علي عشرين الف جنيه، وتضاعف الغرامة ف ي
حالة العود.

مادة)592: (

عاقبي كل من يخالف احكام المواد)
236،

237
،

239
(
من هذا القانون
والقرارات الوزارية المنفذة لها،
بغرامة لا تقل عن ثلاثة الاف جنيه ولا تزيد
، علي عشرة الاف جنيه، وتتعدد الغرامة بتعدد العمال الذين وقعت في شانهم الجريمة
وتضاعف الغرامة ف ي
حالة العود.
الجر یدة الرسمیة–
العدد
81) تابع (ف 3ي
مایو سنة
5202

111
كما يعاقب بذات العقوبة المشار اليها بالفقرة الاولي من هذه المادة،

كل من يخالف احكام المواد)
196،

170
،

172
،

238
،
420
،
142/
فقرة ثالثة(
من هذا القانون.

مادة)692: (

عاقب كل من يخالف احكام الموادي)542، 452، 552، 952، 062، 162،

262،
662،

270
،

271
،

272
(
من هذا ا
لقانون،
والقرارات الوزارية المنفذة لها
بغرامة لا تقل عن خمسة الاف جنيه ولا تجاوز ماية الف جنيه،
وتضاعف الغرامة ف ي
حالة العود.

كما يعاقب بذات العقوبة المشار اليها بالفقرة الاولي من هذه المادة كل من يخالف
احكام المواد)642،
742،
842،
942،
052،
152،
252،
352،
762،

862،
962( من هذا القانون.

مادة)
297
(
:

عاقب صاحب العمل او من يمثله عن المنشاة اذا خالف احكام المادتيني)
277
،

278
(
من هذا القانون،
بغرامة لا تقل عن خمسة الاف جنيه ولا تجاوز عشرين الف
جنيه، وتضاعف الغرامة ف ي
حالة العود.

مادة)
298
(
:

عاي قب المسيول عن الادارة الفعلية للشخص الاعتباري بالعقوبة ذاتها المقررة
عن الافعال الت ي ترتكب بالمخالفة لاحكام هذا القانون اذا ثبت علمه بها وكان اخلاله
بالواجبات الت ي تفرضها عليه تلك الادارة قد اسهم ف ي وقوع الجريمة.

ويكون الشخص الاعتباري مسيو
لا ً بالتضامن عن الوفاء بما يحكم به من عقوبات
مالية وتعويضات.",5773
